loaded_date,gold,kr_usd_exchange,wti_oil,dxy_proxy,vix,kospi200,sp500,kr_cpi
2005-01-03,428.7,1038.0,42.16,,14.08,115.36,1202.08,73.59
2005-01-04,428.5,1038.0,43.96,,13.98,114.77,1188.05,73.59
2005-01-05,426.6,1046.3,43.41,,14.09,114.65,1183.74,73.59
2005-01-06,421.0,1058.0,45.51,,13.58,112.94,1187.89,73.59
2005-01-07,418.9,1051.0,45.32,,13.49,112.71,1186.19,73.59
2005-01-08,,,,,,,,73.59
2005-01-09,,,,,,,,73.59
2005-01-10,419.1,1053.0,45.31,,13.23,113.27,1190.25,73.59
2005-01-11,421.9,1045.0,45.66,,13.19,114.66,1182.99,73.59
2005-01-12,426.1,1042.0,46.46,,12.56,114.09,1187.7,73.59
2005-01-13,424.5,1036.0,48.11,,12.84,115.01,1177.45,73.59
2005-01-14,422.7,1043.0,48.41,,12.43,117.82,1184.52,73.59
2005-01-15,,,,,,,,73.59
2005-01-16,,,,,,,,73.59
2005-01-17,,,,,,119.91,,73.59
2005-01-18,423.2,1035.8,48.46,,12.47,119.5,1195.98,73.59
2005-01-19,423.0,1031.0,47.61,,13.18,118.9,1184.63,73.59
2005-01-20,422.4,1031.85,47.01,,13.83,118.02,1175.41,73.59
2005-01-21,426.7,1037.85,48.31,,14.36,119.4,1167.87,73.59
2005-01-22,,,,,,,,73.59
2005-01-23,,,,,,,,73.59
2005-01-24,426.9,1031.85,48.61,,14.65,119.83,1163.75,73.59
2005-01-25,422.0,1030.85,49.43,,14.06,118.91,1168.41,73.59
2005-01-26,426.9,1031.45,48.8,,13.44,120.51,1174.07,73.59
2005-01-27,426.3,1027.85,48.8,,13.24,120.16,1174.55,73.59
2005-01-28,425.8,1024.0,47.15,,13.24,119.65,1171.36,73.59
2005-01-29,,,,,,,,73.59
2005-01-30,,,,,,,,73.59
2005-01-31,421.8,1026.85,48.25,,12.82,121.06,1181.27,73.59
2005-02-01,420.8,1027.35,47.1,,12.03,120.0,1189.41,73.89
2005-02-02,421.1,1027.8,46.65,,11.66,119.74,1193.19,73.89
2005-02-03,416.6,1024.85,46.4,,11.79,120.64,1189.89,73.89
2005-02-04,414.0,1027.0,46.45,,11.21,121.3,1203.03,73.89
2005-02-05,,,,,,,,73.89
2005-02-06,,,,,,,,73.89
2005-02-07,413.6,1029.0,45.35,,11.73,123.2,1201.72,73.89
2005-02-08,412.6,1036.0,45.4,,11.6,,1202.3,73.89
2005-02-09,412.9,1039.0,45.45,,12.0,,1191.99,73.89
2005-02-10,417.2,1044.0,47.05,,11.51,,1197.01,73.89
2005-02-11,420.5,1033.0,47.15,,11.43,122.84,1205.3,73.89
2005-02-12,,,,,,,,73.89
2005-02-13,,,,,,,,73.89
2005-02-14,425.8,1024.85,47.5,,11.52,124.94,1206.14,73.89
2005-02-15,425.9,1026.55,47.3,,11.27,125.48,1210.12,73.89
2005-02-16,425.5,1027.0,48.35,,11.1,125.85,1210.34,73.89
2005-02-17,427.3,1025.45,47.5,,11.77,125.93,1200.75,73.89
2005-02-18,427.1,1024.0,48.45,,11.18,127.43,1201.59,73.89
2005-02-19,,,,,,,,73.89
2005-02-20,,,,,,,,73.89
2005-02-21,,,,,,128.09,,73.89
2005-02-22,434.5,1004.85,51.0,,13.14,126.74,1184.16,73.89
2005-02-23,434.9,1002.85,51.73,,12.39,125.53,1190.8,73.89
2005-02-24,434.5,1006.85,52.05,,11.57,127.81,1200.2,73.89
2005-02-25,434.9,1007.85,52.2,,11.49,129.13,1211.37,73.89
2005-02-26,,,,,,,,73.89
2005-02-27,,,,,,,,73.89
2005-02-28,436.5,1000.85,51.75,,12.08,130.85,1203.6,73.89
2005-03-01,432.9,1003.85,51.67,,12.04,,1210.41,74.34
2005-03-02,432.8,1006.85,53.0,,12.5,130.14,1210.08,74.34
2005-03-03,429.9,1005.85,53.6,,12.93,130.61,1210.47,74.34
2005-03-04,434.2,1008.0,53.7,,11.94,130.61,1222.12,74.34
2005-03-05,,,,,,,,74.34
2005-03-06,,,,,,,,74.34
2005-03-07,435.0,1004.45,53.9,,12.26,130.11,1225.31,74.34
2005-03-08,440.3,1004.05,54.55,,12.4,129.21,1219.43,74.34
2005-03-09,442.1,1000.95,54.75,,12.7,130.26,1207.01,74.34
2005-03-10,442.8,1000.05,53.52,,12.49,128.76,1209.25,74.34
2005-03-11,446.2,997.5,54.4,,12.8,131.97,1200.08,74.34
2005-03-12,,,,,,,,74.34
2005-03-13,,,,,,,,74.34
2005-03-14,441.1,1000.55,54.9,,12.39,131.47,1206.83,74.34
2005-03-15,440.9,1003.65,55.05,,13.15,127.95,1197.75,74.34
2005-03-16,443.7,1003.55,56.5,,13.49,128.17,1188.07,74.34
2005-03-17,438.7,1000.7,56.4,,13.29,126.68,1190.21,74.34
2005-03-18,439.3,1004.85,56.8,,13.14,126.82,1189.65,74.34
2005-03-19,,,,,,,,74.34
2005-03-20,,,,,,,,74.34
2005-03-21,431.1,1009.0,56.7,,13.61,126.84,1183.78,74.34
2005-03-22,431.3,1009.35,55.95,,14.27,126.87,1171.71,74.34
2005-03-23,425.2,1008.0,49.43,,14.06,125.16,1172.53,74.34
2005-03-24,424.7,1013.35,49.7,,13.42,123.8,1171.42,74.34
2005-03-25,,1014.2,,,,125.07,,74.34
2005-03-26,,,,,,,,74.34
2005-03-27,,,,,,,,74.34
2005-03-28,425.9,1017.85,54.06,,13.75,126.72,1174.28,74.34
2005-03-29,426.0,1023.85,54.26,,14.49,124.13,1165.36,74.34
2005-03-30,,1023.0,53.96,,13.64,123.49,1181.41,74.34
2005-03-31,428.7,1015.4,55.31,,14.02,124.78,1180.59,74.34
2005-04-01,425.9,1012.0,57.26,,14.09,126.88,1172.92,74.41
2005-04-02,,,,,,,,74.41
2005-04-03,,,,,,,,74.41
2005-04-04,423.9,1013.0,56.86,,14.11,127.22,1176.12,74.41
2005-04-05,424.5,1017.0,55.83,,13.68,,1181.39,74.41
2005-04-06,427.1,1013.0,55.88,,13.15,127.85,1184.07,74.41
2005-04-07,426.5,1012.0,54.16,,12.33,127.92,1191.14,74.41
2005-04-08,426.9,1015.0,53.46,,12.62,128.44,1181.2,74.41
2005-04-09,,,,,,,,74.41
2005-04-10,,,,,,,,74.41
2005-04-11,428.6,1015.0,53.71,,11.98,127.59,1181.21,74.41
2005-04-12,427.6,1016.0,51.54,,11.3,127.24,1187.76,74.41
2005-04-13,429.3,1011.0,50.21,,13.31,127.28,1173.79,74.41
2005-04-14,424.0,1019.0,51.11,,14.53,123.29,1162.05,74.41
2005-04-15,424.9,1018.0,50.61,,17.74,122.41,1142.62,74.41
2005-04-16,,,,,,,,74.41
2005-04-17,,,,,,,,74.41
2005-04-18,427.5,1017.0,50.52,,16.56,119.76,1145.98,74.41
2005-04-19,432.9,1013.0,52.33,,14.96,120.5,1152.78,74.41
2005-04-20,435.3,1009.0,52.45,,16.92,121.05,1137.5,74.41
2005-04-21,433.0,1008.0,52.49,,14.41,121.31,1159.95,74.41
2005-04-22,434.3,1004.0,54.16,,15.38,121.36,1152.12,74.41
2005-04-23,,,,,,,,74.41
2005-04-24,,,,,,,,74.41
2005-04-25,434.6,999.0,53.16,,14.62,122.08,1162.1,74.41
2005-04-26,437.9,998.7,54.33,,14.91,121.92,1151.83,74.41
2005-04-27,433.0,1002.7,51.37,,14.87,119.96,1156.38,74.41
2005-04-28,,1002.0,51.92,,16.86,118.36,1143.22,74.41
2005-04-29,435.0,997.0,49.2,,15.31,117.58,1156.85,74.41
2005-04-30,,,,,,,,74.41
2005-05-01,,,,,,,,74.34
2005-05-02,429.5,1001.0,50.94,,15.12,118.46,1162.16,74.34
2005-05-03,426.7,1002.0,49.6,,14.53,117.89,1161.17,74.34
2005-05-04,429.0,997.5,50.22,,13.85,119.95,1175.65,74.34
2005-05-05,429.8,999.6,51.12,,13.98,,1172.63,74.34
2005-05-06,426.1,999.0,51.3,,14.05,121.26,1171.35,74.34
2005-05-07,,,,,,,,74.34
2005-05-08,,,,,,,,74.34
2005-05-09,426.2,1001.0,52.04,,13.75,120.48,1178.84,74.34
2005-05-10,427.2,999.01,51.76,,14.91,120.4,1166.22,74.34
2005-05-11,427.2,997.0,50.39,,14.45,119.02,1171.11,74.34
2005-05-12,421.6,999.5,48.83,,16.12,118.69,1159.36,74.34
2005-05-13,420.2,1000.0,48.65,,16.32,118.87,1154.05,74.34
2005-05-14,,,,,,,,74.34
2005-05-15,,,,,,,,74.34
2005-05-16,418.9,1009.0,48.64,,15.68,119.65,1165.69,74.34
2005-05-17,419.4,1004.0,48.97,,14.57,119.51,1173.8,74.34
2005-05-18,421.5,1003.0,46.99,,13.63,120.08,1185.56,74.34
2005-05-19,420.5,1006.0,47.0,,13.32,123.04,1191.08,74.34
2005-05-20,417.4,1007.0,47.25,,13.14,123.02,1189.28,74.34
2005-05-21,,,,,,,,74.34
2005-05-22,,,,,,,,74.34
2005-05-23,416.6,1004.0,48.68,,12.95,122.87,1193.86,74.34
2005-05-24,417.5,1003.0,49.14,,12.69,122.91,1194.07,74.34
2005-05-25,418.8,1000.0,50.37,,12.58,121.37,1190.01,74.34
2005-05-26,418.0,1002.0,50.89,,12.24,121.7,1197.62,74.34
2005-05-27,419.8,1000.0,51.65,,12.15,123.89,1198.78,74.34
2005-05-28,,,,,,,,74.34
2005-05-29,,,,,,,,74.34
2005-05-30,,,,,,124.64,,74.34
2005-05-31,416.3,1005.0,52.08,,13.29,124.84,1191.5,74.34
2005-06-01,415.3,1010.0,54.4,,12.36,124.9,1202.22,74.11
2005-06-02,422.7,1013.0,53.46,,11.84,125.04,1204.29,74.11
2005-06-03,423.7,1006.0,55.08,,12.15,125.7,1196.02,74.11
2005-06-04,,,,,,,,74.11
2005-06-05,,,,,,,,74.11
2005-06-06,426.5,1003.0,54.46,,12.28,,1197.51,74.11
2005-06-07,424.8,1004.7,53.84,,12.39,124.79,1197.26,74.11
2005-06-08,424.7,1005.6,52.51,,12.7,125.62,1194.67,74.11
2005-06-09,424.2,1005.0,54.36,,12.08,127.22,1200.93,74.11
2005-06-10,427.4,1006.72,53.55,,11.96,127.68,1198.11,74.11
2005-06-11,,,,,,,,74.11
2005-06-12,,,,,,,,74.11
2005-06-13,429.3,1016.0,55.47,,11.65,127.65,1200.82,74.11
2005-06-14,427.5,1014.5,55.03,,11.79,126.9,1203.91,74.11
2005-06-15,429.1,1014.0,55.53,,11.46,129.27,1206.58,74.11
2005-06-16,436.2,1012.9,56.48,,11.15,129.27,1210.96,74.11
2005-06-17,438.3,1008.1,58.4,,11.48,129.33,1216.96,74.11
2005-06-18,,,,,,,,74.11
2005-06-19,,,,,,,,74.11
2005-06-20,438.4,1011.9,59.19,,11.47,128.17,1216.1,74.11
2005-06-21,438.9,1008.0,58.9,,11.08,127.66,1213.61,74.11
2005-06-22,438.1,1009.2,58.27,,11.05,129.24,1213.88,74.11
2005-06-23,441.7,1010.5,59.23,,12.13,130.39,1200.73,74.11
2005-06-24,440.5,1013.5,59.63,,12.18,129.08,1191.57,74.11
2005-06-25,,,,,,,,74.11
2005-06-26,,,,,,,,74.11
2005-06-27,440.3,1013.5,59.78,,12.52,127.45,1190.69,74.11
2005-06-28,436.4,1023.5,58.32,,11.58,127.92,1201.57,74.11
2005-06-29,,1030.0,57.23,,11.77,128.41,1199.85,74.11
2005-06-30,435.9,1034.5,56.63,,12.04,129.43,1191.33,74.11
2005-07-01,427.8,1033.0,59.11,,11.4,130.59,1194.44,74.41
2005-07-02,,,,,,,,74.41
2005-07-03,,,,,,,,74.41
2005-07-04,,,,,,130.95,,74.41
2005-07-05,422.9,1050.0,59.71,,11.68,130.54,1204.99,74.41
2005-07-06,423.5,1048.0,61.24,,12.27,130.65,1194.94,74.41
2005-07-07,423.3,1051.0,60.76,,12.49,131.72,1197.87,74.41
2005-07-08,422.9,1054.0,59.71,,11.45,131.28,1211.86,74.41
2005-07-09,,,,,,,,74.41
2005-07-10,,,,,,,,74.41
2005-07-11,425.5,1040.5,59.23,,11.28,133.88,1219.44,74.41
2005-07-12,426.3,1035.0,60.49,,10.95,134.26,1222.21,74.41
2005-07-13,423.9,1040.0,60.0,,10.84,135.25,1223.29,74.41
2005-07-14,419.6,1032.0,57.83,,10.81,136.98,1226.5,74.41
2005-07-15,420.7,1038.0,58.36,,10.33,136.48,1227.92,74.41
2005-07-16,,,,,,,,74.41
2005-07-17,,,,,,,,74.41
2005-07-18,420.5,1032.5,57.12,,10.77,136.78,1221.13,74.41
2005-07-19,419.7,1043.5,57.61,,10.45,138.66,1229.35,74.41
2005-07-20,421.7,1043.5,56.73,,10.23,138.57,1235.2,74.41
2005-07-21,425.4,1035.0,57.31,,10.97,138.62,1227.04,74.41
2005-07-22,424.7,1018.5,57.75,,10.52,138.37,1233.68,74.41
2005-07-23,,,,,,,,74.41
2005-07-24,,,,,,,,74.41
2005-07-25,425.7,1024.0,58.16,,11.1,140.55,1229.03,74.41
2005-07-26,423.4,1029.5,59.05,,10.99,140.53,1231.16,74.41
2005-07-27,424.7,1029.0,59.12,,10.36,140.73,1236.79,74.41
2005-07-28,427.3,1027.7,59.91,,10.52,142.38,1243.72,74.41
2005-07-29,429.9,1026.5,60.71,,11.57,143.32,1234.18,74.41
2005-07-30,,,,,,,,74.41
2005-07-31,,,,,,,,74.41
2005-08-01,431.9,1024.5,61.51,,12.08,143.96,1235.35,74.64
2005-08-02,431.9,1019.5,61.87,,11.75,144.3,1244.12,74.64
2005-08-03,436.9,1016.0,60.76,,11.83,144.21,1245.04,74.64
2005-08-04,437.9,1013.5,61.6,,12.52,143.52,1235.86,74.64
2005-08-05,437.2,1016.0,62.44,,12.48,140.7,1226.42,74.64
2005-08-06,,,,,,,,74.64
2005-08-07,,,,,,,,74.64
2005-08-08,434.7,1016.0,63.92,,13.21,140.49,1223.13,74.64
2005-08-09,434.2,1014.0,63.13,,12.4,142.11,1231.38,74.64
2005-08-10,436.5,1011.6,64.8,,12.38,142.7,1229.13,74.64
2005-08-11,445.5,1013.1,65.67,,12.42,145.35,1237.81,74.64
2005-08-12,445.9,1014.1,66.71,,12.74,146.04,1230.39,74.64
2005-08-13,,,,,,,,74.64
2005-08-14,,,,,,,,74.64
2005-08-15,442.2,1015.0,66.21,,12.26,,1233.87,74.64
2005-08-16,446.1,1016.4,66.11,,13.52,144.3,1219.34,74.64
2005-08-17,439.9,1017.1,63.29,,13.3,143.87,1220.24,74.64
2005-08-18,439.5,1022.1,63.47,,13.42,141.16,1219.02,74.64
2005-08-19,437.2,1028.15,65.51,,13.42,140.68,1219.71,74.64
2005-08-20,,,,,,,,74.64
2005-08-21,,,,,,,,74.64
2005-08-22,438.1,1021.15,65.46,,13.42,144.4,1221.73,74.64
2005-08-23,439.4,1028.0,65.81,,13.34,144.27,1217.59,74.64
2005-08-24,437.3,1029.15,67.1,,14.17,141.27,1209.59,74.64
2005-08-25,438.4,1026.4,67.29,,13.73,141.75,1212.37,74.64
2005-08-26,437.4,1028.7,66.05,,13.72,140.36,1205.1,74.64
2005-08-27,,,,,,,,74.64
2005-08-28,,,,,,,,74.64
2005-08-29,437.0,1030.0,67.41,,13.52,137.42,1212.28,74.64
2005-08-30,431.2,1039.2,69.91,,13.65,138.68,1208.41,74.64
2005-08-31,433.8,1039.0,68.63,,12.6,140.09,1220.33,74.64
2005-09-01,442.3,1030.75,69.5,,13.15,143.13,1221.59,75.01
2005-09-02,444.2,1024.75,66.91,,13.57,144.3,1218.02,75.01
2005-09-03,,,,,,,,75.01
2005-09-04,,,,,,,,75.01
2005-09-05,,,,,,144.06,,75.01
2005-09-06,444.4,1024.4,65.83,,12.93,145.21,1233.39,75.01
2005-09-07,444.9,1026.4,64.38,,12.52,147.95,1236.36,75.01
2005-09-08,446.7,1026.8,64.8,,12.93,148.41,1231.67,75.01
2005-09-09,449.0,1024.3,64.21,,11.98,149.34,1241.48,75.01
2005-09-10,,,,,,,,75.01
2005-09-11,,,,,,,,75.01
2005-09-12,449.7,1026.0,63.29,,11.65,150.13,1240.56,75.01
2005-09-13,446.1,1025.65,63.18,,12.39,150.29,1231.2,75.01
2005-09-14,449.8,1025.41,65.2,,12.91,152.03,1227.16,75.01
2005-09-15,455.5,1025.05,64.64,,12.49,151.99,1227.73,75.01
2005-09-16,459.5,1029.8,62.91,,11.22,152.55,1237.91,75.01
2005-09-17,,,,,,,,75.01
2005-09-18,,,,,,,,75.01
2005-09-19,466.7,1027.3,67.21,,12.14,,1231.02,75.01
2005-09-20,466.2,1030.25,66.24,,12.64,154.69,1221.34,75.01
2005-09-21,468.9,1027.7,66.96,,13.79,155.34,1210.2,75.01
2005-09-22,466.6,1027.7,67.07,,13.33,155.71,1214.62,75.01
2005-09-23,463.5,1035.25,64.67,,12.96,152.39,1215.29,75.01
2005-09-24,,,,,,,,75.01
2005-09-25,,,,,,,,75.01
2005-09-26,465.9,1033.2,65.98,,13.04,156.39,1215.63,75.01
2005-09-27,462.6,1035.0,64.94,,12.76,156.52,1215.66,75.01
2005-09-28,469.7,1039.2,66.36,,12.63,158.88,1216.89,75.01
2005-09-29,472.2,1039.4,66.83,,12.24,159.06,1227.68,75.01
2005-09-30,469.0,1042.4,66.21,,11.92,157.55,1228.81,75.01
2005-10-01,,,,,,,,74.86
2005-10-02,,,,,,,,74.86
2005-10-03,466.1,1043.4,65.36,,12.46,,1226.7,74.86
2005-10-04,466.1,1042.75,63.74,,13.2,160.43,1214.47,74.86
2005-10-05,466.1,1039.7,62.56,,14.55,158.1,1196.39,74.86
2005-10-06,471.9,1039.2,61.81,,14.96,154.65,1191.49,74.86
2005-10-07,474.7,1037.3,61.81,,14.59,154.4,1195.9,74.86
2005-10-08,,,,,,,,74.86
2005-10-09,,,,,,,,74.86
2005-10-10,475.1,,60.71,,15.55,157.82,1187.33,74.86
2005-10-11,477.1,1040.75,63.84,,15.63,160.06,1184.87,74.86
2005-10-12,473.9,1042.25,64.13,,16.22,156.33,1177.68,74.86
2005-10-13,471.1,1049.0,63.05,,16.47,152.85,1176.84,74.86
2005-10-14,469.2,1042.2,62.61,,14.87,152.48,1186.57,74.86
2005-10-15,,,,,,,,74.86
2005-10-16,,,,,,,,74.86
2005-10-17,474.1,1048.0,64.26,,14.67,150.85,1190.1,74.86
2005-10-18,472.1,1053.0,62.94,,15.33,152.26,1178.14,74.86
2005-10-19,463.5,1052.8,62.11,,13.5,148.11,1195.76,74.86
2005-10-20,461.0,1053.8,61.04,,16.11,149.41,1177.8,74.86
2005-10-21,467.0,1059.8,61.05,,16.13,152.22,1179.59,74.86
2005-10-22,,,,,,,,74.86
2005-10-23,,,,,,,,74.86
2005-10-24,465.0,1055.9,60.63,,14.74,152.27,1199.38,74.86
2005-10-25,472.8,1047.4,62.83,,14.53,151.76,1196.54,74.86
2005-10-26,471.2,1045.0,60.85,,14.59,151.45,1191.38,74.86
2005-10-27,473.8,1039.4,61.03,,16.02,149.88,1178.9,74.86
2005-10-28,473.0,1042.4,61.3,,14.25,146.55,1198.41,74.86
2005-10-29,,,,,,,,74.86
2005-10-30,,,,,,,,74.86
2005-10-31,465.1,1043.5,59.8,,15.32,148.84,1207.01,74.86
2005-11-01,458.8,1042.4,59.85,,14.85,152.98,1202.76,74.56
2005-11-02,462.8,1039.0,59.75,,13.48,155.6,1214.76,74.56
2005-11-03,460.1,1045.0,61.7,,13.0,156.89,1219.94,74.56
2005-11-04,456.3,1049.0,60.6,,13.17,157.28,1220.14,74.56
2005-11-05,,,,,,,,74.56
2005-11-06,,,,,,,,74.56
2005-11-07,459.0,1048.15,59.4,,13.1,156.75,1222.81,74.56
2005-11-08,460.9,1046.65,59.7,,13.08,157.72,1218.59,74.56
2005-11-09,466.3,1046.4,59.65,,12.8,157.87,1220.65,74.56
2005-11-10,466.6,1046.4,57.8,,11.9,158.69,1230.96,74.56
2005-11-11,468.3,,57.45,,11.63,161.81,1234.72,74.56
2005-11-12,,,,,,,,74.56
2005-11-13,,,,,,,,74.56
2005-11-14,468.2,1037.0,57.6,,12.18,162.02,1233.76,74.56
2005-11-15,468.1,1034.9,57.05,,12.23,161.49,1229.01,74.56
2005-11-16,478.3,1037.0,57.85,,12.26,163.24,1231.21,74.56
2005-11-17,486.2,1034.4,56.2,,11.25,163.38,1242.8,74.56
2005-11-18,485.6,1035.9,56.3,,11.12,163.74,1248.27,74.56
2005-11-19,,,,,,,,74.56
2005-11-20,,,,,,,,74.56
2005-11-21,489.0,1038.1,57.75,,10.82,163.1,1254.85,74.56
2005-11-22,492.6,1045.2,58.3,,10.6,159.68,1261.23,74.56
2005-11-23,492.1,1035.4,58.35,,10.96,164.47,1265.61,74.56
2005-11-24,,,,,,165.56,,74.56
2005-11-25,,1041.4,,,10.88,165.51,1268.25,74.56
2005-11-26,,,,,,,,74.56
2005-11-27,,,,,,,,74.56
2005-11-28,498.3,1039.4,57.36,,11.84,165.52,1257.46,74.56
2005-11-29,499.1,1036.1,56.46,,11.89,163.7,1257.48,74.56
2005-11-30,494.6,1037.4,57.33,,12.06,165.95,1249.48,74.56
2005-12-01,502.5,1036.9,58.46,,11.24,166.97,1264.67,74.79
2005-12-02,503.3,1035.15,59.31,,11.01,167.56,1265.08,74.79
2005-12-03,,,,,,,,74.79
2005-12-04,,,,,,,,74.79
2005-12-05,508.9,1036.4,59.91,,11.6,168.23,1262.09,74.79
2005-12-06,510.2,1034.05,59.96,,11.52,169.24,1263.7,74.79
2005-12-07,514.3,1035.4,59.21,,12.18,170.21,1257.37,74.79
2005-12-08,519.3,1034.05,60.66,,12.21,170.13,1255.84,74.79
2005-12-09,527.0,1033.6,59.41,,11.69,169.16,1259.37,74.79
2005-12-10,,,,,,,,74.79
2005-12-11,,,,,,,,74.79
2005-12-12,528.4,1033.4,61.36,,11.47,171.35,1260.43,74.79
2005-12-13,521.0,1025.0,61.36,,11.11,171.65,1267.43,74.79
2005-12-14,506.5,1012.0,60.86,,10.48,171.15,1272.74,74.79
2005-12-15,503.9,1014.95,60.01,,10.73,171.56,1270.94,74.79
2005-12-16,503.4,1015.9,58.01,,10.68,169.45,1267.32,74.79
2005-12-17,,,,,,,,74.79
2005-12-18,,,,,,,,74.79
2005-12-19,503.6,1014.8,57.31,,11.38,171.91,1259.92,74.79
2005-12-20,494.6,1016.5,57.81,,11.19,172.05,1259.62,74.79
2005-12-21,493.0,1018.1,58.56,,10.81,173.95,1262.79,74.79
2005-12-22,502.7,1016.05,58.08,,10.29,173.89,1268.12,74.79
2005-12-23,503.0,1013.5,58.08,,10.27,175.11,1268.66,74.79
2005-12-24,,,,,,,,74.79
2005-12-25,,,,,,,,74.79
2005-12-26,,,,,,176.27,,74.79
2005-12-27,508.0,1012.2,58.16,,11.57,177.2,1256.54,74.79
2005-12-28,514.2,1013.05,59.81,,11.35,176.16,1258.17,74.79
2005-12-29,515.7,1009.0,60.26,,11.61,177.43,1254.42,74.79
2005-12-30,517.1,1010.0,61.06,,12.07,,1248.29,74.79
2005-12-31,,,,,,,,74.79
2006-01-01,,,,,,,,75.23
2006-01-02,,,,,,178.29,,75.23
2006-01-03,530.7,1002.9,63.11,,11.14,178.81,1268.8,75.23
2006-01-04,533.9,998.1,63.41,,11.37,179.91,1273.46,75.23
2006-01-05,526.3,994.2,62.81,,11.31,178.82,1273.48,75.23
2006-01-06,539.7,989.2,64.21,100.02,11.0,180.87,1285.45,75.23
2006-01-07,,,,100.02,,,,75.23
2006-01-08,,,,100.02,,,,75.23
2006-01-09,549.1,977.4,63.56,100.02,11.13,180.3,1290.15,75.23
2006-01-10,544.3,981.8,63.41,100.02,10.86,178.98,1289.69,75.23
2006-01-11,548.8,977.4,63.91,100.02,10.94,178.67,1294.18,75.23
2006-01-12,548.3,973.8,63.96,100.02,11.2,179.65,1286.06,75.23
2006-01-13,556.1,987.3,63.86,99.97,11.23,181.71,1287.61,75.23
2006-01-14,,,,99.97,,,,75.23
2006-01-15,,,,99.97,,,,75.23
2006-01-16,,,,99.97,,182.39,,75.23
2006-01-17,553.4,989.0,66.36,99.97,11.91,178.27,1282.93,75.23
2006-01-18,543.7,991.9,65.76,99.97,12.25,173.81,1277.93,75.23
2006-01-19,558.4,985.0,66.86,99.97,11.98,174.93,1285.04,75.23
2006-01-20,553.5,986.6,68.16,99.9,14.56,170.6,1261.49,75.23
2006-01-21,,,,99.9,,,,75.23
2006-01-22,,,,99.9,,,,75.23
2006-01-23,558.3,981.4,68.06,99.9,13.93,168.04,1263.82,75.23
2006-01-24,557.7,975.5,66.83,99.9,13.31,171.79,1266.86,75.23
2006-01-25,562.2,968.5,65.6,99.9,12.87,173.52,1264.68,75.23
2006-01-26,559.7,968.8,65.8,99.9,12.42,174.71,1273.83,75.23
2006-01-27,558.7,970.5,67.81,99.64,11.97,178.64,1283.72,75.23
2006-01-28,,,,99.64,,,,75.23
2006-01-29,,,,99.64,,,,75.23
2006-01-30,565.8,970.5,68.36,99.64,12.39,,1285.19,75.23
2006-01-31,570.8,958.9,67.86,99.64,12.95,180.65,1280.08,75.23
2006-02-01,569.4,962.0,66.61,99.64,12.36,178.07,1282.46,75.38
2006-02-02,572.5,971.95,64.71,99.64,13.23,177.92,1270.84,75.38
2006-02-03,567.4,969.9,65.41,100.12,12.96,172.67,1264.03,75.38
2006-02-04,,,,100.12,,,,75.38
2006-02-05,,,,100.12,,,,75.38
2006-02-06,570.2,963.0,65.11,100.12,13.04,173.66,1265.02,75.38
2006-02-07,551.0,967.3,63.01,100.12,13.59,172.39,1254.78,75.38
2006-02-08,550.1,970.3,62.51,100.12,12.83,169.44,1265.65,75.38
2006-02-09,564.5,972.2,62.66,100.12,13.12,170.93,1263.78,75.38
2006-02-10,550.2,967.6,62.01,100.32,12.87,172.68,1266.99,75.38
2006-02-11,,,,100.32,,,,75.38
2006-02-12,,,,100.32,,,,75.38
2006-02-13,539.0,976.3,61.26,100.32,13.35,170.61,1262.86,75.38
2006-02-14,545.9,969.4,59.61,100.32,12.25,171.65,1275.53,75.38
2006-02-15,539.7,973.5,57.61,100.32,12.31,168.31,1280.0,75.38
2006-02-16,546.0,974.1,58.61,100.32,11.48,169.8,1289.38,75.38
2006-02-17,551.8,972.3,59.76,100.34,12.01,172.4,1287.24,75.38
2006-02-18,,,,100.34,,,,75.38
2006-02-19,,,,100.34,,,,75.38
2006-02-20,,,,100.34,,174.28,,75.38
2006-02-21,553.9,968.4,61.21,100.34,12.41,174.04,1283.03,75.38
2006-02-22,553.9,974.1,59.03,100.34,11.88,173.26,1292.67,75.38
2006-02-23,548.4,969.1,58.03,100.34,11.87,176.18,1287.79,75.38
2006-02-24,558.8,966.3,61.46,100.26,11.46,176.96,1289.43,75.38
2006-02-25,,,,100.26,,,,75.38
2006-02-26,,,,100.26,,,,75.38
2006-02-27,554.7,968.4,61.01,100.26,11.59,178.1,1294.12,75.38
2006-02-28,561.6,970.9,61.37,100.26,12.34,177.45,1280.66,75.38
2006-03-01,563.5,970.5,62.01,100.26,11.54,,1291.24,75.83
2006-03-02,568.2,968.7,63.36,100.26,11.72,176.85,1289.14,75.83
2006-03-03,566.0,971.0,63.61,99.7,11.96,171.67,1287.23,75.83
2006-03-04,,,,99.7,,,,75.83
2006-03-05,,,,99.7,,,,75.83
2006-03-06,554.9,974.7,62.46,99.7,12.74,173.86,1278.26,75.83
2006-03-07,552.7,976.3,61.51,99.7,12.66,170.13,1275.88,75.83
2006-03-08,542.5,981.95,60.06,99.7,12.32,169.76,1278.47,75.83
2006-03-09,545.5,981.8,60.51,99.7,12.68,169.17,1272.23,75.83
2006-03-10,539.9,979.9,59.91,100.96,11.85,170.37,1281.42,75.83
2006-03-11,,,,100.96,,,,75.83
2006-03-12,,,,100.96,,,,75.83
2006-03-13,546.1,980.4,61.81,100.96,11.37,172.82,1284.13,75.83
2006-03-14,551.7,976.7,63.01,100.96,10.74,171.1,1297.48,75.83
2006-03-15,553.1,974.5,62.11,100.96,11.35,172.28,1303.02,75.83
2006-03-16,554.4,974.8,63.46,100.96,11.98,172.66,1305.33,75.83
2006-03-17,554.1,970.8,62.81,99.86,12.12,173.48,1307.25,75.83
2006-03-18,,,,99.86,,,,75.83
2006-03-19,,,,99.86,,,,75.83
2006-03-20,555.2,966.8,60.31,99.86,11.79,174.26,1305.08,75.83
2006-03-21,552.4,968.1,60.41,99.86,11.62,172.87,1297.23,75.83
2006-03-22,550.9,973.3,60.03,99.86,11.21,169.28,1305.04,75.83
2006-03-23,550.1,975.0,62.13,99.86,11.17,169.68,1301.67,75.83
2006-03-24,560.0,979.2,63.9,100.78,11.19,170.86,1302.95,75.83
2006-03-25,,,,100.78,,,,75.83
2006-03-26,,,,100.78,,,,75.83
2006-03-27,567.0,975.4,63.75,100.78,11.46,172.44,1301.61,75.83
2006-03-28,566.6,976.5,65.65,100.78,11.58,172.77,1293.23,75.83
2006-03-29,573.0,974.9,66.0,100.78,10.95,172.96,1302.89,75.83
2006-03-30,586.7,975.7,66.7,100.78,11.57,173.61,1300.25,75.83
2006-03-31,581.8,971.4,66.25,100.56,11.39,176.21,1294.87,75.83
2006-04-01,,,,100.56,,,,75.9
2006-04-02,,,,100.56,,,,75.9
2006-04-03,589.4,970.4,66.07,100.56,11.57,178.89,1297.81,75.9
2006-04-04,586.0,962.8,65.75,100.56,11.14,179.77,1305.93,75.9
2006-04-05,587.9,957.1,66.76,100.56,11.13,179.97,1311.56,75.9
2006-04-06,595.2,953.1,67.22,100.56,11.45,181.1,1309.04,75.9
2006-04-07,588.4,952.8,67.02,100.42,12.26,181.97,1295.5,75.9
2006-04-08,,,,100.42,,,,75.9
2006-04-09,,,,100.42,,,,75.9
2006-04-10,597.6,953.4,68.29,100.42,12.19,181.31,1296.62,75.9
2006-04-11,595.2,954.6,69.03,100.42,13.0,179.61,1286.57,75.9
2006-04-12,597.5,960.2,68.53,100.42,12.76,179.13,1288.12,75.9
2006-04-13,596.5,961.2,69.53,100.42,12.38,181.91,1289.12,75.9
2006-04-14,,957.9,,100.47,,185.67,,75.9
2006-04-15,,,,100.47,,,,75.9
2006-04-16,,,,100.47,,,,75.9
2006-04-17,615.4,955.4,70.3,100.47,12.58,184.3,1285.33,75.9
2006-04-18,620.0,953.4,71.28,100.47,11.4,184.9,1307.28,75.9
2006-04-19,632.6,945.2,72.07,100.47,11.32,186.34,1309.93,75.9
2006-04-20,619.8,948.1,71.96,100.47,11.64,185.86,1311.46,75.9
2006-04-21,632.2,948.0,73.73,99.43,11.59,188.2,1311.28,75.9
2006-04-22,,,,99.43,,,,75.9
2006-04-23,,,,99.43,,,,75.9
2006-04-24,620.6,939.6,70.19,99.43,11.75,185.41,1308.11,75.9
2006-04-25,631.0,944.9,67.43,99.43,11.75,185.54,1301.74,75.9
2006-04-26,638.8,946.4,71.71,99.43,11.76,188.34,1305.41,75.9
2006-04-27,633.3,944.6,70.76,99.43,11.84,188.4,1309.72,75.9
2006-04-28,651.8,942.8,71.8,98.14,11.59,184.1,1310.61,75.9
2006-04-29,,,,98.14,,,,75.9
2006-04-30,,,,98.14,,,,75.9
2006-05-01,657.5,942.7,73.75,98.14,12.54,,1305.19,76.05
2006-05-02,664.7,939.6,74.62,98.14,11.99,186.17,1313.21,76.05
2006-05-03,665.9,934.0,72.26,98.14,11.99,186.03,1308.12,76.05
2006-05-04,674.2,939.4,69.98,98.14,11.86,186.98,1312.25,76.05
2006-05-05,682.2,939.3,70.09,97.26,11.62,,1325.76,76.05
2006-05-06,,,,97.26,,,,76.05
2006-05-07,,,,97.26,,,,76.05
2006-05-08,677.8,927.4,69.75,97.26,12.0,188.79,1324.66,76.05
2006-05-09,699.4,931.6,70.71,97.26,11.99,188.51,1325.14,76.05
2006-05-10,703.7,928.8,72.15,97.26,11.78,188.62,1322.85,76.05
2006-05-11,719.8,935.2,73.0,97.26,12.49,190.2,1305.92,76.05
2006-05-12,710.3,932.77,71.87,96.88,14.19,187.27,1291.24,76.05
2006-05-13,,,,96.88,,,,76.05
2006-05-14,,,,96.88,,,,76.05
2006-05-15,683.6,943.2,69.25,96.88,13.57,183.08,1294.5,76.05
2006-05-16,691.5,944.8,69.4,96.88,13.35,179.0,1292.08,76.05
2006-05-17,690.5,936.8,68.65,96.88,16.26,181.69,1270.32,76.05
2006-05-18,679.6,946.5,69.63,96.88,16.99,177.18,1261.81,76.05
2006-05-19,656.7,946.0,68.44,97.93,17.18,177.94,1267.03,76.05
2006-05-20,,,,97.93,,,,76.05
2006-05-21,,,,97.93,,,,76.05
2006-05-22,657.0,951.5,69.23,97.93,17.72,173.6,1262.07,76.05
2006-05-23,673.0,944.6,70.78,97.93,18.26,172.78,1256.58,76.05
2006-05-24,637.0,949.2,69.47,97.93,17.36,173.36,1258.57,76.05
2006-05-25,648.4,948.7,70.92,97.93,15.5,168.33,1272.88,76.05
2006-05-26,650.9,945.3,71.35,97.9,14.26,171.83,1280.16,76.05
2006-05-27,,,,97.9,,,,76.05
2006-05-28,,,,97.9,,,,76.05
2006-05-29,,,,97.9,,172.64,,76.05
2006-05-30,653.9,945.3,71.85,97.9,18.66,171.01,1259.87,76.05
2006-05-31,642.5,945.3,71.42,97.9,16.44,,1270.09,76.05
2006-06-01,627.6,946.9,70.11,97.9,14.52,168.03,1285.71,75.9
2006-06-02,635.5,947.9,72.73,97.55,14.32,169.85,1288.22,75.9
2006-06-03,,,,97.55,,,,75.9
2006-06-04,,,,97.55,,,,75.9
2006-06-05,643.2,942.7,72.5,97.55,16.65,168.83,1265.29,75.9
2006-06-06,629.4,942.8,72.43,97.55,17.34,,1263.85,75.9
2006-06-07,627.4,948.0,70.9,97.55,17.8,164.17,1256.15,75.9
2006-06-08,609.1,953.1,70.25,97.55,18.35,158.11,1257.93,75.9
2006-06-09,608.2,954.2,71.62,98.55,18.12,159.61,1252.3,75.9
2006-06-10,,,,98.55,,,,75.9
2006-06-11,,,,98.55,,,,75.9
2006-06-12,606.8,956.6,70.28,98.55,20.96,160.05,1237.44,75.9
2006-06-13,562.5,961.4,68.48,98.55,23.81,155.43,1223.69,75.9
2006-06-14,562.3,961.8,69.12,98.55,21.46,157.7,1230.04,75.9
2006-06-15,566.5,959.3,69.78,98.55,15.9,157.36,1256.16,75.9
2006-06-16,578.0,955.2,69.75,98.91,17.25,163.05,1251.54,75.9
2006-06-17,,,,98.91,,,,75.9
2006-06-18,,,,98.91,,,,75.9
2006-06-19,568.8,960.9,69.21,98.91,17.83,161.79,1240.13,75.9
2006-06-20,576.9,956.5,69.3,98.91,16.69,158.48,1240.12,75.9
2006-06-21,587.5,955.6,70.07,98.91,15.52,158.63,1252.2,75.9
2006-06-22,582.2,955.0,70.62,98.91,15.88,160.2,1245.6,75.9
2006-06-23,584.8,955.8,70.5,99.42,15.89,158.88,1244.5,75.9
2006-06-24,,,,99.42,,,,75.9
2006-06-25,,,,99.42,,,,75.9
2006-06-26,584.8,959.2,71.63,99.42,15.62,160.18,1250.56,75.9
2006-06-27,581.6,958.6,72.05,99.42,16.4,161.36,1239.2,75.9
2006-06-28,578.3,957.5,72.15,99.42,15.79,160.18,1246.0,75.9
2006-06-29,586.5,960.4,73.5,99.42,13.03,163.3,1272.87,75.9
2006-06-30,613.5,948.5,73.94,98.25,13.08,167.45,1270.2,75.9
2006-07-01,,,,98.25,,,,76.2
2006-07-02,,,,98.25,,,,76.2
2006-07-03,,944.5,,98.25,13.05,167.33,1280.19,76.2
2006-07-04,,,,98.25,,166.15,,76.2
2006-07-05,627.3,946.6,75.2,98.25,14.15,165.51,1270.91,76.2
2006-07-06,634.1,949.2,75.0,98.25,13.65,163.47,1274.08,76.2
2006-07-07,632.8,947.6,73.76,97.75,13.97,164.7,1265.48,76.2
2006-07-08,,,,97.75,,,,76.2
2006-07-09,,,,97.75,,,,76.2
2006-07-10,624.1,941.6,73.5,97.75,14.02,168.27,1267.34,76.2
2006-07-11,641.2,946.6,74.05,97.75,13.14,168.45,1272.43,76.2
2006-07-12,649.4,948.5,74.99,97.75,14.49,167.93,1258.6,76.2
2006-07-13,652.9,949.0,76.7,97.75,17.79,166.35,1242.28,76.2
2006-07-14,666.6,953.7,76.8,98.68,18.05,162.33,1236.2,76.2
2006-07-15,,,,98.68,,,,76.2
2006-07-16,,,,98.68,,,,76.2
2006-07-17,650.6,953.5,75.7,98.68,18.64,,1234.49,76.2
2006-07-18,628.3,958.3,73.87,98.68,17.74,159.69,1236.86,76.2
2006-07-19,641.6,957.6,72.79,98.68,15.55,159.76,1259.81,76.2
2006-07-20,631.7,951.7,74.0,98.68,16.21,165.11,1249.13,76.2
2006-07-21,619.6,949.7,73.52,98.52,17.4,165.0,1240.29,76.2
2006-07-22,,,,98.52,,,,76.2
2006-07-23,,,,98.52,,,,76.2
2006-07-24,612.7,951.4,74.29,98.52,14.98,163.93,1260.91,76.2
2006-07-25,617.6,951.9,73.46,98.52,14.85,166.25,1268.88,76.2
2006-07-26,621.6,954.3,73.82,98.52,14.62,166.1,1268.4,76.2
2006-07-27,632.4,952.0,74.5,98.52,14.94,168.52,1263.2,76.2
2006-07-28,634.8,953.6,73.3,98.05,14.33,168.54,1278.55,76.2
2006-07-29,,,,98.05,,,,76.2
2006-07-30,,,,98.05,,,,76.2
2006-07-31,634.2,954.9,74.56,98.05,14.95,168.51,1276.66,76.2
2006-08-01,646.3,955.7,74.93,98.05,15.05,167.14,1270.92,76.65
2006-08-02,651.6,962.0,76.16,98.05,14.34,168.27,1277.41,76.65
2006-08-03,644.9,965.4,75.59,98.05,14.46,167.94,1280.27,76.65
2006-08-04,644.0,964.6,74.78,97.6,14.34,169.68,1279.36,76.65
2006-08-05,,,,97.6,,,,76.65
2006-08-06,,,,97.6,,,,76.65
2006-08-07,647.8,962.3,77.05,97.6,15.23,167.61,1275.77,76.65
2006-08-08,645.7,963.4,76.29,97.6,15.23,170.68,1271.48,76.65
2006-08-09,650.5,959.3,76.28,97.6,15.2,171.11,1265.95,76.65
2006-08-10,634.9,957.6,74.17,97.6,14.46,169.44,1271.81,76.65
2006-08-11,633.5,961.4,74.38,97.79,14.3,167.65,1266.74,76.65
2006-08-12,,,,97.79,,,,76.65
2006-08-13,,,,97.79,,,,76.65
2006-08-14,628.5,965.6,73.33,97.79,14.26,168.19,1268.21,76.65
2006-08-15,622.5,965.5,72.95,97.79,13.42,,1285.58,76.65
2006-08-16,628.7,964.9,71.64,97.79,12.41,171.01,1295.43,76.65
2006-08-17,615.4,960.6,70.12,97.79,12.24,172.65,1297.48,76.65
2006-08-18,612.1,958.3,70.93,97.76,11.64,173.17,1302.3,76.65
2006-08-19,,,,97.76,,,,76.65
2006-08-20,,,,97.76,,,,76.65
2006-08-21,625.7,956.4,72.45,97.76,12.22,171.96,1297.52,76.65
2006-08-22,624.6,956.1,72.55,97.76,12.19,173.81,1298.82,76.65
2006-08-23,623.7,955.4,71.45,97.76,12.4,172.33,1292.99,76.65
2006-08-24,619.5,958.9,72.02,97.76,12.4,171.08,1296.06,76.65
2006-08-25,622.0,961.8,72.13,97.88,12.31,172.92,1295.09,76.65
2006-08-26,,,,97.88,,,,76.65
2006-08-27,,,,97.88,,,,76.65
2006-08-28,615.3,963.7,70.47,97.88,12.18,172.64,1301.78,76.65
2006-08-29,610.7,960.8,69.74,97.88,12.28,174.79,1304.28,76.65
2006-08-30,617.7,961.1,70.2,97.88,12.22,174.16,1305.37,76.65
2006-08-31,625.9,961.1,70.38,97.88,12.31,175.44,1303.82,76.65
2006-09-01,624.4,960.3,69.24,97.51,11.96,175.99,1311.01,76.87
2006-09-02,,,,97.51,,,,76.87
2006-09-03,,,,97.51,,,,76.87
2006-09-04,624.4,,,97.51,,176.32,,76.87
2006-09-05,638.5,956.5,68.7,97.51,12.63,176.75,1313.25,76.87
2006-09-06,633.5,957.0,67.75,97.51,13.74,176.19,1300.26,76.87
2006-09-07,617.0,956.1,67.37,97.51,13.88,175.43,1294.02,76.87
2006-09-08,609.6,956.2,66.3,98.21,13.16,175.78,1298.92,76.87
2006-09-09,,,,98.21,,,,76.87
2006-09-10,,,,98.21,,,,76.87
2006-09-11,590.0,957.3,65.42,98.21,12.99,173.0,1299.54,76.87
2006-09-12,586.9,959.2,63.81,98.21,11.92,172.28,1313.0,76.87
2006-09-13,589.1,958.7,64.09,98.21,11.18,172.93,1318.07,76.87
2006-09-14,579.3,957.4,63.27,98.21,11.55,176.35,1316.28,76.87
2006-09-15,576.4,956.2,63.3,98.21,11.76,176.51,1319.66,76.87
2006-09-16,,,,98.21,,,,76.87
2006-09-17,,,,98.21,,,,76.87
2006-09-18,586.2,956.2,63.84,98.21,11.78,178.28,1321.18,76.87
2006-09-19,576.8,951.8,61.77,98.21,11.98,178.32,1317.64,76.87
2006-09-20,580.0,950.7,60.0,98.21,11.39,177.34,1325.18,76.87
2006-09-21,582.2,944.1,61.62,98.21,12.25,177.31,1318.03,76.87
2006-09-22,589.4,946.7,59.79,97.87,12.59,175.0,1314.78,76.87
2006-09-23,,,,97.87,,,,76.87
2006-09-24,,,,97.87,,,,76.87
2006-09-25,589.9,943.7,60.74,97.87,12.12,176.03,1326.37,76.87
2006-09-26,591.2,943.7,60.63,97.87,11.53,174.58,1336.35,76.87
2006-09-27,597.3,943.4,62.96,97.87,11.58,176.74,1336.59,76.87
2006-09-28,605.0,944.6,62.46,97.87,11.72,178.21,1338.88,76.87
2006-09-29,598.6,946.0,62.9,98.11,11.98,178.05,1335.85,76.87
2006-09-30,,,,98.11,,,,76.87
2006-10-01,,,,98.11,,,,76.5
2006-10-02,597.7,947.6,60.96,98.11,12.57,178.46,1331.32,76.5
2006-10-03,576.3,947.6,58.64,98.11,12.24,,1334.11,76.5
2006-10-04,562.0,948.9,59.53,98.11,11.86,175.48,1350.2,76.5
2006-10-05,571.0,948.9,60.02,98.11,11.98,,1353.22,76.5
2006-10-06,572.4,948.9,59.68,98.56,11.56,,1349.59,76.5
2006-10-07,,,,98.56,,,,76.5
2006-10-08,,,,98.56,,,,76.5
2006-10-09,578.4,,59.93,98.56,11.68,171.78,1350.66,76.5
2006-10-10,571.9,959.2,58.5,98.56,11.52,172.78,1353.42,76.5
2006-10-11,572.3,957.9,57.56,98.56,11.62,172.51,1349.95,76.5
2006-10-12,576.3,957.6,58.23,98.56,11.09,173.1,1362.83,76.5
2006-10-13,588.8,953.9,58.69,98.8,10.75,175.42,1365.62,76.5
2006-10-14,,,,98.8,,,,76.5
2006-10-15,,,,98.8,,,,76.5
2006-10-16,594.7,955.2,59.91,98.8,11.09,176.51,1369.06,76.5
2006-10-17,589.7,954.2,58.91,98.8,11.73,175.85,1364.05,76.5
2006-10-18,588.9,955.2,57.66,98.8,11.34,176.19,1365.8,76.5
2006-10-19,599.0,957.1,58.55,98.8,10.9,176.11,1366.96,76.5
2006-10-20,593.0,957.1,57.35,98.16,10.63,177.35,1368.6,76.5
2006-10-21,,,,98.16,,,,76.5
2006-10-22,,,,98.16,,,,76.5
2006-10-23,579.7,959.3,56.74,98.16,11.08,177.36,1377.02,76.5
2006-10-24,584.4,958.2,57.55,98.16,10.78,177.49,1377.38,76.5
2006-10-25,587.6,955.5,59.09,98.16,10.66,178.2,1382.22,76.5
2006-10-26,596.8,949.5,60.27,98.16,10.56,178.53,1389.08,76.5
2006-10-27,598.2,947.2,60.75,97.49,10.8,177.85,1377.34,76.5
2006-10-28,,,,97.49,,,,76.5
2006-10-29,,,,97.49,,,,76.5
2006-10-30,604.7,944.3,58.41,97.49,11.2,175.99,1377.93,76.5
2006-10-31,604.1,942.2,58.72,97.49,11.1,176.84,1377.94,76.5
2006-11-01,616.6,939.1,58.64,97.49,11.51,177.94,1367.81,76.13
2006-11-02,625.4,938.7,57.87,97.49,11.42,179.22,1367.34,76.13
2006-11-03,626.9,937.0,59.13,97.72,11.16,179.14,1364.3,76.13
2006-11-04,,,,97.72,,,,76.13
2006-11-05,,,,97.72,,,,76.13
2006-11-06,625.8,942.1,60.11,97.72,11.16,178.41,1379.78,76.13
2006-11-07,625.7,938.2,58.94,97.72,11.09,179.45,1382.84,76.13
2006-11-08,616.4,934.7,59.93,97.72,10.75,178.61,1385.72,76.13
2006-11-09,635.0,936.2,61.18,97.72,11.01,181.31,1378.33,76.13
2006-11-10,628.4,933.7,59.66,97.46,10.79,180.78,1380.9,76.13
2006-11-11,,,,97.46,,,,76.13
2006-11-12,,,,97.46,,,,76.13
2006-11-13,624.2,934.7,58.59,97.46,10.86,180.93,1384.42,76.13
2006-11-14,623.8,936.7,58.28,97.46,10.5,182.3,1393.22,76.13
2006-11-15,622.5,941.1,58.79,97.46,10.31,182.9,1396.57,76.13
2006-11-16,620.6,937.2,56.23,97.46,10.16,182.69,1399.76,76.13
2006-11-17,621.5,938.5,55.9,97.99,10.05,182.94,1401.2,76.13
2006-11-18,,,,97.99,,,,76.13
2006-11-19,,,,97.99,,,,76.13
2006-11-20,621.2,935.2,56.42,97.99,9.97,181.6,1400.5,76.13
2006-11-21,628.2,935.0,58.01,97.99,9.9,182.06,1402.81,76.13
2006-11-22,628.7,933.6,57.28,97.99,10.14,184.24,1406.09,76.13
2006-11-23,,,,97.99,,183.77,,76.13
2006-11-24,628.7,931.8,,97.07,10.73,183.91,1400.95,76.13
2006-11-25,,,,97.07,,,,76.13
2006-11-26,,,,97.07,,,,76.13
2006-11-27,,930.3,60.3,97.07,12.3,184.27,1381.96,76.13
2006-11-28,637.2,930.5,60.97,97.07,11.62,182.42,1386.72,76.13
2006-11-29,635.5,930.4,62.45,97.07,10.83,183.8,1399.48,76.13
2006-11-30,646.9,929.0,62.97,97.07,10.91,184.96,1400.63,76.13
2006-12-01,644.7,928.3,63.43,96.46,11.66,185.28,1396.71,76.35
2006-12-02,,,,96.46,,,,76.35
2006-12-03,,,,96.46,,,,76.35
2006-12-04,645.2,927.1,62.39,96.46,11.23,184.31,1409.12,76.35
2006-12-05,642.3,924.1,62.4,96.46,11.27,183.53,1414.76,76.35
2006-12-06,630.5,915.7,62.2,96.46,11.33,182.6,1412.9,76.35
2006-12-07,631.9,913.7,62.54,96.46,12.67,182.19,1407.29,76.35
2006-12-08,626.1,919.8,62.06,96.61,12.07,179.49,1409.84,76.35
2006-12-09,,,,96.61,,,,76.35
2006-12-10,,,,96.61,,,,76.35
2006-12-11,630.0,925.4,61.26,96.61,10.71,179.5,1413.04,76.35
2006-12-12,627.0,922.3,61.06,96.61,10.65,177.93,1411.56,76.35
2006-12-13,627.9,922.1,61.34,96.61,10.18,178.75,1413.21,76.35
2006-12-14,626.6,920.5,62.48,96.61,9.97,183.57,1425.49,76.35
2006-12-15,615.0,922.8,63.4,96.99,10.05,183.82,1427.09,76.35
2006-12-16,,,,96.99,,,,76.35
2006-12-17,,,,96.99,,,,76.35
2006-12-18,614.0,926.9,62.19,96.99,10.6,185.38,1422.48,76.35
2006-12-19,621.6,931.6,62.87,96.99,10.3,184.63,1425.55,76.35
2006-12-20,620.6,925.7,63.08,96.99,10.26,186.54,1423.53,76.35
2006-12-21,618.2,927.2,62.05,96.99,10.53,185.81,1418.3,76.35
2006-12-22,619.1,928.3,61.81,97.11,11.36,185.98,1410.76,76.35
2006-12-23,,,,97.11,,,,76.35
2006-12-24,,,,97.11,,,,76.35
2006-12-25,,,,97.11,,,,76.35
2006-12-26,623.7,929.6,61.07,97.11,11.26,185.62,1416.9,76.35
2006-12-27,627.2,929.1,60.31,97.11,10.64,184.3,1426.84,76.35
2006-12-28,634.1,929.4,60.39,97.11,10.99,185.39,1424.73,76.35
2006-12-29,635.2,930.0,60.85,97.03,11.56,,1418.3,76.35
2006-12-30,,,,97.03,,,,76.35
2006-12-31,,,,97.03,,,,76.35
2007-01-01,,,,97.03,,,,76.5
2007-01-02,635.2,925.4,60.77,97.03,,185.7,,76.5
2007-01-03,627.1,926.0,58.31,97.03,12.04,182.13,1416.6,76.5
2007-01-04,623.9,931.3,55.65,97.03,11.51,180.52,1418.34,76.5
2007-01-05,604.9,934.1,56.29,97.78,12.14,179.1,1409.71,76.5
2007-01-06,,,,97.78,,,,76.5
2007-01-07,,,,97.78,,,,76.5
2007-01-08,607.5,937.9,56.08,97.78,12.0,177.08,1412.84,76.5
2007-01-09,613.1,938.3,55.65,97.78,11.91,177.52,1412.11,76.5
2007-01-10,611.6,937.7,53.95,97.78,11.47,174.99,1414.85,76.5
2007-01-11,612.4,938.6,51.91,97.78,10.87,176.26,1423.82,76.5
2007-01-12,625.5,939.6,52.96,97.92,10.15,179.36,1430.73,76.5
2007-01-13,,,,97.92,,,,76.5
2007-01-14,,,,97.92,,,,76.5
2007-01-15,,,,97.92,,179.82,,76.5
2007-01-16,624.6,938.1,51.23,97.92,10.74,179.73,1431.9,76.5
2007-01-17,632.1,936.7,52.3,97.92,10.59,178.5,1430.62,76.5
2007-01-18,627.1,936.4,50.51,97.92,10.85,179.12,1426.37,76.5
2007-01-19,635.5,936.2,51.98,97.69,10.4,176.23,1430.5,76.5
2007-01-20,,,,97.69,,,,76.5
2007-01-21,,,,97.69,,,,76.5
2007-01-22,633.3,940.5,51.11,97.69,10.77,176.83,1422.95,76.5
2007-01-23,645.2,940.0,53.61,97.69,10.34,176.9,1427.99,76.5
2007-01-24,647.6,935.5,54.24,97.69,9.89,179.37,1440.13,76.5
2007-01-25,647.8,935.9,53.49,97.69,11.22,179.12,1423.9,76.5
2007-01-26,644.5,940.5,55.38,98.15,11.13,177.58,1422.18,76.5
2007-01-27,,,,98.15,,,,76.5
2007-01-28,,,,98.15,,,,76.5
2007-01-29,643.1,940.1,54.01,98.15,11.45,176.41,1420.62,76.5
2007-01-30,644.2,942.2,57.03,98.15,10.96,177.45,1428.82,76.5
2007-01-31,652.0,941.0,58.17,98.15,10.42,175.99,1438.24,76.5
2007-02-01,657.4,937.0,57.35,98.15,10.31,179.1,1445.94,77.02
2007-02-02,646.2,937.0,59.01,97.97,10.08,183.2,1448.39,77.02
2007-02-03,,,,97.97,,,,77.02
2007-02-04,,,,97.97,,,,77.02
2007-02-05,650.9,935.5,58.69,97.97,10.55,183.73,1446.99,77.02
2007-02-06,653.6,932.5,58.91,97.97,10.65,185.09,1448.0,77.02
2007-02-07,652.3,933.2,57.75,97.97,10.32,184.67,1450.02,77.02
2007-02-08,658.0,934.5,59.76,97.97,10.44,184.25,1448.31,77.02
2007-02-09,667.5,934.3,59.86,97.71,11.1,184.72,1438.06,77.02
2007-02-10,,,,97.71,,,,77.02
2007-02-11,,,,97.71,,,,77.02
2007-02-12,662.6,937.4,57.76,97.71,11.61,182.8,1433.37,77.02
2007-02-13,663.9,939.4,58.98,97.71,10.34,183.29,1444.26,77.02
2007-02-14,667.4,938.2,58.0,97.71,10.23,185.72,1455.3,77.02
2007-02-15,667.3,934.2,57.92,97.71,10.22,186.82,1456.81,77.02
2007-02-16,668.8,936.0,59.38,97.16,10.02,187.57,1455.54,77.02
2007-02-17,,,,97.16,,,,77.02
2007-02-18,,,,97.16,,,,77.02
2007-02-19,,,,97.16,,,,77.02
2007-02-20,657.1,938.2,58.32,97.16,10.24,188.12,1459.68,77.02
2007-02-21,680.2,938.2,59.4,97.16,10.2,187.9,1457.63,77.02
2007-02-22,679.4,938.7,60.28,97.16,10.18,189.72,1456.38,77.02
2007-02-23,683.1,937.5,60.28,97.18,10.58,190.19,1451.19,77.02
2007-02-24,,,,97.18,,,,77.02
2007-02-25,,,,97.18,,,,77.02
2007-02-26,686.5,938.5,61.41,97.18,11.15,190.12,1449.37,77.02
2007-02-27,683.9,938.5,61.46,97.18,18.31,188.15,1399.04,77.02
2007-02-28,669.4,942.3,61.78,97.18,15.42,183.2,1406.82,77.02
2007-03-01,662.3,941.4,61.97,97.18,15.82,,1403.17,77.46
2007-03-02,641.5,947.4,61.58,97.37,18.61,,1387.17,77.46
2007-03-03,,,,97.37,,,,77.46
2007-03-04,,,,97.37,,,,77.46
2007-03-05,636.7,949.1,60.05,97.37,19.63,177.69,1374.12,77.46
2007-03-06,643.8,947.6,60.66,97.37,15.96,181.23,1395.41,77.46
2007-03-07,650.6,947.1,61.85,97.37,15.24,182.36,1391.97,77.46
2007-03-08,653.4,945.6,61.63,97.37,14.29,183.94,1401.89,77.46
2007-03-09,650.0,945.1,60.06,97.46,14.09,183.87,1402.84,77.46
2007-03-10,,,,97.46,,,,77.46
2007-03-11,,,,97.46,,,,77.46
2007-03-12,648.4,943.8,58.94,97.46,13.99,186.36,1406.6,77.46
2007-03-13,647.6,944.3,58.03,97.46,18.13,185.72,1377.95,77.46
2007-03-14,640.9,946.2,58.15,97.46,17.27,181.81,1387.17,77.46
2007-03-15,645.7,944.1,57.52,97.46,16.43,184.41,1392.28,77.46
2007-03-16,652.6,944.6,57.06,97.04,16.79,184.42,1386.95,77.46
2007-03-17,,,,97.04,,,,77.46
2007-03-18,,,,97.04,,,,77.46
2007-03-19,653.1,943.6,56.65,97.04,14.59,186.31,1402.06,77.46
2007-03-20,657.9,941.3,56.41,97.04,13.27,186.34,1410.94,77.46
2007-03-21,659.0,937.7,56.98,97.04,12.19,186.24,1435.04,77.46
2007-03-22,663.4,937.9,60.21,97.04,12.93,187.15,1434.54,77.46
2007-03-23,656.7,937.2,61.07,96.57,12.95,186.89,1436.11,77.46
2007-03-24,,,,96.57,,,,77.46
2007-03-25,,,,96.57,,,,77.46
2007-03-26,663.4,937.65,61.77,96.57,13.16,187.19,1437.5,77.46
2007-03-27,662.1,940.7,62.98,96.57,13.48,187.68,1428.61,77.46
2007-03-28,666.5,939.6,64.11,96.57,14.98,185.96,1417.23,77.46
2007-03-29,661.5,940.4,66.1,96.57,15.14,187.44,1422.53,77.46
2007-03-30,663.0,941.1,65.94,96.32,14.64,187.6,1420.86,77.46
2007-03-31,,,,96.32,,,,77.46
2007-04-01,,,,96.32,,,,77.76
2007-04-02,665.7,937.0,66.03,96.32,14.53,188.56,1424.55,77.76
2007-04-03,664.0,936.4,64.59,96.32,13.46,189.12,1437.77,77.76
2007-04-04,672.1,936.1,64.4,96.32,13.24,191.77,1439.37,77.76
2007-04-05,674.2,932.1,64.26,96.32,13.23,191.41,1443.76,77.76
2007-04-06,,931.6,,96.25,,191.63,,77.76
2007-04-07,,,,96.25,,,,77.76
2007-04-08,,,,96.25,,,,77.76
2007-04-09,671.9,932.6,61.51,96.25,13.14,193.85,1444.61,77.76
2007-04-10,676.5,933.6,61.92,96.25,12.68,193.55,1448.39,77.76
2007-04-11,676.8,932.2,61.98,96.25,13.49,195.27,1438.87,77.76
2007-04-12,675.1,931.6,63.87,96.25,12.71,196.81,1447.8,77.76
2007-04-13,685.4,929.0,63.63,95.71,12.2,195.85,1452.85,77.76
2007-04-14,,,,95.71,,,,77.76
2007-04-15,,,,95.71,,,,77.76
2007-04-16,690.1,931.4,63.63,95.71,11.98,197.1,1468.33,77.76
2007-04-17,688.2,928.6,63.14,95.71,12.14,196.57,1471.48,77.76
2007-04-18,689.1,927.9,63.14,95.71,12.42,197.31,1472.5,77.76
2007-04-19,684.3,928.5,61.81,95.71,12.54,194.59,1470.73,77.76
2007-04-20,692.0,927.4,63.56,95.17,12.07,197.24,1484.35,77.76
2007-04-21,,,,95.17,,,,77.76
2007-04-22,,,,95.17,,,,77.76
2007-04-23,690.6,926.1,65.33,95.17,13.04,198.62,1480.93,77.76
2007-04-24,684.2,927.25,64.1,95.17,13.12,200.02,1480.41,77.76
2007-04-25,684.1,926.6,65.33,95.17,13.21,198.43,1495.42,77.76
2007-04-26,674.9,928.55,65.08,95.17,12.79,199.75,1494.25,77.76
2007-04-27,678.7,929.0,66.45,95.01,12.45,198.28,1494.07,77.76
2007-04-28,,,,95.01,,,,77.76
2007-04-29,,,,95.01,,,,77.76
2007-04-30,680.5,931.0,65.78,95.01,14.22,198.55,1482.37,77.76
2007-05-01,674.4,930.7,64.43,95.01,13.51,,1486.3,77.84
2007-05-02,672.3,929.8,63.78,95.01,13.08,199.86,1495.92,77.84
2007-05-03,681.8,926.7,63.23,95.01,13.09,200.67,1502.39,77.84
2007-05-04,687.2,927.3,61.89,94.91,12.91,201.56,1505.62,77.84
2007-05-05,,,,94.91,,,,77.84
2007-05-06,,,,94.91,,,,77.84
2007-05-07,688.0,922.3,61.48,94.91,13.15,203.57,1509.48,77.84
2007-05-08,685.1,922.7,62.26,94.91,13.21,203.51,1507.72,77.84
2007-05-09,680.3,923.2,61.54,94.91,12.88,204.77,1512.58,77.84
2007-05-10,665.1,925.65,61.85,94.91,13.6,205.51,1491.47,77.84
2007-05-11,670.6,926.1,62.35,95.0,12.95,206.06,1505.85,77.84
2007-05-12,,,,95.0,,,,77.84
2007-05-13,,,,95.0,,,,77.84
2007-05-14,668.5,923.15,62.55,95.0,13.96,206.28,1503.15,77.84
2007-05-15,673.0,924.2,63.16,95.0,14.01,204.22,1501.19,77.84
2007-05-16,660.2,923.6,62.57,95.0,13.5,205.62,1514.14,77.84
2007-05-17,656.2,927.8,64.83,95.0,13.51,207.35,1512.75,77.84
2007-05-18,661.0,934.0,64.93,94.66,12.76,206.69,1522.75,77.84
2007-05-19,,,,94.66,,,,77.84
2007-05-20,,,,94.66,,,,77.84
2007-05-21,662.9,929.9,66.25,94.66,13.3,208.74,1525.1,77.84
2007-05-22,659.1,931.7,64.91,94.66,13.06,210.69,1524.12,77.84
2007-05-23,661.9,931.2,65.1,94.66,13.24,211.15,1522.28,77.84
2007-05-24,653.0,932.7,63.62,94.66,14.08,,1507.51,77.84
2007-05-25,655.1,928.0,64.59,94.5,13.34,210.54,1515.73,77.84
2007-05-26,,,,94.5,,,,77.84
2007-05-27,,,,94.5,,,,77.84
2007-05-28,,,,94.5,,211.88,,77.84
2007-05-29,657.1,927.5,63.19,94.5,13.53,212.06,1518.11,77.84
2007-05-30,653.1,930.8,63.47,94.5,12.83,211.76,1530.23,77.84
2007-05-31,661.0,927.4,64.02,94.5,13.05,216.45,1530.62,77.84
2007-06-01,671.2,928.1,65.09,94.13,12.78,218.74,1536.34,77.84
2007-06-02,,,,94.13,,,,77.84
2007-06-03,,,,94.13,,,,77.84
2007-06-04,670.7,927.3,66.17,94.13,13.29,221.9,1539.18,77.84
2007-06-05,669.6,926.5,65.63,94.13,13.63,222.37,1530.95,77.84
2007-06-06,669.3,926.8,65.97,94.13,14.87,,1517.38,77.84
2007-06-07,660.1,926.5,66.93,94.13,17.06,223.17,1490.72,77.84
2007-06-08,645.5,932.3,64.78,94.76,14.84,219.8,1507.67,77.84
2007-06-09,,,,94.76,,,,77.84
2007-06-10,,,,94.76,,,,77.84
2007-06-11,654.3,931.7,65.93,94.76,14.71,218.39,1509.12,77.84
2007-06-12,648.5,930.2,65.36,94.76,16.67,219.94,1493.0,77.84
2007-06-13,648.2,931.5,66.17,94.76,14.73,218.59,1515.67,77.84
2007-06-14,651.6,929.7,67.62,94.76,13.64,224.46,1522.97,77.84
2007-06-15,654.5,927.6,68.04,94.62,13.94,224.61,1532.91,77.84
2007-06-16,,,,94.62,,,,77.84
2007-06-17,,,,94.62,,,,77.84
2007-06-18,655.8,928.4,69.06,94.62,13.42,228.8,1531.05,77.84
2007-06-19,660.7,927.6,69.15,94.62,12.85,229.04,1533.7,77.84
2007-06-20,656.1,927.6,68.5,94.62,14.67,226.58,1512.84,77.84
2007-06-21,650.6,926.6,68.35,94.62,14.21,227.81,1522.19,77.84
2007-06-22,653.5,927.9,68.85,94.44,15.75,224.95,1502.56,77.84
2007-06-23,,,,94.44,,,,77.84
2007-06-24,,,,94.44,,,,77.84
2007-06-25,651.3,926.2,68.83,94.44,16.65,223.4,1497.74,77.84
2007-06-26,642.1,926.1,67.78,94.44,18.89,222.43,1492.89,77.84
2007-06-27,641.7,927.4,68.98,94.44,15.53,220.35,1506.34,77.84
2007-06-28,647.5,926.6,69.61,94.44,15.54,222.6,1505.71,77.84
2007-06-29,648.1,922.6,70.47,94.14,16.23,221.31,1503.35,77.84
2007-06-30,,,,94.14,,,,77.84
2007-07-01,,,,94.14,,,,78.13
2007-07-02,656.5,921.3,71.11,94.14,15.4,224.75,1519.43,78.13
2007-07-03,652.9,917.7,71.41,94.14,14.92,229.29,1524.87,78.13
2007-07-04,,,,94.14,,233.43,,78.13
2007-07-05,648.4,921.7,71.81,94.14,15.48,234.75,1525.4,78.13
2007-07-06,652.7,919.4,72.8,93.58,14.72,236.52,1530.44,78.13
2007-07-07,,,,93.58,,,,78.13
2007-07-08,,,,93.58,,,,78.13
2007-07-09,660.5,920.9,72.14,93.58,15.16,239.68,1531.85,78.13
2007-07-10,662.5,919.6,72.8,93.58,17.57,241.02,1510.12,78.13
2007-07-11,660.3,919.1,72.58,93.58,16.64,240.46,1518.76,78.13
2007-07-12,666.7,918.4,72.55,93.58,15.54,242.86,1547.7,78.13
2007-07-13,665.8,916.4,73.89,93.01,15.15,250.19,1552.5,78.13
2007-07-14,,,,93.01,,,,78.13
2007-07-15,,,,93.01,,,,78.13
2007-07-16,665.0,917.9,74.11,93.01,15.59,247.91,1549.52,78.13
2007-07-17,664.7,917.9,74.03,93.01,15.63,,1549.37,78.13
2007-07-18,672.6,916.2,75.03,93.01,16.0,244.92,1546.17,78.13
2007-07-19,677.2,915.7,75.9,93.01,15.23,245.7,1553.08,78.13
2007-07-20,683.9,914.7,75.53,92.72,16.95,251.45,1534.1,78.13
2007-07-21,,,,92.72,,,,78.13
2007-07-22,,,,92.72,,,,78.13
2007-07-23,680.8,914.9,74.65,92.72,16.81,252.28,1541.57,78.13
2007-07-24,684.2,913.8,73.38,92.72,18.55,252.61,1511.04,78.13
2007-07-25,673.3,913.6,75.74,92.72,18.1,253.93,1518.09,78.13
2007-07-26,662.5,917.9,74.96,92.72,20.74,248.75,1482.66,78.13
2007-07-27,660.0,921.4,77.03,93.55,24.17,238.34,1458.95,78.13
2007-07-28,,,,93.55,,,,78.13
2007-07-29,,,,93.55,,,,78.13
2007-07-30,664.1,923.0,76.82,93.55,20.87,241.39,1473.91,78.13
2007-07-31,666.9,919.0,78.2,93.55,23.52,244.32,1455.27,78.13
2007-08-01,663.6,924.9,76.49,93.55,23.67,234.36,1465.81,78.21
2007-08-02,664.6,922.6,76.84,93.55,21.22,233.84,1472.2,78.21
2007-08-03,672.5,922.5,75.41,93.1,25.16,236.91,1433.06,78.21
2007-08-04,,,,93.1,,,,78.21
2007-08-05,,,,93.1,,,,78.21
2007-08-06,671.5,923.1,72.03,93.1,22.94,233.92,1467.67,78.21
2007-08-07,670.6,922.6,72.25,93.1,21.56,234.5,1476.71,78.21
2007-08-08,674.5,923.8,72.23,93.1,21.45,240.07,1497.49,78.21
2007-08-09,661.4,922.7,71.62,93.1,26.48,241.0,1453.09,78.21
2007-08-10,670.3,931.5,71.49,93.52,28.3,230.68,1453.64,78.21
2007-08-11,,,,93.52,,,,78.21
2007-08-12,,,,93.52,,,,78.21
2007-08-13,669.7,929.1,71.6,93.52,26.57,233.88,1452.92,78.21
2007-08-14,668.6,932.2,72.4,93.52,27.68,230.45,1426.54,78.21
2007-08-15,668.9,932.0,73.36,93.52,30.67,,1406.7,78.21
2007-08-16,648.3,945.9,70.99,93.52,30.83,215.67,1411.27,78.21
2007-08-17,656.9,950.2,71.9,94.32,29.99,208.57,1445.94,78.21
2007-08-18,,,,94.32,,,,78.21
2007-08-19,,,,94.32,,,,78.21
2007-08-20,656.7,942.6,71.12,94.32,26.33,219.72,1445.55,78.21
2007-08-21,656.7,943.2,69.49,94.32,25.25,220.18,1447.12,78.21
2007-08-22,659.1,943.8,69.3,94.32,22.89,223.24,1464.07,78.21
2007-08-23,658.9,941.4,69.86,94.32,22.62,228.6,1462.5,78.21
2007-08-24,668.0,941.45,71.17,93.69,20.72,227.18,1479.37,78.21
2007-08-25,,,,93.69,,,,78.21
2007-08-26,,,,93.69,,,,78.21
2007-08-27,666.8,938.3,71.98,93.69,22.72,228.65,1466.79,78.21
2007-08-28,664.4,939.4,71.79,93.69,26.3,232.38,1432.36,78.21
2007-08-29,666.3,941.7,73.52,93.69,23.81,232.32,1463.76,78.21
2007-08-30,665.0,940.1,73.37,93.69,25.06,234.22,1457.64,78.21
2007-08-31,673.0,938.1,73.98,93.67,23.38,238.28,1473.99,78.21
2007-09-01,,,,93.67,,,,78.66
2007-09-02,,,,93.67,,,,78.66
2007-09-03,,938.1,,93.67,,238.72,,78.66
2007-09-04,682.5,938.8,75.07,93.67,22.78,237.91,1489.42,78.66
2007-09-05,681.7,937.8,75.74,93.67,24.58,236.61,1472.29,78.66
2007-09-06,695.6,938.7,76.34,93.67,23.99,239.61,1478.55,78.66
2007-09-07,700.8,937.7,76.7,93.29,26.23,238.92,1453.55,78.66
2007-09-08,,,,93.29,,,,78.66
2007-09-09,,,,93.29,,,,78.66
2007-09-10,703.3,939.9,77.53,93.29,27.38,232.44,1451.7,78.66
2007-09-11,712.2,936.5,78.16,93.29,25.27,234.12,1471.49,78.66
2007-09-12,711.9,931.6,79.85,93.29,24.96,229.44,1471.56,78.66
2007-09-13,709.5,927.4,80.05,93.29,24.76,233.86,1483.95,78.66
2007-09-14,709.6,927.9,79.14,92.71,24.92,236.54,1484.25,78.66
2007-09-15,,,,92.71,,,,78.66
2007-09-16,,,,92.71,,,,78.66
2007-09-17,715.8,929.4,80.55,92.71,26.48,236.72,1476.65,78.66
2007-09-18,715.8,929.8,81.51,92.71,20.35,232.42,1519.78,78.66
2007-09-19,722.0,924.8,81.99,92.71,20.03,241.08,1529.03,78.66
2007-09-20,732.4,918.7,83.85,92.71,20.45,242.42,1518.75,78.66
2007-09-21,731.4,920.7,83.38,91.49,19.0,243.45,1525.75,78.66
2007-09-22,,,,91.49,,,,78.66
2007-09-23,,,,91.49,,,,78.66
2007-09-24,732.1,919.1,82.51,91.49,19.37,,1517.73,78.66
2007-09-25,731.6,920.7,81.2,91.49,18.6,,1517.21,78.66
2007-09-26,728.3,920.8,80.31,91.49,17.63,,1525.42,78.66
2007-09-27,732.7,919.9,82.86,91.49,17.0,247.1,1531.38,78.66
2007-09-28,742.8,913.6,81.64,90.94,18.0,247.2,1526.75,78.66
2007-09-29,,,,90.94,,,,78.66
2007-09-30,,,,90.94,,,,78.66
2007-10-01,747.2,914.5,80.31,90.94,17.84,249.3,1547.04,78.8
2007-10-02,729.8,915.7,80.0,90.94,18.49,256.8,1546.63,78.8
2007-10-03,729.3,915.5,79.97,90.94,18.8,,1539.59,78.8
2007-10-04,737.8,916.3,81.48,90.94,18.44,254.92,1542.84,78.8
2007-10-05,741.3,915.9,81.2,90.74,16.91,253.63,1557.59,78.8
2007-10-06,,,,90.74,,,,78.8
2007-10-07,,,,90.74,,,,78.8
2007-10-08,732.8,915.9,78.97,90.74,17.46,255.87,1552.58,78.8
2007-10-09,737.4,918.2,80.23,90.74,16.12,256.19,1565.15,78.8
2007-10-10,740.4,919.3,81.3,90.74,16.67,259.79,1562.47,78.8
2007-10-11,751.3,915.5,83.05,90.74,18.88,261.82,1554.41,78.8
2007-10-12,748.7,917.6,83.73,90.59,17.73,257.31,1561.8,78.8
2007-10-13,,,,90.59,,,,78.8
2007-10-14,,,,90.59,,,,78.8
2007-10-15,757.1,916.7,86.19,90.59,19.25,257.68,1548.71,78.8
2007-10-16,757.0,917.5,87.58,90.59,20.02,253.43,1538.53,78.8
2007-10-17,757.5,917.3,87.19,90.59,18.54,250.48,1541.24,78.8
2007-10-18,764.1,916.0,89.48,90.59,18.5,252.6,1540.08,78.8
2007-10-19,764.0,915.5,88.58,90.1,22.96,248.35,1500.63,78.8
2007-10-20,,,,90.1,,,,78.8
2007-10-21,,,,90.1,,,,78.8
2007-10-22,755.8,916.8,87.6,90.1,21.64,239.94,1506.33,78.8
2007-10-23,759.0,918.0,86.45,90.1,20.41,244.9,1519.59,78.8
2007-10-24,761.6,917.5,88.3,90.1,20.8,243.31,1515.88,78.8
2007-10-25,767.3,915.0,92.09,90.1,21.17,248.8,1514.4,78.8
2007-10-26,783.9,908.9,91.73,89.65,19.56,255.65,1535.28,78.8
2007-10-27,,,,89.65,,,,78.8
2007-10-28,,,,89.65,,,,78.8
2007-10-29,789.1,910.2,93.45,89.65,19.87,260.4,1540.98,78.8
2007-10-30,784.3,906.7,90.33,89.65,21.07,258.87,1531.02,78.8
2007-10-31,792.0,903.2,94.16,89.65,18.53,260.42,1549.38,78.8
2007-11-01,790.7,907.0,93.53,89.65,23.21,260.76,1508.44,78.8
2007-11-02,805.7,908.0,95.81,88.89,23.01,254.74,1509.65,78.8
2007-11-03,,,,88.89,,,,78.8
2007-11-04,,,,88.89,,,,78.8
2007-11-05,808.1,907.5,94.06,88.89,24.31,253.91,1502.17,78.8
2007-11-06,820.8,906.2,96.65,88.89,21.39,259.24,1520.27,78.8
2007-11-07,831.0,905.2,96.46,88.89,26.49,258.74,1475.62,78.8
2007-11-08,835.2,907.0,95.51,88.89,26.16,249.97,1474.77,78.8
2007-11-09,832.5,910.4,96.36,88.46,28.5,252.21,1453.7,78.8
2007-11-10,,,,88.46,,,,78.8
2007-11-11,,,,88.46,,,,78.8
2007-11-12,805.8,,94.4,88.46,31.09,243.89,1439.18,78.8
2007-11-13,797.2,914.6,91.18,88.46,24.1,244.73,1481.05,78.8
2007-11-14,813.0,913.1,94.02,88.46,25.94,250.21,1470.58,78.8
2007-11-15,785.9,919.1,93.37,88.46,28.06,247.39,1451.15,78.8
2007-11-16,785.7,917.3,94.81,89.32,25.49,244.13,1458.74,78.8
2007-11-17,,,,89.32,,,,78.8
2007-11-18,,,,89.32,,,,78.8
2007-11-19,776.8,920.5,95.75,89.32,26.01,239.78,1433.27,78.8
2007-11-20,790.3,921.8,99.16,89.32,24.88,236.91,1439.7,78.8
2007-11-21,797.6,932.8,98.57,89.32,26.84,228.84,1416.77,78.8
2007-11-22,,932.8,,89.32,,228.1,,78.8
2007-11-23,824.0,930.5,98.24,89.24,25.61,225.54,1440.7,78.8
2007-11-24,,,,89.24,,,,78.8
2007-11-25,,,,89.24,,,,78.8
2007-11-26,826.0,929.0,97.66,89.24,28.91,236.01,1407.22,78.8
2007-11-27,813.7,931.8,94.39,89.24,26.28,236.38,1428.23,78.8
2007-11-28,800.1,931.2,90.71,89.24,24.11,232.87,1469.02,78.8
2007-11-29,795.3,928.3,90.98,89.24,23.97,238.68,1469.72,78.8
2007-11-30,782.2,920.9,88.6,89.62,22.87,241.91,1481.14,78.8
2007-12-01,,,,89.62,,,,79.1
2007-12-02,,,,89.62,,,,79.1
2007-12-03,788.3,923.8,89.29,89.62,23.61,241.61,1472.42,79.1
2007-12-04,801.3,922.3,88.31,89.62,23.79,244.04,1462.79,79.1
2007-12-05,797.5,923.0,87.45,89.62,22.53,247.03,1485.01,79.1
2007-12-06,801.2,921.8,90.25,89.62,20.96,249.63,1507.34,79.1
2007-12-07,794.4,918.9,88.23,89.74,20.85,247.38,1504.66,79.1
2007-12-08,,,,89.74,,,,79.1
2007-12-09,,,,89.74,,,,79.1
2007-12-10,807.7,923.3,87.72,89.74,20.74,244.25,1515.96,79.1
2007-12-11,811.4,923.7,90.12,89.74,23.59,246.85,1477.65,79.1
2007-12-12,813.5,926.1,94.41,89.74,22.47,247.15,1486.59,79.1
2007-12-13,799.0,925.25,92.35,89.74,22.56,245.21,1488.41,79.1
2007-12-14,793.3,929.8,91.31,90.43,23.27,241.5,1467.95,79.1
2007-12-15,,,,90.43,,,,79.1
2007-12-16,,,,90.43,,,,79.1
2007-12-17,794.8,933.4,90.69,90.43,24.52,234.33,1445.9,79.1
2007-12-18,803.0,938.35,89.93,90.43,22.64,236.65,1454.98,79.1
2007-12-19,801.1,939.2,91.11,90.43,21.68,,1453.0,79.1
2007-12-20,799.2,943.4,90.88,90.43,20.58,234.4,1460.12,79.1
2007-12-21,811.6,940.3,93.19,90.37,18.47,239.6,1484.46,79.1
2007-12-22,,,,90.37,,,,79.1
2007-12-23,,,,90.37,,,,79.1
2007-12-24,812.8,939.2,94.0,90.37,18.6,245.14,1496.45,79.1
2007-12-25,,,,90.37,,,,79.1
2007-12-26,826.0,938.7,95.89,90.37,18.66,243.48,1497.66,79.1
2007-12-27,828.6,940.0,96.63,90.37,20.26,243.38,1476.27,79.1
2007-12-28,839.6,935.6,96.03,89.41,20.74,241.27,1478.49,79.1
2007-12-29,,,,89.41,,,,79.1
2007-12-30,,,,89.41,,,,79.1
2007-12-31,834.9,935.8,95.95,89.41,22.5,,1468.36,79.1
2008-01-01,,,,89.41,,,,79.47
2008-01-02,857.0,936.6,99.64,89.41,23.17,235.3,1447.16,79.47
2008-01-03,866.4,936.2,99.17,89.41,22.49,234.67,1447.16,79.47
2008-01-04,863.1,938.1,97.9,89.25,23.94,235.77,1411.63,79.47
2008-01-05,,,,89.25,,,,79.47
2008-01-06,,,,89.25,,,,79.47
2008-01-07,859.6,940.0,95.08,89.25,23.79,231.0,1416.18,79.47
2008-01-08,878.0,939.0,96.43,89.25,25.43,230.34,1390.19,79.47
2008-01-09,879.5,937.1,95.64,89.25,24.12,232.53,1409.13,79.47
2008-01-10,891.7,937.2,93.92,89.25,23.45,229.47,1420.33,79.47
2008-01-11,896.1,937.2,92.74,89.52,23.68,224.41,1401.02,79.47
2008-01-12,,,,89.52,,,,79.47
2008-01-13,,,,89.52,,,,79.47
2008-01-14,901.6,937.0,94.23,89.52,22.9,222.81,1416.25,79.47
2008-01-15,901.0,935.2,91.87,89.52,23.34,220.91,1380.95,79.47
2008-01-16,880.6,942.5,90.8,89.52,24.38,215.87,1373.2,79.47
2008-01-17,879.5,945.7,90.11,89.52,28.46,218.83,1333.25,79.47
2008-01-18,880.8,945.9,90.55,89.9,27.18,219.87,1325.19,79.47
2008-01-19,,,,89.9,,,,79.47
2008-01-20,,,,89.9,,,,79.47
2008-01-21,,,,89.9,,213.6,,79.47
2008-01-22,889.6,946.9,89.64,89.9,31.01,204.55,1310.5,79.47
2008-01-23,882.5,953.2,87.65,89.9,29.02,207.23,1338.6,79.47
2008-01-24,905.5,948.6,89.98,89.9,27.78,211.2,1352.07,79.47
2008-01-25,910.5,948.2,90.37,89.22,29.08,215.06,1330.61,79.47
2008-01-26,,,,89.22,,,,79.47
2008-01-27,,,,89.22,,,,79.47
2008-01-28,927.1,948.7,90.99,89.22,27.78,206.52,1353.96,79.47
2008-01-29,925.1,941.5,91.66,89.22,27.32,208.8,1362.3,79.47
2008-01-30,920.6,945.0,92.34,89.22,27.62,203.5,1355.81,79.47
2008-01-31,922.7,943.4,91.67,89.22,26.2,207.77,1378.55,79.47
2008-02-01,908.7,944.5,89.03,88.48,24.02,209.08,1395.42,79.77
2008-02-02,,,,88.48,,,,79.77
2008-02-03,,,,88.48,,,,79.77
2008-02-04,904.9,941.3,90.07,88.48,25.99,216.23,1380.82,79.77
2008-02-05,885.9,943.1,88.32,88.48,28.24,216.91,1336.64,79.77
2008-02-06,900.7,941.4,87.16,88.48,28.97,,1326.45,79.77
2008-02-07,906.1,941.3,88.07,88.48,27.66,,1336.91,79.77
2008-02-08,918.4,944.6,91.77,89.22,28.01,,1331.29,79.77
2008-02-09,,,,89.22,,,,79.77
2008-02-10,,,,89.22,,,,79.77
2008-02-11,922.9,945.0,93.56,89.22,27.6,208.92,1339.13,79.77
2008-02-12,907.4,943.9,92.82,89.22,26.33,209.01,1348.86,79.77
2008-02-13,906.5,945.3,93.28,89.22,24.88,207.56,1367.21,79.77
2008-02-14,907.4,944.3,95.42,89.22,25.54,216.2,1348.86,79.77
2008-02-15,902.8,944.6,95.57,88.9,25.02,215.38,1349.99,79.77
2008-02-16,,,,88.9,,,,79.77
2008-02-17,,,,88.9,,,,79.77
2008-02-18,,,,88.9,,215.46,,79.77
2008-02-19,926.6,944.1,99.99,88.9,25.59,218.37,1348.78,79.77
2008-02-20,934.6,947.5,100.86,88.9,24.4,213.84,1360.03,79.77
2008-02-21,946.1,948.2,98.57,88.9,25.12,216.38,1342.53,79.77
2008-02-22,944.7,948.2,99.03,88.71,24.06,213.73,1353.11,79.77
2008-02-23,,,,88.71,,,,79.77
2008-02-24,,,,88.71,,,,79.77
2008-02-25,937.6,948.2,99.4,88.71,23.03,217.07,1371.8,79.77
2008-02-26,946.1,946.5,100.83,88.71,21.9,217.22,1381.29,79.77
2008-02-27,958.2,938.1,99.59,88.71,22.69,218.87,1380.02,79.77
2008-02-28,964.5,937.2,102.6,88.71,23.53,220.59,1367.68,79.77
2008-02-29,972.1,942.8,101.78,87.17,26.54,216.85,1330.63,79.77
2008-03-01,,,,87.17,,,,80.52
2008-03-02,,,,87.17,,,,80.52
2008-03-03,981.5,947.1,102.42,87.17,26.28,211.73,1331.34,80.52
2008-03-04,963.9,947.45,99.72,87.17,25.52,212.14,1326.75,80.52
2008-03-05,986.2,948.15,104.45,87.17,24.6,212.14,1333.7,80.52
2008-03-06,975.0,952.7,105.51,87.17,27.55,214.92,1304.34,80.52
2008-03-07,972.2,956.8,105.12,87.13,27.49,210.57,1293.37,80.52
2008-03-08,,,,87.13,,,,80.52
2008-03-09,,,,87.13,,,,80.52
2008-03-10,969.9,966.1,107.9,87.13,29.38,206.29,1273.37,80.52
2008-03-11,974.2,966.4,108.73,87.13,26.36,208.06,1320.65,80.52
2008-03-12,978.8,969.3,109.86,87.13,27.22,210.49,1308.77,80.52
2008-03-13,992.3,982.1,110.21,87.13,27.29,204.42,1315.48,80.52
2008-03-14,998.2,997.1,110.03,86.43,31.16,202.63,1288.14,80.52
2008-03-15,,,,86.43,,,,80.52
2008-03-16,,,,86.43,,,,80.52
2008-03-17,1001.4,1021.45,105.74,86.43,32.24,199.68,1276.6,80.52
2008-03-18,1003.2,1008.4,109.57,86.43,25.79,201.79,1330.74,80.52
2008-03-19,944.7,1008.55,103.25,86.43,29.84,206.48,1298.42,80.52
2008-03-20,919.6,1009.15,102.57,86.43,26.62,206.62,1329.51,80.52
2008-03-21,,1002.0,,87.21,,209.69,,80.52
2008-03-22,,,,87.21,,,,80.52
2008-03-23,,,,87.21,,,,80.52
2008-03-24,918.3,993.7,101.7,87.21,25.73,211.0,1349.88,80.52
2008-03-25,934.6,975.8,101.78,87.21,25.72,213.73,1352.99,80.52
2008-03-26,949.0,993.1,105.83,87.21,26.08,214.41,1341.13,80.52
2008-03-27,948.8,990.08,107.56,87.21,25.88,213.85,1325.76,80.52
2008-03-28,930.6,992.4,105.59,86.64,25.71,217.22,1315.22,80.52
2008-03-29,,,,86.64,,,,80.52
2008-03-30,,,,86.64,,,,80.52
2008-03-31,916.2,988.6,101.54,86.64,25.61,217.65,1322.7,80.52
2008-04-01,882.9,979.0,100.92,86.64,22.68,217.81,1370.18,80.96
2008-04-02,895.2,975.7,104.83,86.64,23.43,223.76,1367.53,80.96
2008-04-03,905.0,977.2,103.92,86.64,23.21,226.99,1369.31,80.96
2008-04-04,909.0,973.5,106.09,86.51,22.45,226.95,1370.4,80.96
2008-04-05,,,,86.51,,,,80.96
2008-04-06,,,,86.51,,,,80.96
2008-04-07,922.7,974.6,108.91,86.51,22.42,227.79,1372.54,80.96
2008-04-08,914.0,975.7,108.54,86.51,22.36,225.1,1365.54,80.96
2008-04-09,933.6,975.7,110.89,86.51,22.81,,1354.49,80.96
2008-04-10,928.3,975.0,110.07,86.51,21.98,226.44,1360.55,80.96
2008-04-11,923.6,975.8,110.14,86.5,23.46,228.8,1332.83,80.96
2008-04-12,,,,86.5,,,,80.96
2008-04-13,,,,86.5,,,,80.96
2008-04-14,925.4,979.3,111.71,86.5,23.82,224.54,1328.32,80.96
2008-04-15,928.7,991.3,113.77,86.5,22.78,223.51,1334.43,80.96
2008-04-16,945.1,989.1,114.8,86.5,20.53,225.36,1364.71,80.96
2008-04-17,939.8,991.6,114.8,86.5,20.37,226.98,1365.56,80.96
2008-04-18,912.2,1000.0,116.56,86.53,20.13,227.25,1390.33,80.96
2008-04-19,,,,86.53,,,,80.96
2008-04-20,,,,86.53,,,,80.96
2008-04-21,914.7,997.5,117.48,86.53,20.5,231.11,1388.17,80.96
2008-04-22,922.3,996.8,119.17,86.53,20.87,229.22,1375.94,80.96
2008-04-23,906.2,990.7,119.28,86.53,20.26,230.56,1379.93,80.96
2008-04-24,886.8,995.65,117.1,86.53,20.06,230.77,1388.82,80.96
2008-04-25,887.2,994.0,119.64,86.83,19.59,234.56,1397.84,80.96
2008-04-26,,,,86.83,,,,80.96
2008-04-27,,,,86.83,,,,80.96
2008-04-28,892.9,996.3,118.78,86.83,19.64,234.97,1396.37,80.96
2008-04-29,874.2,1001.55,115.67,86.83,20.24,233.24,1390.94,80.96
2008-04-30,862.8,1005.0,113.7,86.83,20.79,235.0,1385.59,80.96
2008-05-01,848.9,1004.0,112.6,86.83,18.88,,1409.34,81.63
2008-05-02,856.1,1009.0,116.36,87.23,18.18,238.18,1413.9,81.63
2008-05-03,,,,87.23,,,,81.63
2008-05-04,,,,87.23,,,,81.63
2008-05-05,872.3,1007.8,119.94,87.23,18.9,,1407.49,81.63
2008-05-06,876.0,1015.0,121.82,87.23,18.21,239.53,1418.26,81.63
2008-05-07,869.6,1030.0,123.56,87.23,19.73,238.66,1392.57,81.63
2008-05-08,880.6,1040.5,123.77,87.23,19.4,237.37,1397.68,81.63
2008-05-09,884.5,1044.0,125.94,87.25,19.41,233.98,1388.28,81.63
2008-05-10,,,,87.25,,,,81.63
2008-05-11,,,,87.25,,,,81.63
2008-05-12,883.7,1043.0,124.02,87.25,17.79,,1403.58,81.63
2008-05-13,868.5,1047.0,125.83,87.25,17.98,237.02,1403.04,81.63
2008-05-14,865.4,1047.0,124.21,87.25,17.66,237.04,1408.66,81.63
2008-05-15,879.0,1043.0,124.25,87.25,16.3,243.11,1423.57,81.63
2008-05-16,899.0,1037.0,126.5,86.79,16.47,243.54,1425.35,81.63
2008-05-17,,,,86.79,,,,81.63
2008-05-18,,,,86.79,,,,81.63
2008-05-19,905.0,1041.0,127.15,86.79,17.01,242.67,1426.63,81.63
2008-05-20,919.5,1047.0,128.93,86.79,17.58,240.62,1413.4,81.63
2008-05-21,928.0,1039.0,132.99,86.79,18.59,237.15,1390.71,81.63
2008-05-22,917.9,1044.0,130.04,86.79,18.05,235.31,1394.35,81.63
2008-05-23,925.6,1045.5,131.58,86.19,19.55,234.14,1375.93,81.63
2008-05-24,,,,86.19,,,,81.63
2008-05-25,,,,86.19,,,,81.63
2008-05-26,,,,86.19,,230.43,,81.63
2008-05-27,907.7,1041.0,128.81,86.19,19.64,233.97,1385.35,81.63
2008-05-28,900.5,1033.5,131.0,86.19,19.07,231.17,1390.84,81.63
2008-05-29,877.2,1030.0,126.7,86.19,18.14,236.39,1398.26,81.63
2008-05-30,887.3,1028.5,127.35,86.55,17.83,237.46,1400.38,81.63
2008-05-31,,,,86.55,,,,81.63
2008-06-01,,,,86.55,,,,82.15
2008-06-02,892.9,1022.3,127.75,86.55,19.83,236.78,1385.67,82.15
2008-06-03,881.6,1016.8,124.33,86.55,20.24,233.14,1377.65,82.15
2008-06-04,879.9,1019.0,122.3,86.55,20.8,235.09,1377.2,82.15
2008-06-05,871.8,1023.0,127.93,86.55,18.63,234.76,1404.05,82.15
2008-06-06,895.4,1030.5,138.51,86.8,23.56,,1360.68,82.15
2008-06-07,,,,86.8,,,,82.15
2008-06-08,,,,86.8,,,,82.15
2008-06-09,894.7,1032.0,134.44,86.8,23.12,231.35,1361.76,82.15
2008-06-10,867.9,1027.5,131.38,86.8,23.18,226.56,1358.44,82.15
2008-06-11,879.7,1030.3,136.43,86.8,24.12,227.42,1335.49,82.15
2008-06-12,869.2,1033.3,136.91,86.8,23.33,221.17,1339.87,82.15
2008-06-13,870.3,1044.0,134.84,87.76,21.22,222.79,1360.03,82.15
2008-06-14,,,,87.76,,,,82.15
2008-06-15,,,,87.76,,,,82.15
2008-06-16,883.6,1038.5,134.52,87.76,20.95,224.91,1360.14,82.15
2008-06-17,884.3,1021.8,133.99,87.76,21.13,223.66,1350.93,82.15
2008-06-18,890.9,1029.25,136.54,87.76,22.24,226.6,1337.81,82.15
2008-06-19,901.7,1028.0,131.88,87.76,21.58,222.03,1342.83,82.15
2008-06-20,901.3,1031.5,134.78,86.9,22.87,220.57,1317.93,82.15
2008-06-21,,,,86.9,,,,82.15
2008-06-22,,,,86.9,,,,82.15
2008-06-23,884.8,1036.8,135.98,86.9,22.64,218.51,1318.0,82.15
2008-06-24,889.2,1032.5,136.49,86.9,22.42,217.97,1314.29,82.15
2008-06-25,880.0,1034.3,133.92,86.9,21.14,218.95,1321.97,82.15
2008-06-26,913.1,1041.3,138.91,86.9,23.93,219.12,1283.15,82.15
2008-06-27,929.3,1041.75,139.69,86.64,23.44,214.59,1278.38,82.15
2008-06-28,,,,86.64,,,,82.15
2008-06-29,,,,86.64,,,,82.15
2008-06-30,926.2,1046.8,139.96,86.64,23.95,213.52,1280.0,82.15
2008-07-01,942.5,1050.5,141.06,86.64,23.65,213.02,1284.91,82.75
2008-07-02,944.8,1036.5,143.74,86.64,25.92,207.96,1261.52,82.75
2008-07-03,931.9,1044.5,145.31,86.64,24.79,205.71,1262.9,82.75
2008-07-04,,,,86.88,,201.74,,82.75
2008-07-05,,,,86.88,,,,82.75
2008-07-06,,,,86.88,,,,82.75
2008-07-07,927.3,1044.5,141.38,86.88,25.78,202.34,1252.31,82.75
2008-07-08,921.9,1026.25,136.06,86.88,23.15,196.52,1273.7,82.75
2008-07-09,927.3,1000.0,135.88,86.88,25.23,194.61,1244.69,82.75
2008-07-10,940.9,998.2,141.47,86.88,25.59,196.34,1253.39,82.75
2008-07-11,959.5,1000.3,144.96,86.22,27.49,200.12,1239.49,82.75
2008-07-12,,,,86.22,,,,82.75
2008-07-13,,,,86.22,,,,82.75
2008-07-14,972.7,1003.8,145.16,86.22,28.48,199.12,1228.3,82.75
2008-07-15,977.7,1006.3,138.68,86.22,28.54,193.01,1214.91,82.75
2008-07-16,961.8,1006.75,134.63,86.22,25.1,192.48,1245.36,82.75
2008-07-17,970.0,1011.0,129.43,86.22,25.01,194.89,1260.32,82.75
2008-07-18,957.3,1013.0,128.94,86.07,24.05,192.86,1260.68,82.75
2008-07-19,,,,86.07,,,,82.75
2008-07-20,,,,86.07,,,,82.75
2008-07-21,963.1,1017.0,131.43,86.07,23.05,200.0,1260.0,82.75
2008-07-22,948.0,1014.0,127.25,86.07,21.18,199.77,1277.0,82.75
2008-07-23,922.4,1009.0,123.73,86.07,21.31,203.64,1282.19,82.75
2008-07-24,922.0,1006.8,124.62,86.07,23.44,208.34,1252.54,82.75
2008-07-25,926.6,1007.0,122.59,86.39,22.91,204.27,1257.76,82.75
2008-07-26,,,,86.39,,,,82.75
2008-07-27,,,,86.39,,,,82.75
2008-07-28,927.6,1006.0,124.72,86.39,24.23,203.97,1234.37,82.75
2008-07-29,916.4,1006.0,122.21,86.39,22.03,199.9,1263.2,82.75
2008-07-30,902.9,1012.3,126.74,86.39,21.21,201.82,1284.26,82.75
2008-07-31,913.9,1011.5,124.17,86.39,22.94,204.12,1267.38,82.75
2008-08-01,909.0,1015.75,125.03,86.83,22.57,201.43,1260.31,82.6
2008-08-02,,,,86.83,,,,82.6
2008-08-03,,,,86.83,,,,82.6
2008-08-04,900.1,1016.75,121.45,86.83,23.49,197.56,1249.01,82.6
2008-08-05,878.6,1017.0,118.71,86.83,21.14,196.44,1284.88,82.6
2008-08-06,875.6,1015.5,118.57,86.83,20.23,202.28,1289.19,82.6
2008-08-07,870.7,1016.0,119.84,86.83,21.15,200.31,1266.07,82.6
2008-08-08,857.8,1028.0,115.42,88.89,20.66,200.76,1296.32,82.6
2008-08-09,,,,88.89,,,,82.6
2008-08-10,,,,88.89,,,,82.6
2008-08-11,821.5,1030.0,114.44,88.89,20.12,202.42,1305.32,82.6
2008-08-12,808.2,1034.2,113.1,88.89,21.17,202.12,1289.59,82.6
2008-08-13,825.0,1039.5,115.96,88.89,21.55,200.26,1285.83,82.6
2008-08-14,808.2,1039.5,115.05,88.89,20.34,201.5,1292.93,82.6
2008-08-15,786.0,1039.3,113.46,89.72,19.58,,1298.2,82.6
2008-08-16,,,,89.72,,,,82.6
2008-08-17,,,,89.72,,,,82.6
2008-08-18,799.7,1042.8,112.92,89.72,20.98,200.97,1278.6,82.6
2008-08-19,811.1,1051.3,114.39,89.72,21.28,197.56,1266.69,82.6
2008-08-20,810.3,1047.3,115.48,89.72,20.42,197.35,1274.54,82.6
2008-08-21,833.0,1053.6,121.23,89.72,19.82,193.85,1277.72,82.6
2008-08-22,827.4,1062.3,114.48,89.24,18.81,192.04,1292.2,82.6
2008-08-23,,,,89.24,,,,82.6
2008-08-24,,,,89.24,,,,82.6
2008-08-25,819.8,1077.8,114.85,89.24,20.97,192.99,1266.84,82.6
2008-08-26,822.2,1087.5,116.31,89.24,20.49,191.36,1271.51,82.6
2008-08-27,828.1,1084.0,118.17,89.24,19.76,191.6,1281.66,82.6
2008-08-28,830.9,1081.3,115.58,89.24,19.43,188.75,1300.68,82.6
2008-08-29,829.3,1089.0,115.55,90.06,20.65,188.96,1282.83,82.6
2008-08-30,,,,90.06,,,,82.6
2008-08-31,,,,90.06,,,,82.6
2008-09-01,,,,90.06,,182.13,,82.67
2008-09-02,805.0,1134.45,109.63,90.06,21.99,182.41,1277.58,82.67
2008-09-03,802.7,1147.9,109.38,90.06,21.43,184.36,1274.98,82.67
2008-09-04,797.9,1130.3,107.99,90.06,24.03,183.57,1236.83,82.67
2008-09-05,797.6,1117.8,106.47,91.34,23.06,180.49,1242.31,82.67
2008-09-06,,,,91.34,,,,82.67
2008-09-07,,,,91.34,,,,82.67
2008-09-08,797.5,1081.2,106.35,91.34,22.64,189.97,1267.79,82.67
2008-09-09,787.1,1099.5,103.23,91.34,25.47,186.99,1224.51,82.67
2008-09-10,757.9,1091.3,102.66,91.34,24.52,188.5,1232.04,82.67
2008-09-11,741.3,1110.0,100.95,91.34,24.39,185.27,1249.05,82.67
2008-09-12,760.3,1106.5,101.19,91.47,25.66,189.9,1251.7,82.67
2008-09-13,,,,91.47,,,,82.67
2008-09-14,,,,91.47,,,,82.67
2008-09-15,783.1,1117.85,95.52,91.47,31.7,,1192.7,82.67
2008-09-16,776.5,1159.75,91.49,91.47,30.3,179.0,1213.6,82.67
2008-09-17,846.6,1115.5,97.39,91.47,36.22,183.54,1156.39,82.67
2008-09-18,892.7,1152.4,97.5,91.47,33.1,179.25,1206.51,82.67
2008-09-19,860.6,1139.5,104.05,91.0,32.07,188.31,1255.08,82.67
2008-09-20,,,,91.0,,,,82.67
2008-09-21,,,,91.0,,,,82.67
2008-09-22,903.9,1127.3,122.61,91.0,33.85,189.16,1207.09,82.67
2008-09-23,885.5,1146.5,107.85,91.0,35.72,191.58,1188.22,82.67
2008-09-24,889.0,1153.5,106.84,91.0,35.19,193.18,1185.87,82.67
2008-09-25,877.7,1148.8,111.54,91.0,32.82,193.87,1209.18,82.67
2008-09-26,882.9,1160.1,106.77,90.69,34.74,190.6,1213.27,82.67
2008-09-27,,,,90.69,,,,82.67
2008-09-28,,,,90.69,,,,82.67
2008-09-29,888.2,1185.75,96.29,90.69,46.72,188.1,1106.42,82.67
2008-09-30,874.2,1206.3,100.7,90.69,39.39,186.62,1166.36,82.67
2008-10-01,880.7,1194.85,98.23,90.69,39.81,185.52,1161.06,82.6
2008-10-02,839.0,1222.9,93.84,90.69,45.26,182.7,1114.28,82.6
2008-10-03,828.9,1220.9,93.91,93.54,45.14,,1099.23,82.6
2008-10-04,,,,93.54,,,,82.6
2008-10-05,,,,93.54,,,,82.6
2008-10-06,862.7,1267.4,88.15,93.54,52.05,175.03,1056.89,82.6
2008-10-07,878.4,1328.4,90.18,93.54,53.68,176.46,996.23,82.6
2008-10-08,903.1,1415.25,88.94,93.54,57.53,167.16,984.94,82.6
2008-10-09,883.1,1381.4,86.5,93.54,63.92,168.86,909.92,82.6
2008-10-10,855.4,1306.4,77.44,98.0,69.95,162.05,899.22,82.6
2008-10-11,,,,98.0,,,,82.6
2008-10-12,,,,98.0,,,,82.6
2008-10-13,838.9,,81.17,98.0,54.99,167.91,1003.35,82.6
2008-10-14,836.3,1207.25,78.69,98.0,55.13,178.15,998.01,82.6
2008-10-15,835.5,1237.5,74.38,98.0,69.25,174.28,907.84,82.6
2008-10-16,801.5,1369.5,69.81,98.0,67.61,157.63,946.43,82.6
2008-10-17,785.1,1333.3,71.9,97.73,70.33,153.06,940.55,82.6
2008-10-18,,,,97.73,,,,82.6
2008-10-19,,,,97.73,,,,82.6
2008-10-20,787.6,1315.0,74.08,97.73,52.97,157.51,985.4,82.6
2008-10-21,766.1,1320.1,71.29,97.73,53.11,155.8,955.05,82.6
2008-10-22,733.3,1418.5,66.92,97.73,69.65,148.13,896.78,82.6
2008-10-23,713.3,1408.7,67.17,97.73,67.8,137.47,908.11,82.6
2008-10-24,729.1,1430.8,63.34,101.84,79.13,123.27,876.77,82.6
2008-10-25,,,,101.84,,,,82.6
2008-10-26,,,,101.84,,,,82.6
2008-10-27,741.7,1441.7,61.92,101.84,80.06,125.93,848.92,82.6
2008-10-28,739.3,1467.7,62.8,101.84,66.96,132.42,940.51,82.6
2008-10-29,752.8,1426.9,67.45,101.84,69.96,128.68,930.09,82.6
2008-10-30,737.2,1250.18,65.79,101.84,62.9,144.42,954.09,82.6
2008-10-31,716.8,1277.5,68.1,99.77,59.89,147.5,968.75,82.6
2008-11-01,,,,99.77,,,,82.38
2008-11-02,,,,99.77,,,,82.38
2008-11-03,725.4,1262.0,63.93,99.77,53.68,148.81,966.3,82.38
2008-11-04,756.0,1287.9,70.41,99.77,47.73,151.63,1005.75,82.38
2008-11-05,741.3,1266.3,65.41,99.77,54.56,154.93,952.77,82.38
2008-11-06,731.2,1330.8,60.72,99.77,63.68,143.37,904.88,82.38
2008-11-07,733.2,1310.0,61.06,99.39,56.1,148.44,930.99,82.38
2008-11-08,,,,99.39,,,,82.38
2008-11-09,,,,99.39,,,,82.38
2008-11-10,745.6,1326.18,62.19,99.39,59.98,150.84,919.21,82.38
2008-11-11,732.0,,59.38,99.39,61.44,147.67,898.95,82.38
2008-11-12,717.7,1354.5,55.95,99.39,66.46,147.27,852.3,82.38
2008-11-13,704.9,1392.5,58.31,99.39,59.83,142.7,911.29,82.38
2008-11-14,742.4,1399.3,57.18,100.97,66.31,142.26,873.29,82.38
2008-11-15,,,,100.97,,,,82.38
2008-11-16,,,,100.97,,,,82.38
2008-11-17,741.9,1410.0,55.14,100.97,69.15,140.57,850.75,82.38
2008-11-18,732.6,1447.4,54.42,100.97,67.64,134.88,859.12,82.38
2008-11-19,735.9,1445.9,53.64,100.97,74.26,132.33,806.58,82.38
2008-11-20,748.6,1496.0,48.86,100.97,80.86,123.54,752.44,82.38
2008-11-21,791.7,1493.3,49.22,103.63,72.67,130.76,800.03,82.38
2008-11-22,,,,103.63,,,,82.38
2008-11-23,,,,103.63,,,,82.38
2008-11-24,819.4,1507.9,53.63,103.63,64.7,126.02,851.81,82.38
2008-11-25,818.4,1501.4,50.02,103.63,60.9,128.01,857.39,82.38
2008-11-26,808.5,1477.3,54.2,103.63,54.92,134.5,887.68,82.38
2008-11-27,,,,103.63,,139.17,,82.38
2008-11-28,816.2,1468.0,55.21,101.65,55.84,140.66,896.24,82.38
2008-11-29,,,,101.65,,,,82.38
2008-11-30,,,,101.65,,,,82.38
2008-12-01,774.6,1439.4,49.34,101.65,68.51,138.33,816.21,82.38
2008-12-02,781.3,1463.5,47.05,101.65,62.98,133.7,848.81,82.38
2008-12-03,768.8,1467.8,46.79,101.65,60.72,133.62,870.74,82.38
2008-12-04,763.8,1479.0,43.8,101.65,63.64,131.43,845.22,82.38
2008-12-05,750.5,1475.6,41.01,103.49,59.93,134.33,876.07,82.38
2008-12-06,,,,103.49,,,,82.38
2008-12-07,,,,103.49,,,,82.38
2008-12-08,767.4,1445.0,43.69,103.49,58.49,144.89,909.7,82.38
2008-12-09,772.4,1439.0,42.0,103.49,58.91,145.2,888.67,82.38
2008-12-10,807.1,1393.0,43.1,103.49,55.73,150.73,899.24,82.38
2008-12-11,824.9,1354.5,47.77,103.49,55.78,151.93,873.59,82.38
2008-12-12,818.9,1369.0,46.27,100.32,54.28,144.38,879.73,82.38
2008-12-13,,,,100.32,,,,82.38
2008-12-14,,,,100.32,,,,82.38
2008-12-15,835.4,1360.9,44.61,100.32,56.76,151.43,868.57,82.38
2008-12-16,841.7,1347.4,43.84,100.32,52.37,151.35,913.18,82.38
2008-12-17,867.5,1324.0,40.17,100.32,49.84,152.62,904.42,82.38
2008-12-18,859.6,1285.0,36.73,100.32,47.34,153.24,885.28,82.38
2008-12-19,836.4,1287.9,33.17,98.13,44.93,154.1,887.88,82.38
2008-12-20,,,,98.13,,,,82.38
2008-12-21,,,,98.13,,,,82.38
2008-12-22,846.2,1308.0,31.1,98.13,44.56,153.98,871.63,82.38
2008-12-23,837.2,1331.0,30.28,98.13,45.02,148.93,863.16,82.38
2008-12-24,847.1,1304.3,32.94,98.13,44.21,147.02,868.15,82.38
2008-12-25,,,,98.13,,,,82.38
2008-12-26,870.4,1298.9,37.58,98.26,43.38,145.81,872.8,82.38
2008-12-27,,,,98.26,,,,82.38
2008-12-28,,,,98.26,,,,82.38
2008-12-29,874.6,1262.0,39.89,98.26,43.9,145.72,869.42,82.38
2008-12-30,869.3,1257.4,38.95,98.26,41.63,146.35,890.64,82.38
2008-12-31,883.6,1262.0,44.6,98.26,40.0,,903.25,82.38
2009-01-01,,,,98.26,,,,82.45
2009-01-02,878.8,1318.3,46.17,98.6,39.19,151.15,931.8,82.45
2009-01-03,,,,98.6,,,,82.45
2009-01-04,,,,98.6,,,,82.45
2009-01-05,857.2,1313.5,48.61,98.6,39.08,153.83,927.45,82.45
2009-01-06,865.4,1307.0,48.56,98.6,38.56,156.79,934.7,82.45
2009-01-07,841.1,1292.3,42.75,98.6,43.39,161.36,906.65,82.45
2009-01-08,853.9,1328.25,41.68,98.6,42.56,157.76,909.73,82.45
2009-01-09,854.3,1347.5,40.69,98.88,42.82,154.17,890.35,82.45
2009-01-10,,,,98.88,,,,82.45
2009-01-11,,,,98.88,,,,82.45
2009-01-12,820.3,1349.0,37.65,98.88,45.84,151.01,870.26,82.45
2009-01-13,820.1,1353.0,37.77,98.88,43.27,152.45,871.79,82.45
2009-01-14,808.2,1353.0,37.43,98.88,49.14,154.5,842.62,82.45
2009-01-15,806.7,1391.5,35.41,98.88,51.0,145.05,843.74,82.45
2009-01-16,839.3,1351.5,35.38,100.71,46.11,148.03,850.12,82.45
2009-01-17,,,,100.71,,,,82.45
2009-01-18,,,,100.71,,,,82.45
2009-01-19,,,,100.71,,150.02,,82.45
2009-01-20,854.6,1351.5,38.57,100.71,56.65,146.55,805.22,82.45
2009-01-21,849.6,1368.0,42.56,100.71,46.42,143.29,840.24,82.45
2009-01-22,858.2,1374.0,42.33,100.71,47.29,145.11,827.5,82.45
2009-01-23,895.3,1390.8,45.12,102.11,47.27,141.75,831.95,82.45
2009-01-24,,,,102.11,,,,82.45
2009-01-25,,,,102.11,,,,82.45
2009-01-26,908.5,1390.8,46.5,102.11,45.69,,836.57,82.45
2009-01-27,899.2,1390.0,41.67,102.11,42.25,,845.71,82.45
2009-01-28,888.1,1369.0,42.04,102.11,39.66,151.04,874.09,82.45
2009-01-29,905.1,1369.0,41.58,102.11,42.63,152.29,845.14,82.45
2009-01-30,927.3,1380.0,41.73,102.12,44.84,151.33,825.88,82.45
2009-01-31,,,,102.12,,,,82.45
2009-02-01,,,,102.12,,,,83.05
2009-02-02,906.7,1390.0,41.35,102.12,45.52,149.0,825.44,83.05
2009-02-03,892.0,1394.5,40.87,102.12,43.06,151.42,838.51,83.05
2009-02-04,901.6,1378.4,40.27,102.12,43.85,155.99,832.23,83.05
2009-02-05,913.6,1384.2,41.15,102.12,43.73,154.0,845.85,83.05
2009-02-06,913.9,1368.7,40.24,101.75,43.37,158.9,868.6,83.05
2009-02-07,,,,101.75,,,,83.05
2009-02-08,,,,101.75,,,,83.05
2009-02-09,892.4,1374.0,39.58,101.75,43.64,157.7,869.89,83.05
2009-02-10,913.7,1388.0,37.54,101.75,46.67,156.84,827.16,83.05
2009-02-11,943.8,1390.0,35.93,101.75,44.53,155.26,833.74,83.05
2009-02-12,948.5,1394.0,34.03,101.75,41.25,153.66,835.19,83.05
2009-02-13,941.5,1403.5,37.63,102.3,42.93,155.19,826.84,83.05
2009-02-14,,,,102.3,,,,83.05
2009-02-15,,,,102.3,,,,83.05
2009-02-16,,,,102.3,,152.66,,83.05
2009-02-17,967.0,1454.8,34.96,102.3,48.66,146.6,789.17,83.05
2009-02-18,977.7,1459.0,34.67,102.3,48.46,144.21,788.42,83.05
2009-02-19,976.1,1480.7,39.6,102.3,47.08,143.6,778.94,83.05
2009-02-20,1001.8,1519.5,39.35,104.02,49.3,138.31,770.05,83.05
2009-02-21,,,,104.02,,,,83.05
2009-02-22,,,,104.02,,,,83.05
2009-02-23,994.6,1495.5,37.66,104.02,52.62,142.78,743.33,83.05
2009-02-24,969.1,1516.0,38.86,104.02,45.49,137.82,773.14,83.05
2009-02-25,965.7,1515.7,41.64,104.02,44.67,138.65,764.9,83.05
2009-02-26,941.8,1512.8,43.18,104.02,44.66,136.98,752.83,83.05
2009-02-27,941.5,1532.8,44.15,104.93,46.35,138.07,735.09,83.05
2009-02-28,,,,104.93,,,,83.05
2009-03-01,,,,104.93,,,,83.64
2009-03-02,939.0,1570.1,40.07,104.93,52.65,132.47,700.82,83.64
2009-03-03,912.9,1551.2,41.57,104.93,50.93,133.78,696.33,83.64
2009-03-04,906.0,1550.95,45.28,104.93,47.56,138.21,712.87,83.64
2009-03-05,927.0,1567.1,43.54,104.93,50.17,138.25,682.55,83.64
2009-03-06,942.1,1549.6,45.43,105.39,49.33,137.83,683.38,83.64
2009-03-07,,,,105.39,,,,83.64
2009-03-08,,,,105.39,,,,83.64
2009-03-09,917.7,1541.0,47.01,105.39,49.68,140.0,676.53,83.64
2009-03-10,895.6,1501.0,45.68,105.39,44.37,142.73,719.6,83.64
2009-03-11,910.4,1466.0,42.46,105.39,43.61,147.6,721.36,83.64
2009-03-12,923.7,1494.75,46.91,105.39,41.18,148.02,750.74,83.64
2009-03-13,929.8,1481.2,46.22,104.11,42.36,147.29,756.55,83.64
2009-03-14,,,,104.11,,,,83.64
2009-03-15,,,,104.11,,,,83.64
2009-03-16,921.6,1435.0,47.33,104.11,43.74,147.0,753.89,83.64
2009-03-17,916.4,1415.75,48.97,104.11,40.8,152.17,778.12,83.64
2009-03-18,888.7,1409.0,48.12,104.11,40.06,152.89,794.35,83.64
2009-03-19,958.3,1388.5,51.46,104.11,43.68,151.51,784.04,83.64
2009-03-20,955.8,1396.5,51.55,101.06,45.89,152.58,768.54,83.64
2009-03-21,,,,101.06,,,,83.64
2009-03-22,,,,101.06,,,,83.64
2009-03-23,952.1,1382.9,53.05,101.06,43.23,156.42,822.92,83.64
2009-03-24,923.3,1378.9,53.36,101.06,42.93,159.56,806.12,83.64
2009-03-25,935.4,1362.2,52.24,101.06,42.25,160.28,813.88,83.64
2009-03-26,939.6,1334.8,53.87,101.06,40.36,162.22,832.86,83.64
2009-03-27,923.0,1350.9,52.41,101.84,41.04,161.66,815.94,83.64
2009-03-28,,,,101.84,,,,83.64
2009-03-29,,,,101.84,,,,83.64
2009-03-30,915.5,1391.9,48.49,101.84,45.54,156.23,787.53,83.64
2009-03-31,922.6,1372.3,49.64,101.84,44.14,157.01,797.87,83.64
2009-04-01,926.1,1378.25,48.46,101.84,42.28,160.46,811.08,83.86
2009-04-02,907.4,1329.5,52.61,101.84,42.04,166.18,834.38,83.86
2009-04-03,895.6,1335.5,52.52,100.64,39.7,167.11,842.5,83.86
2009-04-04,,,,100.64,,,,83.86
2009-04-05,,,,100.64,,,,83.86
2009-04-06,871.5,1304.5,51.1,100.64,40.93,168.62,835.48,83.86
2009-04-07,882.2,1317.5,49.13,100.64,40.39,168.34,815.55,83.86
2009-04-08,884.8,1349.5,49.37,100.64,38.85,162.68,825.16,83.86
2009-04-09,882.2,1316.0,52.24,100.64,36.53,169.48,856.56,83.86
2009-04-10,,1328.0,,100.76,,,,83.86
2009-04-11,,,,100.76,,,,83.86
2009-04-12,,,,100.76,,,,83.86
2009-04-13,894.7,1328.9,50.22,100.76,37.81,171.69,858.73,83.86
2009-04-14,890.9,1319.5,49.51,100.76,37.67,172.03,841.5,83.86
2009-04-15,892.8,1333.0,49.26,100.76,36.17,171.21,852.06,83.86
2009-04-16,879.3,1331.0,49.97,100.76,35.79,171.73,865.3,83.86
2009-04-17,867.4,1327.0,50.36,100.57,33.94,171.33,869.6,83.86
2009-04-18,,,,100.57,,,,83.86
2009-04-19,,,,100.57,,,,83.86
2009-04-20,887.0,1330.0,45.82,100.57,39.18,172.3,832.39,83.86
2009-04-21,882.1,1349.0,46.65,100.57,37.14,171.96,850.08,83.86
2009-04-22,891.8,1345.5,47.41,100.57,38.1,174.4,843.55,83.86
2009-04-23,905.9,1343.0,48.46,100.57,37.15,176.14,851.92,83.86
2009-04-24,913.6,1338.2,50.65,100.02,36.82,174.13,866.23,83.86
2009-04-25,,,,100.02,,,,83.86
2009-04-26,,,,100.02,,,,83.86
2009-04-27,907.4,1338.4,49.29,100.02,38.32,172.13,857.51,83.86
2009-04-28,892.8,1351.8,49.01,100.02,37.95,167.24,855.16,83.86
2009-04-29,899.8,1335.7,50.19,100.02,36.08,172.08,873.64,83.86
2009-04-30,890.7,1277.0,50.35,100.02,36.5,176.0,872.81,83.86
2009-05-01,887.6,1277.0,52.18,100.01,35.3,,877.52,83.86
2009-05-02,,,,100.01,,,,83.86
2009-05-03,,,,100.01,,,,83.86
2009-05-04,901.6,1267.5,54.45,100.01,34.53,179.69,907.24,83.86
2009-05-05,903.7,1267.5,53.81,100.01,33.36,,903.8,83.86
2009-05-06,910.5,1272.0,56.29,100.01,32.45,178.82,919.53,83.86
2009-05-07,915.0,1257.3,56.67,100.01,33.44,179.74,907.39,83.86
2009-05-08,914.4,1242.25,58.58,98.13,32.05,181.04,929.23,83.86
2009-05-09,,,,98.13,,,,83.86
2009-05-10,,,,98.13,,,,83.86
2009-05-11,913.0,1232.9,57.79,98.13,32.87,181.35,909.24,83.86
2009-05-12,923.5,1238.0,58.81,98.13,31.8,179.73,908.35,83.86
2009-05-13,925.5,1239.0,58.0,98.13,33.65,181.14,883.92,83.86
2009-05-14,928.0,1264.0,58.58,98.13,31.37,,893.07,83.86
2009-05-15,930.9,1252.0,56.52,98.11,33.12,177.8,882.88,83.86
2009-05-16,,,,98.11,,,,83.86
2009-05-17,,,,98.11,,,,83.86
2009-05-18,921.3,1260.5,58.99,98.11,30.24,177.26,909.71,83.86
2009-05-19,926.3,1244.5,59.52,98.11,28.8,182.76,908.13,83.86
2009-05-20,937.0,1246.0,61.45,98.11,29.03,183.8,903.47,83.86
2009-05-21,950.8,1245.0,60.49,98.11,31.35,181.82,888.33,83.86
2009-05-22,958.5,1242.0,61.15,95.88,32.63,179.01,887.0,83.86
2009-05-23,,,,95.88,,,,83.86
2009-05-24,,,,95.88,,,,83.86
2009-05-25,,,,95.88,,178.57,,83.86
2009-05-26,953.1,1264.25,62.48,95.88,30.62,174.77,910.33,83.86
2009-05-27,953.2,1264.4,63.41,95.88,32.36,173.75,893.06,83.86
2009-05-28,961.5,1261.8,65.09,95.88,31.67,178.19,906.83,83.86
2009-05-29,978.8,1249.0,66.31,95.27,28.92,178.7,919.14,83.86
2009-05-30,,,,95.27,,,,83.86
2009-05-31,,,,95.27,,,,83.86
2009-06-01,978.6,1232.7,68.59,95.27,30.04,180.9,942.87,83.79
2009-06-02,983.2,1234.2,68.58,95.27,29.63,180.47,944.74,83.79
2009-06-03,964.5,1232.1,66.14,95.27,31.02,180.31,931.76,83.79
2009-06-04,981.2,1246.25,68.8,95.27,30.18,175.75,942.46,83.79
2009-06-05,961.7,1247.5,68.43,96.04,29.62,177.77,940.09,83.79
2009-06-06,,,,96.04,,,,83.79
2009-06-07,,,,96.04,,,,83.79
2009-06-08,951.7,1247.4,68.05,96.04,29.77,177.67,939.14,83.79
2009-06-09,954.0,1258.5,70.02,96.04,28.27,174.91,942.43,83.79
2009-06-10,954.0,1253.5,71.38,96.04,28.46,180.91,939.15,83.79
2009-06-11,961.3,1248.7,72.69,96.04,28.11,181.43,944.89,83.79
2009-06-12,940.1,1246.0,72.13,95.84,28.15,182.69,946.21,83.79
2009-06-13,,,,95.84,,,,83.79
2009-06-14,,,,95.84,,,,83.79
2009-06-15,926.9,1257.0,70.54,95.84,30.81,180.66,923.72,83.79
2009-06-16,931.6,1255.7,70.47,95.84,32.68,178.88,911.97,83.79
2009-06-17,935.4,1269.0,71.07,95.84,31.54,177.8,910.71,83.79
2009-06-18,934.0,1263.5,71.42,95.84,30.03,175.54,918.37,83.79
2009-06-19,935.6,1264.2,69.6,96.03,27.99,176.63,921.23,83.79
2009-06-20,,,,96.03,,,,83.79
2009-06-21,,,,96.03,,,,83.79
2009-06-22,920.6,1278.6,67.09,96.03,31.17,179.02,893.04,83.79
2009-06-23,923.9,1281.7,68.81,96.03,30.58,174.32,895.1,83.79
2009-06-24,934.1,1273.0,68.14,96.03,29.05,175.08,900.94,83.79
2009-06-25,939.1,1285.1,69.7,96.03,26.36,178.86,920.26,83.79
2009-06-26,940.7,1278.3,69.16,96.19,25.93,179.28,918.9,83.79
2009-06-27,,,,96.19,,,,83.79
2009-06-28,,,,96.19,,,,83.79
2009-06-29,940.4,1278.0,71.47,96.19,25.35,178.81,927.23,83.79
2009-06-30,927.1,1273.5,69.82,96.19,26.35,178.99,919.32,83.79
2009-07-01,941.0,1256.9,69.32,96.19,26.22,181.95,923.33,84.09
2009-07-02,930.7,1270.7,66.68,96.19,27.95,181.85,896.42,84.09
2009-07-03,,1265.7,,96.32,,182.92,,84.09
2009-07-04,,,,96.32,,,,84.09
2009-07-05,,,,96.32,,,,84.09
2009-07-06,924.0,1267.0,64.06,96.32,29.0,184.5,898.72,84.09
2009-07-07,928.8,1268.7,62.88,96.32,30.85,185.11,881.03,84.09
2009-07-08,909.0,1277.5,60.15,96.32,31.3,184.73,879.56,84.09
2009-07-09,915.9,1277.7,60.36,96.32,29.78,184.72,882.68,84.09
2009-07-10,912.2,1288.4,59.93,97.08,29.02,184.56,879.13,84.09
2009-07-11,,,,97.08,,,,84.09
2009-07-12,,,,97.08,,,,84.09
2009-07-13,922.2,1309.0,59.69,97.08,26.31,178.15,901.05,84.09
2009-07-14,922.5,1294.2,59.62,97.08,25.02,179.43,905.84,84.09
2009-07-15,939.1,1270.6,61.49,97.08,25.89,184.26,932.68,84.09
2009-07-16,935.1,1266.0,62.07,97.08,25.42,186.22,940.74,84.09
2009-07-17,937.2,1254.5,63.56,95.6,24.34,187.16,940.38,84.09
2009-07-18,,,,95.6,,,,84.09
2009-07-19,,,,95.6,,,,84.09
2009-07-20,948.5,1244.0,63.93,95.6,24.4,192.25,951.13,84.09
2009-07-21,946.6,1245.5,64.81,95.6,23.87,193.62,954.58,84.09
2009-07-22,953.0,1251.1,64.58,95.6,23.47,194.29,954.07,84.09
2009-07-23,954.5,1244.8,66.1,95.6,23.43,194.4,976.29,84.09
2009-07-24,952.8,1245.0,66.96,94.7,23.09,195.13,979.26,84.09
2009-07-25,,,,94.7,,,,84.09
2009-07-26,,,,94.7,,,,84.09
2009-07-27,953.3,1242.4,68.34,94.7,24.28,198.07,982.18,84.09
2009-07-28,939.0,1236.3,67.24,94.7,25.01,198.52,979.62,84.09
2009-07-29,927.2,1243.8,63.42,94.7,25.61,198.24,975.15,84.09
2009-07-30,934.9,1230.5,66.9,94.7,25.4,199.88,986.75,84.09
2009-07-31,953.7,1222.2,69.26,94.25,25.92,202.96,987.48,84.09
2009-08-01,,,,94.25,,,,84.38
2009-08-02,,,,94.25,,,,84.38
2009-08-03,956.6,1214.0,71.59,94.25,25.56,203.81,1002.63,84.38
2009-08-04,967.5,1219.9,71.4,94.25,24.89,204.1,1005.65,84.38
2009-08-05,964.2,1225.5,71.97,94.25,24.9,203.19,1002.72,84.38
2009-08-06,960.7,1225.0,71.96,94.25,25.67,203.74,997.08,84.38
2009-08-07,957.3,1224.0,70.97,94.47,24.76,204.95,1010.48,84.38
2009-08-08,,,,94.47,,,,84.38
2009-08-09,,,,94.47,,,,84.38
2009-08-10,945.0,1227.6,70.59,94.47,24.99,204.77,1007.1,84.38
2009-08-11,945.8,1242.7,69.46,94.47,25.99,204.96,994.35,84.38
2009-08-12,950.7,1242.0,70.08,94.47,25.45,202.67,1005.81,84.38
2009-08-13,954.7,1237.2,70.57,94.47,24.71,202.46,1012.73,84.38
2009-08-14,947.0,1239.5,67.51,94.48,24.27,206.46,1004.09,84.38
2009-08-15,,,,94.48,,,,84.38
2009-08-16,,,,94.48,,,,84.38
2009-08-17,934.3,1258.5,66.72,94.48,27.89,200.52,979.73,84.38
2009-08-18,937.7,1246.4,69.22,94.48,26.18,201.33,989.67,84.38
2009-08-19,943.3,1251.4,72.54,94.48,26.26,201.08,996.46,84.38
2009-08-20,940.3,1245.5,72.4,94.48,25.09,205.22,1007.37,84.38
2009-08-21,953.2,1242.5,73.12,94.01,25.01,206.26,1026.13,84.38
2009-08-22,,,,94.01,,,,84.38
2009-08-23,,,,94.01,,,,84.38
2009-08-24,942.3,1240.5,73.68,94.01,25.14,210.6,1025.57,84.38
2009-08-25,944.5,1247.8,71.6,94.01,24.92,209.12,1028.0,84.38
2009-08-26,944.3,1248.8,71.38,94.01,24.95,210.62,1028.12,84.38
2009-08-27,945.5,1247.3,72.49,94.01,24.68,208.62,1030.98,84.38
2009-08-28,957.0,1244.8,72.72,94.45,24.76,209.74,1028.93,84.38
2009-08-29,,,,94.45,,,,84.38
2009-08-30,,,,94.45,,,,84.38
2009-08-31,951.7,1248.0,69.97,94.45,26.01,207.44,1020.62,84.38
2009-09-01,954.7,1245.0,68.11,94.45,29.15,211.89,998.04,84.46
2009-09-02,976.6,1246.2,68.03,94.45,28.9,210.51,994.75,84.46
2009-09-03,995.8,1244.0,67.9,94.45,27.1,210.6,1003.24,84.46
2009-09-04,994.9,1237.3,67.95,94.58,25.26,209.81,1016.4,84.46
2009-09-05,,,,94.58,,,,84.46
2009-09-06,,,,94.58,,,,84.46
2009-09-07,,,,94.58,,,,84.46
2009-09-08,997.9,1228.2,71.08,94.58,25.62,211.4,1025.39,84.46
2009-09-09,995.3,1220.5,71.27,94.58,24.32,210.09,1033.37,84.46
2009-09-10,995.4,1223.0,71.95,94.58,23.55,214.92,1044.14,84.46
2009-09-11,1004.9,1221.0,69.34,93.32,24.15,215.81,1042.73,84.46
2009-09-12,,,,93.32,,,,84.46
2009-09-13,,,,93.32,,,,84.46
2009-09-14,999.9,1220.5,68.86,93.32,23.86,213.42,1049.34,84.46
2009-09-15,1005.0,1217.4,70.81,93.32,23.42,216.14,1052.63,84.46
2009-09-16,1018.9,1205.5,72.5,93.32,23.69,220.53,1068.76,84.46
2009-09-17,1012.3,1206.0,72.48,93.32,23.65,222.31,1065.49,84.46
2009-09-18,1009.2,1207.0,71.95,93.12,23.92,222.34,1068.3,84.46
2009-09-19,,,,93.12,,,,84.46
2009-09-20,,,,93.12,,,,84.46
2009-09-21,1003.7,1202.35,69.74,93.12,24.06,221.85,1064.66,84.46
2009-09-22,1014.2,1201.75,71.5,93.12,23.08,225.27,1071.66,84.46
2009-09-23,1013.0,1194.0,68.74,93.12,23.49,224.69,1060.87,84.46
2009-09-24,997.5,1190.7,65.74,93.12,24.95,222.35,1050.78,84.46
2009-09-25,990.2,1184.25,65.91,93.55,25.61,221.82,1044.38,84.46
2009-09-26,,,,93.55,,,,84.46
2009-09-27,,,,93.55,,,,84.46
2009-09-28,992.5,1192.0,66.69,93.55,24.88,219.66,1062.98,84.46
2009-09-29,993.1,1187.5,66.56,93.55,25.19,221.59,1060.61,84.46
2009-09-30,1008.0,1175.0,70.46,93.55,25.61,219.75,1057.08,84.46
2009-10-01,999.5,1173.35,70.67,93.55,28.27,215.94,1029.85,84.24
2009-10-02,1003.2,1182.0,69.8,93.68,28.68,,1025.21,84.24
2009-10-03,,,,93.68,,,,84.24
2009-10-04,,,,93.68,,,,84.24
2009-10-05,1016.7,1165.25,70.26,93.68,26.84,210.38,1040.46,84.24
2009-10-06,1038.6,1166.0,70.71,93.68,25.7,209.25,1054.72,84.24
2009-10-07,1043.3,1167.0,69.6,93.68,24.68,208.94,1057.58,84.24
2009-10-08,1055.4,1166.25,71.69,93.68,24.18,211.01,1065.48,84.24
2009-10-09,1047.8,1164.3,71.75,92.3,23.12,215.57,1071.49,84.24
2009-10-10,,,,92.3,,,,84.24
2009-10-11,,,,92.3,,,,84.24
2009-10-12,1056.7,,73.24,92.3,23.01,214.23,1076.19,84.24
2009-10-13,1064.2,1166.0,74.1,92.3,22.99,213.1,1073.19,84.24
2009-10-14,1063.9,1157.5,75.2,92.3,22.86,215.9,1092.02,84.24
2009-10-15,1049.8,1158.0,77.55,92.3,21.72,217.47,1096.56,84.24
2009-10-16,1050.7,1155.0,78.54,91.65,21.43,214.91,1087.68,84.24
2009-10-17,,,,91.65,,,,84.24
2009-10-18,,,,91.65,,,,84.24
2009-10-19,1057.3,1166.0,79.47,91.65,21.49,216.19,1097.91,84.24
2009-10-20,1057.8,1182.0,78.87,91.65,20.9,217.53,1091.06,84.24
2009-10-21,1063.7,1179.9,81.03,91.65,22.22,216.64,1081.4,84.24
2009-10-22,1057.8,1188.0,80.82,91.65,20.69,213.25,1092.91,84.24
2009-10-23,1055.6,1189.0,80.11,91.73,22.27,214.73,1079.6,84.24
2009-10-24,,,,91.73,,,,84.24
2009-10-25,,,,91.73,,,,84.24
2009-10-26,1042.1,1178.4,78.61,91.73,24.31,217.45,1066.95,84.24
2009-10-27,1034.7,1190.0,79.45,91.73,24.83,216.47,1063.41,84.24
2009-10-28,1029.9,1185.4,77.39,91.73,27.91,211.03,1042.63,84.24
2009-10-29,1046.4,1187.2,79.84,91.73,24.76,207.68,1066.11,84.24
2009-10-30,1039.7,1182.0,77.04,92.62,30.69,206.81,1036.19,84.24
2009-10-31,,,,92.62,,,,84.24
2009-11-01,,,,92.62,,,,84.38
2009-11-02,1053.4,1181.0,78.08,92.62,29.78,204.25,1042.88,84.38
2009-11-03,1084.3,1188.1,79.58,92.62,28.81,203.13,1045.41,84.38
2009-11-04,1086.7,1172.7,80.3,92.62,27.72,207.18,1046.5,84.38
2009-11-05,1088.7,1174.8,79.64,92.62,25.43,203.52,1066.63,84.38
2009-11-06,1095.1,1167.6,77.4,92.38,24.19,206.53,1069.3,84.38
2009-11-07,,,,92.38,,,,84.38
2009-11-08,,,,92.38,,,,84.38
2009-11-09,1100.8,1154.6,79.44,92.38,23.15,207.29,1093.08,84.38
2009-11-10,1101.9,1161.1,79.01,92.38,22.84,208.23,1093.01,84.38
2009-11-11,1114.0,,79.16,92.38,23.04,210.08,1098.51,84.38
2009-11-12,1106.0,1160.5,77.25,92.38,24.24,206.67,1087.24,84.38
2009-11-13,1116.1,1156.3,76.34,91.58,23.36,206.84,1093.48,84.38
2009-11-14,,,,91.58,,,,84.38
2009-11-15,,,,91.58,,,,84.38
2009-11-16,1138.6,1152.0,78.91,91.58,22.89,209.9,1109.3,84.38
2009-11-17,1138.8,1155.0,79.08,91.58,22.41,209.0,1110.32,84.38
2009-11-18,1140.7,1153.5,79.55,91.58,21.63,211.56,1109.8,84.38
2009-11-19,1141.4,1161.5,77.47,91.58,22.63,213.89,1094.9,84.38
2009-11-20,1146.4,1157.9,76.83,91.99,22.19,213.76,1091.38,84.38
2009-11-21,,,,91.99,,,,84.38
2009-11-22,,,,91.99,,,,84.38
2009-11-23,1164.3,1152.0,76.49,91.99,21.16,213.72,1106.24,84.38
2009-11-24,1165.5,1154.5,74.88,91.99,20.47,211.92,1105.65,84.38
2009-11-25,1186.9,1153.0,77.25,91.99,20.48,212.61,1110.63,84.38
2009-11-26,,,,91.99,,,,84.38
2009-11-27,1174.2,1173.4,75.95,91.53,24.85,200.73,1091.49,84.38
2009-11-28,,,,91.53,,,,84.38
2009-11-29,,,,91.53,,,,84.38
2009-11-30,1181.1,1164.4,77.19,91.53,24.51,204.75,1095.63,84.38
2009-12-01,1199.1,1154.0,78.39,91.53,21.92,207.07,1108.86,84.68
2009-12-02,1212.0,1149.0,76.62,91.53,21.12,210.25,1109.24,84.68
2009-12-03,1217.4,1150.0,76.42,91.53,22.46,213.31,1099.92,84.68
2009-12-04,1168.8,1151.0,75.41,91.38,21.25,214.5,1105.98,84.68
2009-12-05,,,,91.38,,,,84.68
2009-12-06,,,,91.38,,,,84.68
2009-12-07,1163.4,1152.45,73.89,91.38,22.1,215.55,1103.25,84.68
2009-12-08,1142.8,1151.22,72.59,91.38,23.69,214.91,1091.94,84.68
2009-12-09,1120.4,1160.0,70.67,91.38,22.66,215.75,1095.95,84.68
2009-12-10,1125.7,1165.0,70.54,91.38,22.32,218.73,1102.35,84.68
2009-12-11,1119.4,1162.5,69.86,92.29,21.59,218.77,1106.41,84.68
2009-12-12,,,,92.29,,,,84.68
2009-12-13,,,,92.29,,,,84.68
2009-12-14,1123.3,1156.0,69.48,92.29,21.15,219.51,1114.11,84.68
2009-12-15,1122.4,1156.5,70.62,92.29,21.49,219.6,1107.93,84.68
2009-12-16,1135.5,1160.3,72.64,92.29,20.54,219.32,1109.18,84.68
2009-12-17,1106.8,1172.9,72.58,92.29,22.51,216.9,1096.08,84.68
2009-12-18,1110.8,1171.2,73.3,93.16,21.68,216.68,1102.47,84.68
2009-12-19,,,,93.16,,,,84.68
2009-12-20,,,,93.16,,,,84.68
2009-12-21,1095.4,1185.4,72.71,93.16,20.49,216.2,1114.05,84.68
2009-12-22,1086.0,1179.0,73.48,93.16,19.54,217.87,1118.02,84.68
2009-12-23,1093.3,1182.0,76.03,93.16,19.71,218.95,1120.59,84.68
2009-12-24,1104.1,1173.07,76.83,93.16,19.47,221.67,1126.48,84.68
2009-12-25,,,,92.87,,,,84.68
2009-12-26,,,,92.87,,,,84.68
2009-12-27,,,,92.87,,,,84.68
2009-12-28,1107.2,1168.0,78.67,92.87,19.93,222.03,1127.78,84.68
2009-12-29,1097.0,1166.0,78.87,92.87,20.01,220.34,1126.2,84.68
2009-12-30,1091.5,1163.65,79.35,92.87,19.96,221.86,1126.42,84.68
2009-12-31,1095.2,1163.65,79.39,92.87,21.68,,1115.1,84.68
2010-01-01,,,,92.91,,,,85.35
2010-01-02,,,,92.91,,,,85.35
2010-01-03,,,,92.91,,,,85.35
2010-01-04,1117.7,1149.0,81.52,92.91,20.04,223.49,1132.99,85.35
2010-01-05,1118.1,1138.2,81.74,92.91,19.35,222.84,1136.52,85.35
2010-01-06,1135.9,1130.0,83.12,92.91,19.16,224.67,1137.14,85.35
2010-01-07,1133.1,1135.0,82.6,92.91,19.06,221.31,1141.69,85.35
2010-01-08,1138.2,1127.75,82.74,92.15,18.13,222.66,1144.98,85.35
2010-01-09,,,,92.15,,,,85.35
2010-01-10,,,,92.15,,,,85.35
2010-01-11,1150.7,1120.0,82.54,92.15,17.55,222.23,1146.98,85.35
2010-01-12,1128.9,1120.25,80.79,92.15,18.25,223.04,1136.22,85.35
2010-01-13,1136.4,1122.0,79.66,92.15,17.85,219.17,1145.68,85.35
2010-01-14,1142.6,1122.5,79.35,92.15,17.63,221.19,1148.46,85.35
2010-01-15,1130.1,1123.0,77.96,91.77,17.91,223.21,1136.03,85.35
2010-01-16,,,,91.77,,,,85.35
2010-01-17,,,,91.77,,,,85.35
2010-01-18,,,,91.77,,224.38,,85.35
2010-01-19,1139.7,1129.3,78.98,91.77,17.58,224.13,1150.23,85.35
2010-01-20,1112.3,1133.5,77.42,91.77,18.68,224.83,1138.04,85.35
2010-01-21,1102.7,1141.0,75.84,91.77,22.27,226.16,1116.48,85.35
2010-01-22,1089.2,1153.0,74.25,92.94,27.31,220.68,1091.76,85.35
2010-01-23,,,,92.94,,,,85.35
2010-01-24,,,,92.94,,,,85.35
2010-01-25,1095.2,1146.0,74.9,92.94,25.41,219.33,1096.78,85.35
2010-01-26,1097.9,1163.1,74.67,92.94,24.55,214.89,1092.17,85.35
2010-01-27,1084.4,1162.0,73.64,92.94,23.14,213.02,1097.5,85.35
2010-01-28,1083.6,1151.4,73.62,92.94,23.73,215.67,1084.53,85.35
2010-01-29,1083.0,1158.7,72.85,93.76,24.62,210.34,1073.87,85.35
2010-01-30,,,,93.76,,,,85.35
2010-01-31,,,,93.76,,,,85.35
2010-02-01,1104.3,1165.75,74.41,93.76,22.59,210.76,1089.19,85.52
2010-02-02,1117.4,1158.95,77.21,93.76,21.48,209.27,1103.32,85.52
2010-02-03,1111.4,1148.1,76.96,93.76,21.6,211.86,1097.28,85.52
2010-02-04,1062.4,1145.9,73.13,93.76,26.08,211.72,1063.11,85.52
2010-02-05,1052.2,1168.95,71.15,94.62,26.11,205.06,1066.19,85.52
2010-02-06,,,,94.62,,,,85.52
2010-02-07,,,,94.62,,,,85.52
2010-02-08,1065.7,1170.0,71.87,94.62,26.51,203.37,1056.74,85.52
2010-02-09,1076.7,1158.0,73.71,94.62,26.0,206.01,1070.52,85.52
2010-02-10,1075.8,1161.0,74.48,94.62,25.4,205.94,1068.13,85.52
2010-02-11,1094.2,1156.2,75.23,94.62,23.96,209.73,1078.47,85.52
2010-02-12,1089.5,1151.0,74.11,94.0,22.73,208.74,1075.51,85.52
2010-02-13,,,,94.0,,,,85.52
2010-02-14,,,,94.0,,,,85.52
2010-02-15,,,,94.0,,,,85.52
2010-02-16,1119.3,1147.0,76.98,94.0,22.25,209.73,1094.87,85.52
2010-02-17,1119.5,1144.0,77.27,94.0,21.72,213.44,1099.51,85.52
2010-02-18,1118.0,1144.2,78.97,94.0,20.63,212.55,1106.75,85.52
2010-02-19,1121.3,1153.0,79.77,93.96,20.02,208.7,1109.17,85.52
2010-02-20,,,,93.96,,,,85.52
2010-02-21,,,,93.96,,,,85.52
2010-02-22,1112.6,1149.2,80.04,93.96,19.94,,1108.01,85.52
2010-02-23,1102.7,1155.0,78.61,93.96,21.37,213.45,1094.6,85.52
2010-02-24,1096.5,1156.0,79.75,93.96,20.27,210.92,1105.24,85.52
2010-02-25,1107.8,1166.2,77.99,93.96,20.1,207.56,1102.94,85.52
2010-02-26,1118.3,1159.0,79.72,93.66,19.5,208.36,1104.49,85.52
2010-02-27,,,,93.66,,,,85.52
2010-02-28,,,,93.66,,,,85.52
2010-03-01,1117.8,1153.0,78.71,93.66,19.26,,1115.71,85.7
2010-03-02,1136.9,1147.0,79.62,93.66,19.06,211.44,1118.31,85.7
2010-03-03,1142.7,1141.0,80.91,93.66,18.83,212.36,1118.79,85.7
2010-03-04,1132.6,1145.5,80.21,93.66,18.72,211.91,1122.97,85.7
2010-03-05,1134.8,1139.5,81.5,93.26,17.42,214.05,1138.7,85.7
2010-03-06,,,,93.26,,,,85.7
2010-03-07,,,,93.26,,,,85.7
2010-03-08,1123.6,1131.5,81.85,93.26,17.79,217.73,1138.5,85.7
2010-03-09,1122.0,1135.15,81.5,93.26,17.92,217.82,1140.45,85.7
2010-03-10,1107.8,1128.1,82.07,93.26,18.57,217.82,1145.61,85.7
2010-03-11,1108.0,1133.43,82.1,93.26,18.06,216.76,1150.24,85.7
2010-03-12,1101.5,1128.33,81.26,92.66,17.58,217.35,1149.99,85.7
2010-03-13,,,,92.66,,,,85.7
2010-03-14,,,,92.66,,,,85.7
2010-03-15,1105.1,1134.5,79.79,92.66,18.0,215.49,1150.51,85.7
2010-03-16,1122.2,1133.0,81.75,92.66,17.69,215.25,1159.46,85.7
2010-03-17,1124.0,1128.0,82.93,92.66,16.91,220.28,1166.21,85.7
2010-03-18,1127.4,1131.5,82.16,92.66,16.62,219.02,1165.83,85.7
2010-03-19,1107.4,1133.58,80.58,93.04,16.97,220.48,1159.9,85.7
2010-03-20,,,,93.04,,,,85.7
2010-03-21,,,,93.04,,,,85.7
2010-03-22,1099.3,1135.5,81.26,93.04,16.87,218.52,1165.81,85.7
2010-03-23,1103.5,1136.8,81.68,93.04,16.35,220.09,1174.17,85.7
2010-03-24,1088.6,1137.0,80.29,93.04,17.55,220.09,1167.72,85.7
2010-03-25,1092.7,1142.3,80.25,93.04,18.4,221.07,1165.73,85.7
2010-03-26,1104.2,1138.0,79.75,93.69,17.77,222.25,1166.59,85.7
2010-03-27,,,,93.69,,,,85.7
2010-03-28,,,,93.69,,,,85.7
2010-03-29,1110.3,1135.0,81.92,93.69,17.59,221.6,1173.22,85.7
2010-03-30,1104.5,1131.0,82.14,93.69,17.13,222.48,1173.27,85.7
2010-03-31,1113.3,1131.2,83.45,93.69,17.59,221.58,1169.43,85.7
2010-04-01,1125.1,1126.3,84.53,93.69,17.47,225.47,1178.1,86.04
2010-04-02,,1125.9,,92.91,,226.69,,86.04
2010-04-03,,,,92.91,,,,86.04
2010-04-04,,,,92.91,,,,86.04
2010-04-05,1132.9,1122.8,86.36,92.91,17.02,227.48,1187.44,86.04
2010-04-06,1135.1,1123.9,86.54,92.91,16.23,227.51,1189.44,86.04
2010-04-07,1152.3,1120.0,85.64,92.91,16.62,227.31,1182.45,86.04
2010-04-08,1152.2,1123.0,85.17,92.91,16.48,228.27,1186.44,86.04
2010-04-09,1161.1,1117.0,84.6,92.48,16.14,226.81,1194.37,86.04
2010-04-10,,,,92.48,,,,86.04
2010-04-11,,,,92.48,,,,86.04
2010-04-12,1161.6,1114.0,84.07,92.48,15.58,224.59,1196.48,86.04
2010-04-13,1152.8,1123.7,83.8,92.48,16.2,224.69,1197.3,86.04
2010-04-14,1159.0,1111.5,85.62,92.48,15.59,228.08,1210.65,86.04
2010-04-15,1159.7,1107.0,85.25,92.48,15.89,229.17,1211.67,86.04
2010-04-16,1136.3,1110.0,82.97,92.53,18.36,227.69,1192.13,86.04
2010-04-17,,,,92.53,,,,86.04
2010-04-18,,,,92.53,,,,86.04
2010-04-19,1135.2,1118.1,81.52,92.53,17.34,223.65,1197.52,86.04
2010-04-20,1138.6,1117.8,82.98,92.53,15.73,225.13,1207.17,86.04
2010-04-21,1148.2,1107.6,82.78,92.53,16.32,229.09,1205.94,86.04
2010-04-22,1142.3,1108.2,82.89,92.53,16.47,227.76,1208.67,86.04
2010-04-23,1153.1,1108.5,84.34,92.66,16.62,227.36,1217.28,86.04
2010-04-24,,,,92.66,,,,86.04
2010-04-25,,,,92.66,,,,86.04
2010-04-26,1153.5,1104.0,84.2,92.66,17.47,229.64,1212.05,86.04
2010-04-27,1161.7,1110.0,82.43,92.66,22.81,229.28,1183.71,86.04
2010-04-28,1171.3,1118.0,83.22,92.66,21.08,226.98,1191.36,86.04
2010-04-29,1168.4,1114.8,85.17,92.66,18.44,226.11,1206.78,86.04
2010-04-30,1180.1,1108.0,86.07,92.84,22.05,227.95,1186.69,86.04
2010-05-01,,,,92.84,,,,86.13
2010-05-02,,,,92.84,,,,86.13
2010-05-03,1182.7,1118.4,86.19,92.84,20.19,225.1,1202.26,86.13
2010-05-04,1168.6,1115.0,82.73,92.84,23.84,224.76,1173.6,86.13
2010-05-05,1174.6,1115.0,80.0,92.84,24.91,,1165.87,86.13
2010-05-06,1196.9,1140.9,77.18,92.84,32.8,220.21,1128.15,86.13
2010-05-07,1210.0,1155.3,75.1,95.3,40.95,215.09,1110.88,86.13
2010-05-08,,,,95.3,,,,86.13
2010-05-09,,,,95.3,,,,86.13
2010-05-10,1200.4,1131.8,76.89,95.3,28.84,219.1,1159.73,86.13
2010-05-11,1219.9,1133.75,76.37,95.3,28.32,217.63,1155.79,86.13
2010-05-12,1242.7,1144.02,75.65,95.3,25.52,216.78,1171.67,86.13
2010-05-13,1228.8,1129.2,74.38,95.3,26.68,220.8,1157.44,86.13
2010-05-14,1227.4,1130.0,71.61,95.37,31.24,221.08,1135.68,86.13
2010-05-15,,,,95.37,,,,86.13
2010-05-16,,,,95.37,,,,86.13
2010-05-17,1227.7,1152.75,70.08,95.37,30.84,215.36,1136.94,86.13
2010-05-18,1214.3,1146.0,69.38,95.37,33.55,214.42,1120.8,86.13
2010-05-19,1192.6,1163.9,69.91,95.37,35.32,212.43,1115.05,86.13
2010-05-20,1187.8,1193.5,68.28,95.37,45.79,208.78,1071.59,86.13
2010-05-21,1175.7,1193.0,68.03,96.29,40.1,,1087.69,86.13
2010-05-22,,,,96.29,,,,86.13
2010-05-23,,,,96.29,,,,86.13
2010-05-24,1193.8,1213.65,68.23,96.29,38.32,210.27,1073.65,86.13
2010-05-25,1197.8,1250.0,64.78,96.29,34.61,204.83,1074.03,86.13
2010-05-26,1213.3,1253.2,71.52,96.29,35.02,206.62,1067.95,86.13
2010-05-27,1211.9,1222.95,74.56,96.29,29.68,209.83,1103.06,86.13
2010-05-28,1212.2,1194.5,74.0,96.31,32.07,212.1,1089.41,86.13
2010-05-29,,,,96.31,,,,86.13
2010-05-30,,,,96.31,,,,86.13
2010-05-31,,,,96.31,,214.34,,86.13
2010-06-01,1224.8,1216.0,72.7,96.31,35.54,213.02,1070.71,86.04
2010-06-02,1220.6,1216.5,72.88,96.31,30.17,,1098.38,86.04
2010-06-03,1208.3,1198.5,74.62,96.31,29.46,217.58,1102.83,86.04
2010-06-04,1216.2,1201.5,71.43,97.17,35.48,218.03,1064.88,86.04
2010-06-05,,,,97.17,,,,86.04
2010-06-06,,,,97.17,,,,86.04
2010-06-07,1239.3,1235.61,71.55,97.17,36.57,214.38,1050.47,86.04
2010-06-08,1244.0,1233.99,71.88,97.17,33.7,216.08,1062.0,86.04
2010-06-09,1228.5,1247.3,74.38,97.17,33.73,215.26,1055.69,86.04
2010-06-10,1220.8,1250.4,75.48,97.17,30.57,215.73,1086.84,86.04
2010-06-11,1228.9,1245.9,73.89,96.56,28.79,219.22,1091.6,86.04
2010-06-12,,,,96.56,,,,86.04
2010-06-13,,,,96.56,,,,86.04
2010-06-14,1223.3,1221.2,74.99,96.56,28.58,221.43,1089.63,86.04
2010-06-15,1233.2,1229.0,76.84,96.56,25.87,221.34,1115.23,86.04
2010-06-16,1229.3,1211.0,77.67,96.56,25.92,223.34,1114.61,86.04
2010-06-17,1247.5,1212.8,76.82,96.56,25.05,223.45,1116.04,86.04
2010-06-18,1257.2,1202.55,77.18,95.3,23.95,223.77,1117.51,86.04
2010-06-19,,,,95.3,,,,86.04
2010-06-20,,,,95.3,,,,86.04
2010-06-21,1239.7,1173.6,77.84,95.3,24.88,227.69,1113.2,86.04
2010-06-22,1239.9,1182.95,77.15,95.3,27.05,226.45,1095.31,86.04
2010-06-23,1234.1,1187.1,75.9,95.3,26.91,225.59,1092.04,86.04
2010-06-24,1245.5,1188.9,75.96,95.3,29.74,227.45,1073.69,86.04
2010-06-25,1255.8,1215.1,78.45,95.46,28.53,225.63,1076.76,86.04
2010-06-26,,,,95.46,,,,86.04
2010-06-27,,,,95.46,,,,86.04
2010-06-28,1238.2,1202.85,78.26,95.46,29.0,225.55,1074.57,86.04
2010-06-29,1242.0,1216.85,75.93,95.46,34.13,,1041.24,86.04
2010-06-30,1245.5,1220.85,75.59,95.46,34.54,220.85,1030.71,86.04
2010-07-01,1206.3,1227.0,72.95,95.46,32.86,218.65,1027.37,86.21
2010-07-02,1207.4,1228.5,72.06,95.63,30.12,217.01,1022.58,86.21
2010-07-03,,,,95.63,,,,86.21
2010-07-04,,,,95.63,,,,86.21
2010-07-05,,,,95.63,,,,86.21
2010-07-06,1194.8,1222.0,71.96,95.63,29.65,219.12,1028.06,86.21
2010-07-07,1198.6,1221.55,74.05,95.63,26.84,217.45,1060.27,86.21
2010-07-08,1195.8,1209.4,75.46,95.63,25.71,220.78,1070.25,86.21
2010-07-09,1209.6,1197.5,76.08,94.68,24.98,224.44,1077.96,86.21
2010-07-10,,,,94.68,,,,86.21
2010-07-11,,,,94.68,,,,86.21
2010-07-12,1198.5,1203.35,74.93,94.68,24.43,225.86,1078.75,86.21
2010-07-13,1213.3,1212.5,77.16,94.68,24.56,226.14,1095.34,86.21
2010-07-14,1206.8,1201.55,77.02,94.68,24.89,229.27,1095.17,86.21
2010-07-15,1208.1,1201.5,76.67,94.68,25.14,228.39,1096.48,86.21
2010-07-16,1188.0,1202.5,75.96,94.51,26.25,226.34,1064.88,86.21
2010-07-17,,,,94.51,,,,86.21
2010-07-18,,,,94.51,,,,86.21
2010-07-19,1181.7,1216.0,76.53,94.51,25.97,225.32,1071.25,86.21
2010-07-20,1191.5,1206.4,77.32,94.51,23.93,225.84,1083.48,86.21
2010-07-21,1191.6,1203.5,76.27,94.51,25.64,227.88,1069.59,86.21
2010-07-22,1195.5,1202.95,79.01,94.51,24.63,226.23,1093.67,86.21
2010-07-23,1187.7,1198.5,78.68,94.14,23.47,229.5,1102.66,86.21
2010-07-24,,,,94.14,,,,86.21
2010-07-25,,,,94.14,,,,86.21
2010-07-26,1183.0,1191.0,78.93,94.14,22.73,230.87,1115.01,86.21
2010-07-27,1158.0,1181.95,77.46,94.14,23.19,230.93,1113.84,86.21
2010-07-28,1160.4,1185.0,77.06,94.14,24.25,231.56,1106.13,86.21
2010-07-29,1168.4,1185.35,78.3,94.14,24.13,231.16,1101.53,86.21
2010-07-30,1181.7,1182.0,78.85,93.28,23.5,229.25,1101.6,86.21
2010-07-31,,,,93.28,,,,86.21
2010-08-01,,,,93.28,,,,86.65
2010-08-02,1183.4,1172.5,81.25,93.28,22.01,232.22,1125.86,86.65
2010-08-03,1185.2,1167.2,82.52,93.28,22.63,233.38,1120.46,86.65
2010-08-04,1193.7,1167.25,82.49,93.28,22.21,233.14,1127.24,86.65
2010-08-05,1197.2,1166.0,82.0,93.28,22.1,232.39,1125.81,86.65
2010-08-06,1203.4,1161.0,80.67,92.59,21.74,232.35,1121.64,86.65
2010-08-07,,,,92.59,,,,86.65
2010-08-08,,,,92.59,,,,86.65
2010-08-09,1200.7,1160.0,81.46,92.59,22.14,233.14,1127.79,86.65
2010-08-10,1196.2,1168.6,80.24,92.59,22.37,232.04,1121.06,86.65
2010-08-11,1197.5,1182.0,78.09,92.59,25.39,228.98,1089.47,86.65
2010-08-12,1214.8,1185.9,75.68,92.59,25.73,223.96,1083.61,86.65
2010-08-13,1214.9,1183.7,75.39,94.05,26.24,227.01,1079.25,86.65
2010-08-14,,,,94.05,,,,86.65
2010-08-15,,,,94.05,,,,86.65
2010-08-16,1224.5,1186.9,75.17,94.05,26.1,226.51,1079.38,86.65
2010-08-17,1226.6,1176.0,75.76,94.05,24.33,227.96,1092.54,86.65
2010-08-18,1229.7,1174.0,75.39,94.05,24.59,228.9,1094.16,86.65
2010-08-19,1233.8,1172.15,74.45,94.05,26.44,231.88,1075.63,86.65
2010-08-20,1227.2,1183.2,73.45,94.21,25.49,231.17,1071.69,86.65
2010-08-21,,,,94.21,,,,86.65
2010-08-22,,,,94.21,,,,86.65
2010-08-23,1226.9,1181.6,72.71,94.21,25.66,230.2,1067.36,86.65
2010-08-24,1231.8,1191.0,71.24,94.21,27.46,229.42,1051.87,86.65
2010-08-25,1239.5,1196.15,72.07,94.21,26.7,225.99,1055.33,86.65
2010-08-26,1235.4,1190.1,73.36,94.21,27.37,225.39,1047.22,86.65
2010-08-27,1236.0,1195.1,75.17,94.35,24.45,225.52,1064.59,86.65
2010-08-28,,,,94.35,,,,86.65
2010-08-29,,,,94.35,,,,86.65
2010-08-30,1237.1,1191.0,74.69,94.35,27.21,229.63,1048.92,86.65
2010-08-31,1248.3,1198.0,71.93,94.35,26.05,226.81,1049.33,86.65
2010-09-01,1246.3,1184.0,73.97,94.35,23.89,229.41,1080.29,87.34
2010-09-02,1251.5,1178.0,74.99,94.35,23.19,230.66,1090.1,87.34
2010-09-03,1249.2,1173.0,74.52,93.7,21.31,231.04,1104.51,87.34
2010-09-04,,,,93.7,,,,87.34
2010-09-05,,,,93.7,,,,87.34
2010-09-06,,,,93.7,,,,87.34
2010-09-07,1257.3,1177.0,73.98,93.7,23.8,232.45,1091.84,87.34
2010-09-08,1255.6,1171.5,74.65,93.7,23.25,230.94,1098.87,87.34
2010-09-09,1248.9,1166.75,74.25,93.7,22.81,231.53,1104.18,87.34
2010-09-10,1244.5,1164.85,76.4,93.68,21.99,233.93,1109.55,87.34
2010-09-11,,,,93.68,,,,87.34
2010-09-12,,,,93.68,,,,87.34
2010-09-13,1245.1,1159.0,77.17,93.68,21.21,236.34,1121.9,87.34
2010-09-14,1269.7,1159.5,76.78,93.68,21.56,235.98,1121.1,87.34
2010-09-15,1266.7,1158.0,75.92,93.68,22.1,237.14,1125.07,87.34
2010-09-16,1271.9,1161.0,74.58,93.68,21.72,235.37,1124.66,87.34
2010-09-17,1275.6,1160.0,73.63,92.94,22.01,237.64,1125.59,87.34
2010-09-18,,,,92.94,,,,87.34
2010-09-19,,,,92.94,,,,87.34
2010-09-20,1279.0,1160.5,74.81,92.94,21.5,238.29,1142.71,87.34
2010-09-21,1272.4,1160.0,72.96,92.94,22.35,,1139.78,87.34
2010-09-22,1290.2,1150.0,72.98,92.94,22.51,,1134.28,87.34
2010-09-23,1294.3,1150.65,73.4,92.94,23.87,,1124.83,87.34
2010-09-24,1296.0,1154.2,74.63,91.6,21.71,239.8,1148.67,87.34
2010-09-25,,,,91.6,,,,87.34
2010-09-26,,,,91.6,,,,87.34
2010-09-27,1296.7,1146.0,76.51,91.6,22.54,241.38,1142.16,87.34
2010-09-28,1306.6,1145.5,76.15,91.6,22.6,240.59,1147.7,87.34
2010-09-29,1308.5,1139.0,77.85,91.6,23.25,242.27,1144.73,87.34
2010-09-30,1307.8,1140.1,79.95,91.6,23.7,242.95,1141.2,87.34
2010-10-01,1316.1,1130.25,81.57,90.84,22.5,243.49,1146.24,87.34
2010-10-02,,,,90.84,,,,87.34
2010-10-03,,,,90.84,,,,87.34
2010-10-04,1315.4,1122.25,81.43,90.84,23.53,243.99,1137.03,87.34
2010-10-05,1338.9,1129.85,82.83,90.84,21.76,244.22,1160.75,87.34
2010-10-06,1346.4,1117.4,83.21,90.84,21.49,247.7,1159.97,87.34
2010-10-07,1333.9,1114.0,81.34,90.84,21.56,247.22,1158.06,87.34
2010-10-08,1344.2,1120.7,82.66,90.11,20.71,246.51,1165.15,87.34
2010-10-09,,,,90.11,,,,87.34
2010-10-10,,,,90.11,,,,87.34
2010-10-11,1353.3,,82.18,90.11,18.96,245.44,1165.32,87.34
2010-10-12,1345.7,1130.15,81.67,90.11,18.93,242.35,1169.77,87.34
2010-10-13,1369.5,1119.0,83.03,90.11,19.07,242.99,1178.1,87.34
2010-10-14,1376.7,1110.4,82.71,90.11,19.88,246.25,1173.81,87.34
2010-10-15,1371.1,1109.6,81.23,89.68,19.03,246.56,1176.19,87.34
2010-10-16,,,,89.68,,,,87.34
2010-10-17,,,,89.68,,,,87.34
2010-10-18,1371.2,1115.0,83.06,89.68,19.09,242.64,1184.71,87.34
2010-10-19,1335.1,1126.7,79.57,89.68,20.63,240.11,1165.9,87.34
2010-10-20,1343.3,1124.9,81.93,89.68,19.79,241.79,1178.17,87.34
2010-10-21,1324.7,1128.4,80.03,89.68,19.27,242.53,1180.26,87.34
2010-10-22,1324.4,1125.6,81.15,90.41,18.78,245.84,1183.08,87.34
2010-10-23,,,,90.41,,,,87.34
2010-10-24,,,,90.41,,,,87.34
2010-10-25,1338.3,1115.6,82.0,90.41,19.85,248.16,1185.62,87.34
2010-10-26,1338.0,1122.0,82.6,90.41,20.22,248.38,1185.64,87.34
2010-10-27,1322.2,1130.0,81.9,90.41,20.71,246.61,1182.45,87.34
2010-10-28,1342.1,1123.0,82.2,90.41,20.88,246.41,1183.78,87.34
2010-10-29,1357.1,1124.0,81.45,90.09,21.2,242.98,1183.26,87.34
2010-10-30,,,,90.09,,,,87.34
2010-10-31,,,,90.09,,,,87.34
2010-11-01,1350.2,1116.73,82.94,90.09,21.83,247.41,1184.38,86.91
2010-11-02,1356.4,1111.0,83.91,90.09,21.57,247.93,1193.57,86.91
2010-11-03,1337.1,1109.8,84.45,90.09,19.56,249.99,1197.96,86.91
2010-11-04,1382.7,1106.53,86.49,90.09,18.52,251.12,1221.06,86.91
2010-11-05,1397.3,1107.7,86.85,89.24,18.26,251.22,1225.85,86.91
2010-11-06,,,,89.24,,,,86.91
2010-11-07,,,,89.24,,,,86.91
2010-11-08,1402.8,1114.0,87.07,89.24,18.29,251.73,1223.25,86.91
2010-11-09,1409.8,1111.4,87.04,89.24,19.08,252.07,1213.4,86.91
2010-11-10,1399.1,1109.6,87.77,89.24,18.47,255.13,1218.71,86.91
2010-11-11,1403.1,,87.77,89.24,18.64,247.51,1213.54,86.91
2010-11-12,1365.4,1127.2,84.89,90.17,20.61,248.35,1199.21,86.91
2010-11-13,,,,90.17,,,,86.91
2010-11-14,,,,90.17,,,,86.91
2010-11-15,1368.4,1134.7,84.88,90.17,20.2,249.22,1197.75,86.91
2010-11-16,1338.3,1129.8,82.33,90.17,22.58,247.84,1178.34,86.91
2010-11-17,1336.8,1143.75,80.43,90.17,21.76,,1178.59,86.91
2010-11-18,1352.9,1129.9,81.88,90.17,18.75,251.15,1196.69,86.91
2010-11-19,1352.2,1131.15,81.65,90.7,18.04,253.04,1199.73,86.91
2010-11-20,,,,90.7,,,,86.91
2010-11-21,,,,90.7,,,,86.91
2010-11-22,1357.7,1126.0,81.24,90.7,18.37,254.0,1197.84,86.91
2010-11-23,1377.5,1162.0,80.79,90.7,20.63,252.12,1180.73,86.91
2010-11-24,1372.9,1146.0,83.21,90.7,19.56,252.38,1198.35,86.91
2010-11-25,,,,90.7,,,,86.91
2010-11-26,1362.3,1153.95,83.87,91.82,22.22,249.31,1189.4,86.91
2010-11-27,,,,91.82,,,,86.91
2010-11-28,,,,91.82,,,,86.91
2010-11-29,1366.0,1164.05,85.73,91.82,21.53,248.92,1187.76,86.91
2010-11-30,1385.0,1157.2,84.12,91.82,23.54,249.64,1180.55,86.91
2010-12-01,1387.3,1149.0,86.75,91.82,21.36,252.8,1206.07,87.25
2010-12-02,1388.5,1148.0,87.98,91.82,19.39,256.02,1221.53,87.25
2010-12-03,1405.4,1136.5,89.18,90.88,18.01,257.65,1224.71,87.25
2010-12-04,,,,90.88,,,,87.25
2010-12-05,,,,90.88,,,,87.25
2010-12-06,1415.3,1136.7,89.33,90.88,18.02,257.32,1223.12,87.25
2010-12-07,1408.3,1130.0,88.69,90.88,17.99,258.63,1223.75,87.25
2010-12-08,1382.5,1142.5,88.3,90.88,17.74,257.51,1228.28,87.25
2010-12-09,1392.1,1140.0,88.35,90.88,17.25,262.32,1233.0,87.25
2010-12-10,1384.3,1143.0,87.81,91.28,17.61,261.74,1240.4,87.25
2010-12-11,,,,91.28,,,,87.25
2010-12-12,,,,91.28,,,,87.25
2010-12-13,1397.3,1144.9,88.62,91.28,17.55,263.31,1240.46,87.25
2010-12-14,1403.6,1139.0,88.33,91.28,17.61,265.13,1241.59,87.25
2010-12-15,1385.5,1154.95,88.66,91.28,17.94,265.95,1235.23,87.25
2010-12-16,1370.4,1155.0,87.71,91.28,17.39,264.92,1242.87,87.25
2010-12-17,1378.6,1155.05,88.02,91.56,16.11,267.67,1243.91,87.25
2010-12-18,,,,91.56,,,,87.25
2010-12-19,,,,91.56,,,,87.25
2010-12-20,1385.5,1154.1,88.68,91.56,16.41,267.42,1247.08,87.25
2010-12-21,1388.2,1155.15,89.3,91.56,16.49,269.31,1254.6,87.25
2010-12-22,1386.8,1153.9,89.83,91.56,15.45,269.6,1258.84,87.25
2010-12-23,1380.0,1151.9,90.84,91.56,16.47,269.62,1256.77,87.25
2010-12-24,,,,91.3,,268.5,,87.25
2010-12-25,,,,91.3,,,,87.25
2010-12-26,,,,91.3,,,,87.25
2010-12-27,1382.4,1148.9,90.99,91.3,17.67,267.35,1257.54,87.25
2010-12-28,1405.2,1143.0,91.48,91.3,17.52,269.04,1258.51,87.25
2010-12-29,1413.1,1143.0,91.13,91.3,17.28,270.44,1259.78,87.25
2010-12-30,1405.6,1130.6,89.85,91.3,17.52,271.19,1257.88,87.25
2010-12-31,1421.1,,91.38,90.51,17.75,,1257.64,87.25
2011-01-01,,,,90.51,,,,88.29
2011-01-02,,,,90.51,,,,88.29
2011-01-03,1422.6,1124.3,91.59,90.51,17.61,273.81,1271.87,88.29
2011-01-04,1378.5,1124.2,89.39,90.51,17.38,275.78,1270.2,88.29
2011-01-05,1373.4,1127.3,90.3,90.51,17.02,275.35,1276.56,88.29
2011-01-06,1371.4,1121.0,88.37,90.51,17.4,274.72,1273.85,88.29
2011-01-07,1368.5,1120.2,88.07,91.0,17.14,275.61,1271.5,88.29
2011-01-08,,,,91.0,,,,88.29
2011-01-09,,,,91.0,,,,88.29
2011-01-10,1373.7,1128.1,89.24,91.0,17.54,273.99,1269.75,88.29
2011-01-11,1384.0,1124.0,91.11,91.0,16.89,275.1,1274.48,88.29
2011-01-12,1385.7,1111.6,91.85,91.0,16.24,276.17,1285.96,88.29
2011-01-13,1386.9,1111.2,91.39,91.0,16.39,275.52,1283.76,88.29
2011-01-14,1360.4,1114.55,91.53,90.05,15.46,278.17,1293.24,88.29
2011-01-15,,,,90.05,,,,88.29
2011-01-16,,,,90.05,,,,88.29
2011-01-17,,,,90.05,,277.05,,88.29
2011-01-18,1368.1,1111.0,91.38,90.05,15.87,276.6,1295.02,88.29
2011-01-19,1370.2,1113.2,90.85,90.05,17.31,279.25,1281.92,88.29
2011-01-20,1346.5,1124.1,88.56,90.05,17.99,277.75,1280.26,88.29
2011-01-21,1341.0,1118.0,88.22,89.72,18.47,272.67,1283.35,88.29
2011-01-22,,,,89.72,,,,88.29
2011-01-23,,,,89.72,,,,88.29
2011-01-24,1344.5,1118.0,86.74,89.72,17.65,274.5,1290.84,88.29
2011-01-25,1332.3,1121.6,85.08,89.72,17.59,275.18,1291.18,88.29
2011-01-26,1333.0,1116.0,86.15,89.72,16.64,278.81,1296.63,88.29
2011-01-27,1318.4,1114.3,84.45,89.72,16.15,279.2,1299.54,88.29
2011-01-28,1340.7,1115.6,88.15,89.82,20.04,278.45,1276.34,88.29
2011-01-29,,,,89.82,,,,88.29
2011-01-30,,,,89.82,,,,88.29
2011-01-31,1333.8,1119.1,90.99,89.82,19.53,273.12,1286.12,88.29
2011-02-01,1339.6,1113.6,89.54,89.82,17.63,273.45,1307.59,88.89
2011-02-02,1331.5,1113.6,89.78,89.82,17.3,,1304.03,88.89
2011-02-03,1352.3,1113.6,89.42,89.82,16.69,,1307.1,88.89
2011-02-04,1348.3,1113.6,87.87,89.39,15.93,,1310.87,88.89
2011-02-05,,,,89.39,,,,88.89
2011-02-06,,,,89.39,,,,88.89
2011-02-07,1347.6,1103.6,86.3,89.39,16.28,274.9,1319.05,88.89
2011-02-08,1363.4,1100.9,85.85,89.39,15.81,273.16,1324.57,88.89
2011-02-09,1364.8,1107.4,85.59,89.39,15.87,269.9,1320.88,88.89
2011-02-10,1361.9,1120.9,85.44,89.39,16.09,264.57,1321.87,88.89
2011-02-11,1359.9,1126.3,84.39,89.88,15.69,260.4,1329.15,88.89
2011-02-12,,,,89.88,,,,88.89
2011-02-13,,,,89.88,,,,88.89
2011-02-14,1364.6,1125.9,83.66,89.88,15.95,,1332.32,88.89
2011-02-15,1373.6,1121.3,83.13,89.88,16.37,265.4,1328.01,88.89
2011-02-16,1374.7,1115.3,83.8,89.88,16.72,262.56,1336.32,88.89
2011-02-17,1384.7,1114.5,85.05,89.88,16.59,261.23,1340.43,88.89
2011-02-18,1388.2,1111.0,85.03,89.2,16.43,265.8,1343.01,88.89
2011-02-19,,,,89.2,,,,88.89
2011-02-20,,,,89.2,,,,88.89
2011-02-21,,,,89.2,,,,88.89
2011-02-22,1400.5,1125.35,92.65,89.2,20.8,260.13,1315.44,88.89
2011-02-23,1413.4,1125.2,96.04,89.2,22.13,259.21,1307.4,88.89
2011-02-24,1415.3,1130.55,95.83,89.2,21.32,257.69,1306.1,88.89
2011-02-25,1408.7,1125.0,96.52,89.17,19.22,259.28,1319.88,88.89
2011-02-26,,,,89.17,,,,88.89
2011-02-27,,,,89.17,,,,88.89
2011-02-28,1409.3,1123.7,97.1,89.17,18.35,256.36,1327.22,88.89
2011-03-01,1430.7,1123.5,99.63,89.17,21.01,,1306.33,89.24
2011-03-02,1437.2,1121.0,102.27,89.17,20.7,254.96,1308.44,89.24
2011-03-03,1416.0,1115.4,101.92,89.17,18.6,260.48,1330.97,89.24
2011-03-04,1428.2,1117.5,104.34,88.49,19.06,265.42,1321.15,89.24
2011-03-05,,,,88.49,,,,89.24
2011-03-06,,,,88.49,,,,89.24
2011-03-07,1434.1,1115.35,105.37,88.49,20.66,261.44,1310.13,89.24
2011-03-08,1426.9,1115.0,105.06,88.49,19.82,,1321.82,89.24
2011-03-09,1429.3,1114.45,104.39,88.49,20.22,263.8,1320.02,89.24
2011-03-10,1412.2,1123.7,102.73,88.49,21.88,260.59,1295.11,89.24
2011-03-11,1421.5,1126.0,101.14,88.69,20.08,256.83,1304.28,89.24
2011-03-12,,,,88.69,,,,89.24
2011-03-13,,,,88.69,,,,89.24
2011-03-14,1424.6,1127.0,101.2,88.69,21.13,260.69,1296.39,89.24
2011-03-15,1392.6,1135.6,97.23,88.69,24.32,254.29,1281.87,89.24
2011-03-16,1396.0,1132.6,97.99,88.69,29.4,259.44,1256.88,89.24
2011-03-17,1404.0,1133.1,101.47,88.69,26.37,259.8,1273.72,89.24
2011-03-18,1415.9,1126.0,101.06,88.52,24.44,262.39,1279.21,89.24
2011-03-19,,,,88.52,,,,89.24
2011-03-20,,,,88.52,,,,89.24
2011-03-21,1426.2,1121.5,102.36,88.52,20.61,264.89,1298.38,89.24
2011-03-22,1427.5,1120.6,104.53,88.52,20.21,266.05,1293.77,89.24
2011-03-23,1437.9,1124.1,105.21,88.52,19.17,265.67,1297.54,89.24
2011-03-24,1434.8,1118.6,105.04,88.52,18.0,268.93,1309.66,89.24
2011-03-25,1426.1,1110.7,104.89,88.17,17.91,271.66,1313.8,89.24
2011-03-26,,,,88.17,,,,89.24
2011-03-27,,,,88.17,,,,89.24
2011-03-28,1419.8,1111.5,103.54,88.17,19.44,272.13,1310.19,89.24
2011-03-29,1416.0,1112.2,104.34,88.17,18.16,274.22,1319.44,89.24
2011-03-30,1423.8,1100.5,103.8,88.17,17.71,277.04,1328.26,89.24
2011-03-31,1438.9,1097.25,106.19,88.17,17.74,278.87,1325.83,89.24
2011-04-01,1428.1,1086.7,107.55,87.8,17.4,280.73,1332.41,89.33
2011-04-02,,,,87.8,,,,89.33
2011-04-03,,,,87.8,,,,89.33
2011-04-04,1432.2,1086.45,108.14,87.8,17.5,280.01,1332.87,89.33
2011-04-05,1451.8,1086.5,107.82,87.8,17.25,282.03,1332.63,89.33
2011-04-06,1457.7,1084.0,108.38,87.8,16.9,281.35,1335.54,89.33
2011-04-07,1458.5,1088.6,109.82,87.8,17.11,280.45,1333.51,89.33
2011-04-08,1473.4,1082.0,112.27,87.15,17.87,281.05,1328.17,89.33
2011-04-09,,,,87.15,,,,89.33
2011-04-10,,,,87.15,,,,89.33
2011-04-11,1467.4,1085.5,109.5,87.15,16.59,280.49,1324.46,89.33
2011-04-12,1452.9,1091.8,105.75,87.15,17.09,276.13,1314.16,89.33
2011-04-13,1454.9,1086.3,106.6,87.15,16.92,280.68,1314.41,89.33
2011-04-14,1471.7,1086.55,107.73,87.15,16.27,283.15,1314.52,89.33
2011-04-15,1485.3,1087.0,109.17,87.01,15.32,282.8,1319.68,89.33
2011-04-16,,,,87.01,,,,89.33
2011-04-17,,,,87.01,,,,89.33
2011-04-18,1492.3,1088.0,106.7,87.01,16.96,282.14,1305.14,89.33
2011-04-19,1494.5,1085.7,107.18,87.01,15.83,280.43,1312.62,89.33
2011-04-20,1498.3,1076.5,110.84,87.01,15.07,287.19,1330.36,89.33
2011-04-21,1503.2,1079.5,111.72,87.01,14.69,291.16,1337.38,89.33
2011-04-22,,1080.8,,86.37,,290.84,,89.33
2011-04-23,,,,86.37,,,,89.33
2011-04-24,,,,86.37,,,,89.33
2011-04-25,1508.6,1081.1,111.68,86.37,15.77,292.69,1335.25,89.33
2011-04-26,1503.0,1083.6,111.72,86.37,15.62,291.38,1347.24,89.33
2011-04-27,1516.7,1078.8,112.31,86.37,15.35,292.08,1355.66,89.33
2011-04-28,1530.8,1072.9,112.38,86.37,14.62,292.15,1360.48,89.33
2011-04-29,1556.0,1068.4,113.39,85.6,14.75,290.39,1363.61,89.33
2011-04-30,,,,85.6,,,,89.33
2011-05-01,,,,85.6,,,,89.5
2011-05-02,1556.7,1065.5,113.03,85.6,15.99,295.35,1361.22,89.5
2011-05-03,1540.1,1071.3,110.6,85.6,16.7,291.65,1356.62,89.5
2011-05-04,1514.9,1076.3,108.79,85.6,17.08,288.46,1347.32,89.5
2011-05-05,1480.9,1081.3,99.89,85.6,18.2,,1335.1,89.5
2011-05-06,1491.2,1085.1,96.87,86.46,18.4,283.68,1340.2,89.5
2011-05-07,,,,86.46,,,,89.5
2011-05-08,,,,86.46,,,,89.5
2011-05-09,1502.9,1081.0,100.32,86.46,17.16,282.59,1346.29,89.5
2011-05-10,1516.6,1082.2,103.39,86.46,15.91,,1357.16,89.5
2011-05-11,1501.1,1076.0,97.88,86.46,16.95,286.3,1342.08,89.5
2011-05-12,1506.6,1088.0,98.53,86.46,16.03,280.02,1348.65,89.5
2011-05-13,1493.4,1086.8,99.21,87.42,17.07,279.59,1337.77,89.5
2011-05-14,,,,87.42,,,,89.5
2011-05-15,,,,87.42,,,,89.5
2011-05-16,1490.4,1091.7,96.91,87.42,18.24,277.22,1329.47,89.5
2011-05-17,1479.8,1088.3,96.4,87.42,17.55,277.15,1328.98,89.5
2011-05-18,1495.6,1087.6,99.52,87.42,16.23,281.76,1340.68,89.5
2011-05-19,1492.2,1086.0,97.99,87.42,15.52,276.47,1343.6,89.5
2011-05-20,1508.8,1082.7,99.15,87.3,17.43,278.59,1333.27,89.5
2011-05-21,,,,87.3,,,,89.5
2011-05-22,,,,87.3,,,,89.5
2011-05-23,1515.3,1097.8,97.06,87.3,18.27,271.19,1317.37,89.5
2011-05-24,1523.2,1093.2,99.13,87.3,17.82,271.78,1316.28,89.5
2011-05-25,1526.6,1101.6,100.78,87.3,17.07,268.62,1320.47,89.5
2011-05-26,1522.8,1089.0,100.18,87.3,16.09,276.33,1325.69,89.5
2011-05-27,1536.3,1082.2,100.58,86.95,15.98,277.35,1331.1,89.5
2011-05-28,,,,86.95,,,,89.5
2011-05-29,,,,86.95,,,,89.5
2011-05-30,,,,86.95,,,,89.5
2011-05-31,1535.9,1078.0,102.7,86.95,15.45,282.76,1345.2,89.5
2011-06-01,1542.4,1076.2,100.3,86.95,18.3,282.75,1314.55,89.67
2011-06-02,1532.0,1081.4,100.41,86.95,18.09,278.76,1312.94,89.67
2011-06-03,1541.7,1077.0,100.28,86.42,17.95,278.84,1300.16,89.67
2011-06-04,,,,86.42,,,,89.67
2011-06-05,,,,86.42,,,,89.67
2011-06-06,1546.5,1078.55,99.07,86.42,18.49,,1286.17,89.67
2011-06-07,1543.3,1081.8,99.18,86.42,18.07,276.97,1284.94,89.67
2011-06-08,1538.1,1080.0,100.77,86.42,18.79,274.46,1279.56,89.67
2011-06-09,1542.1,1082.8,101.95,86.42,17.77,272.44,1289.0,89.67
2011-06-10,1528.6,1084.0,99.3,87.04,18.86,269.04,1270.98,89.67
2011-06-11,,,,87.04,,,,89.67
2011-06-12,,,,87.04,,,,89.67
2011-06-13,1515.0,1085.2,97.2,87.04,19.61,269.79,1271.83,89.67
2011-06-14,1523.8,1082.4,99.37,87.04,18.26,273.67,1287.87,89.67
2011-06-15,1525.6,1083.0,94.83,87.04,21.32,274.53,1265.42,89.67
2011-06-16,1529.3,1091.15,94.95,87.04,22.73,268.88,1267.64,89.67
2011-06-17,1538.6,1085.8,93.02,87.22,21.85,266.22,1271.5,89.67
2011-06-18,,,,87.22,,,,89.67
2011-06-19,,,,87.22,,,,89.67
2011-06-20,1541.5,1082.25,93.23,87.22,19.99,264.39,1278.36,89.67
2011-06-21,1546.0,1078.45,93.7,87.22,18.86,268.65,1295.52,89.67
2011-06-22,1552.9,1073.85,94.96,87.22,18.52,270.71,1287.14,89.67
2011-06-23,1520.1,1082.85,90.7,87.22,19.29,269.34,1283.5,89.67
2011-06-24,1500.5,1078.7,90.89,87.5,21.1,274.31,1268.45,89.67
2011-06-25,,,,87.5,,,,89.67
2011-06-26,,,,87.5,,,,89.67
2011-06-27,1496.0,1084.95,90.65,87.5,20.56,271.44,1280.1,89.67
2011-06-28,1499.7,1080.3,92.9,87.5,19.17,270.41,1296.67,89.67
2011-06-29,1509.9,1073.0,94.85,87.5,17.27,274.61,1307.41,89.67
2011-06-30,1502.3,1066.3,95.3,87.5,16.52,275.17,1320.64,89.67
2011-07-01,1482.3,1065.05,94.81,86.36,15.87,278.77,1339.67,90.1
2011-07-02,,,,86.36,,,,90.1
2011-07-03,,,,86.36,,,,90.1
2011-07-04,,,,86.36,,,,90.1
2011-07-05,1512.3,1065.0,96.92,86.36,16.06,283.88,1337.88,90.1
2011-07-06,1528.7,1066.5,96.67,86.36,16.34,285.12,1339.22,90.1
2011-07-07,1530.2,1063.9,98.7,86.36,15.95,286.07,1353.22,90.1
2011-07-08,1541.2,1056.9,96.2,86.62,15.95,286.05,1343.8,90.1
2011-07-09,,,,86.62,,,,90.1
2011-07-10,,,,86.62,,,,90.1
2011-07-11,1548.8,1057.6,95.16,86.62,18.39,282.46,1319.49,90.1
2011-07-12,1561.9,1064.05,97.41,86.62,19.87,275.9,1313.64,90.1
2011-07-13,1585.2,1055.1,98.04,86.62,19.91,278.32,1317.72,90.1
2011-07-14,1589.0,1055.55,95.75,86.62,20.8,278.03,1308.87,90.1
2011-07-15,1589.8,1058.0,97.24,86.52,19.53,279.59,1316.14,90.1
2011-07-16,,,,86.52,,,,90.1
2011-07-17,,,,86.52,,,,90.1
2011-07-18,1602.1,1061.85,95.94,86.52,20.95,276.71,1305.44,90.1
2011-07-19,1600.9,1059.6,97.49,86.52,19.21,276.58,1326.73,90.1
2011-07-20,1596.7,1053.95,98.11,86.52,19.09,280.41,1325.84,90.1
2011-07-21,1586.8,1054.5,98.96,86.52,17.56,279.2,1343.8,90.1
2011-07-22,1601.3,1050.25,99.53,85.86,17.52,282.59,1345.02,90.1
2011-07-23,,,,85.86,,,,90.1
2011-07-24,,,,85.86,,,,90.1
2011-07-25,1612.0,1053.45,98.97,85.86,19.35,279.66,1337.43,90.1
2011-07-26,1616.6,1049.2,99.61,85.86,20.23,282.04,1331.94,90.1
2011-07-27,1615.0,1052.5,97.4,85.86,22.98,282.7,1304.89,90.1
2011-07-28,1613.4,1051.55,97.48,85.86,23.74,280.04,1300.67,90.1
2011-07-29,1628.3,1054.0,95.68,85.73,25.25,277.11,1292.28,90.1
2011-07-30,,,,85.73,,,,90.1
2011-07-31,,,,85.73,,,,90.1
2011-08-01,1619.0,1051.3,94.98,85.73,23.66,282.36,1286.94,90.71
2011-08-02,1641.9,1052.4,93.78,85.73,24.79,275.4,1254.05,90.71
2011-08-03,1663.4,1058.85,91.87,85.73,23.38,267.8,1260.34,90.71
2011-08-04,1656.2,1061.5,86.75,85.73,31.66,261.54,1200.07,90.71
2011-08-05,1648.8,1067.2,86.89,87.11,32.0,251.9,1199.38,90.71
2011-08-06,,,,87.11,,,,90.71
2011-08-07,,,,87.11,,,,90.71
2011-08-08,1710.2,1082.9,81.27,87.11,48.0,242.45,1119.46,90.71
2011-08-09,1740.0,1087.45,79.32,87.11,35.06,233.52,1172.53,90.71
2011-08-10,1781.3,1080.1,83.05,87.11,42.99,,1120.76,90.71
2011-08-11,1748.8,1078.2,85.48,87.11,39.0,234.14,1172.64,90.71
2011-08-12,1740.2,1078.9,85.19,87.18,36.36,230.38,1178.81,90.71
2011-08-13,,,,87.18,,,,90.71
2011-08-14,,,,87.18,,,,90.71
2011-08-15,1755.5,1078.8,87.88,87.18,31.87,,1204.49,90.71
2011-08-16,1782.4,1068.05,86.65,87.18,32.85,242.23,1192.76,90.71
2011-08-17,1791.2,1068.55,87.58,87.18,31.58,243.43,1193.89,90.71
2011-08-18,1818.9,1076.75,82.38,87.18,42.67,238.31,1140.65,90.71
2011-08-19,1848.9,1087.2,82.33,86.83,43.05,222.98,1123.53,90.71
2011-08-20,,,,86.83,,,,90.71
2011-08-21,,,,86.83,,,,90.71
2011-08-22,1888.7,1083.15,84.42,86.83,42.44,219.15,1123.82,90.71
2011-08-23,1858.3,1077.2,85.35,86.83,36.27,228.12,1162.35,90.71
2011-08-24,1754.1,1083.65,84.99,86.83,35.9,225.14,1177.6,90.71
2011-08-25,1759.8,1088.25,85.15,86.83,39.76,227.02,1159.27,90.71
2011-08-26,1794.1,1079.5,85.37,87.08,35.59,229.0,1176.8,90.71
2011-08-27,,,,87.08,,,,90.71
2011-08-28,,,,87.08,,,,90.71
2011-08-29,1788.4,1073.45,87.27,87.08,32.28,235.78,1210.08,90.71
2011-08-30,1826.7,1072.15,88.9,87.08,32.89,237.64,1212.92,90.71
2011-08-31,1828.5,1063.9,88.81,87.08,31.62,242.16,1218.89,90.71
2011-09-01,1826.0,1061.4,88.93,87.08,31.82,242.37,1204.42,90.62
2011-09-02,1873.7,1064.85,86.45,87.18,33.92,240.16,1173.97,90.62
2011-09-03,,,,87.18,,,,90.62
2011-09-04,,,,87.18,,,,90.62
2011-09-05,,,,87.18,,228.89,,90.62
2011-09-06,1869.9,1076.9,85.99,87.18,37.0,226.65,1165.24,90.62
2011-09-07,1814.2,1070.65,89.34,87.18,33.38,236.12,1198.62,90.62
2011-09-08,1854.4,1075.3,89.05,87.18,34.32,238.47,1185.9,90.62
2011-09-09,1856.4,1077.1,87.24,88.95,38.52,233.4,1154.23,90.62
2011-09-10,,,,88.95,,,,90.62
2011-09-11,,,,88.95,,,,90.62
2011-09-12,1809.9,1076.75,88.19,88.95,38.59,,1162.27,90.62
2011-09-13,1826.8,1076.75,90.21,88.95,36.91,,1172.87,90.62
2011-09-14,1823.5,1107.45,88.91,88.95,34.6,225.15,1188.68,90.62
2011-09-15,1778.5,1113.25,89.4,88.95,31.97,228.58,1209.11,90.62
2011-09-16,1812.1,1112.4,87.96,89.11,30.98,237.5,1216.01,90.62
2011-09-17,,,,89.11,,,,90.62
2011-09-18,,,,89.11,,,,90.62
2011-09-19,1776.4,1139.4,85.7,89.11,32.73,235.32,1204.09,90.62
2011-09-20,1806.6,1140.0,86.92,89.11,32.86,237.53,1202.09,90.62
2011-09-21,1805.5,1152.4,85.77,89.11,37.32,239.51,1166.76,90.62
2011-09-22,1739.2,1179.7,80.29,89.11,41.35,232.05,1129.56,90.62
2011-09-23,1637.5,1164.9,79.58,91.69,41.25,218.62,1136.43,90.62
2011-09-24,,,,91.69,,,,90.62
2011-09-25,,,,91.69,,,,90.62
2011-09-26,1592.5,1181.0,79.97,91.69,39.02,214.18,1162.95,90.62
2011-09-27,1650.6,1164.5,84.18,91.69,37.71,225.29,1175.38,90.62
2011-09-28,1616.3,1171.9,80.94,91.69,41.08,223.82,1151.06,90.62
2011-09-29,1615.5,1172.6,81.87,91.69,38.84,230.37,1160.4,90.62
2011-09-30,1620.4,1180.9,78.93,92.0,42.96,230.41,1131.42,90.62
2011-10-01,,,,92.0,,,,90.45
2011-10-02,,,,92.0,,,,90.45
2011-10-03,1656.0,1180.0,77.34,92.0,45.45,,1099.23,90.45
2011-10-04,1614.7,1197.5,75.4,92.0,40.82,221.93,1123.95,90.45
2011-10-05,1640.3,1186.5,79.41,92.0,37.81,217.34,1144.03,90.45
2011-10-06,1651.9,1184.0,82.32,92.0,36.27,223.94,1164.97,90.45
2011-10-07,1634.5,1170.5,82.7,91.25,36.2,230.27,1155.46,90.45
2011-10-08,,,,91.25,,,,90.45
2011-10-09,,,,91.25,,,,90.45
2011-10-10,1669.6,,85.14,91.25,33.02,230.82,1194.89,90.45
2011-10-11,1659.7,1171.15,85.54,91.25,32.86,234.8,1195.54,90.45
2011-10-12,1681.3,1164.5,85.3,91.25,31.26,236.66,1207.25,90.45
2011-10-13,1667.3,1157.75,83.96,91.25,30.7,238.09,1203.66,90.45
2011-10-14,1681.8,1156.0,86.8,90.21,28.24,239.67,1224.58,90.45
2011-10-15,,,,90.21,,,,90.45
2011-10-16,,,,90.21,,,,90.45
2011-10-17,1675.5,1148.35,86.38,90.21,33.39,243.49,1200.86,90.45
2011-10-18,1651.7,1149.5,88.34,90.21,31.56,239.89,1225.38,90.45
2011-10-19,1646.0,1133.5,86.11,90.21,34.44,242.11,1209.88,90.45
2011-10-20,1611.9,1147.0,86.07,90.21,34.78,235.57,1215.39,90.45
2011-10-21,1635.1,1147.2,87.19,90.28,31.32,240.02,1238.25,90.45
2011-10-22,,,,90.28,,,,90.45
2011-10-23,,,,90.28,,,,90.45
2011-10-24,1651.5,1133.2,91.12,90.28,29.26,248.21,1254.19,90.45
2011-10-25,1699.6,1131.25,92.98,90.28,32.22,247.2,1229.05,90.45
2011-10-26,1722.7,1134.65,90.2,90.28,29.86,247.56,1242.0,90.45
2011-10-27,1746.7,1106.6,93.96,90.28,25.46,,1284.59,90.45
2011-10-28,1746.2,1102.5,93.32,88.64,24.53,252.47,1285.09,90.45
2011-10-29,,,,88.64,,,,90.45
2011-10-30,,,,88.64,,,,90.45
2011-10-31,1724.2,1112.05,93.19,88.64,29.96,249.88,1253.3,90.45
2011-11-01,1711.0,1122.05,92.19,88.64,34.77,249.92,1218.28,90.53
2011-11-02,1728.7,1120.65,92.51,88.64,32.74,248.03,1237.9,90.53
2011-11-03,1764.2,1127.4,94.07,88.64,30.5,244.09,1261.15,90.53
2011-11-04,1755.3,1110.6,94.26,90.32,30.16,252.34,1253.23,90.53
2011-11-05,,,,90.32,,,,90.53
2011-11-06,,,,90.32,,,,90.53
2011-11-07,1790.3,1117.3,95.52,90.32,29.85,250.78,1261.12,90.53
2011-11-08,1798.4,1118.1,96.8,90.32,27.48,248.32,1275.92,90.53
2011-11-09,1790.9,1118.85,95.74,90.32,36.16,249.23,1229.1,90.53
2011-11-10,1758.9,1131.85,97.78,90.32,32.81,236.02,1239.7,90.53
2011-11-11,1787.5,,98.99,90.86,30.04,242.99,1263.85,90.53
2011-11-12,,,,90.86,,,,90.53
2011-11-13,,,,90.86,,,,90.53
2011-11-14,1777.8,1126.05,98.14,90.86,31.13,248.27,1251.78,90.53
2011-11-15,1781.7,1128.5,99.37,90.86,31.22,246.21,1257.81,90.53
2011-11-16,1773.8,1134.15,102.59,90.86,33.51,241.98,1236.91,90.53
2011-11-17,1719.8,1132.15,98.82,90.86,34.51,244.6,1216.13,90.53
2011-11-18,1724.7,1138.5,97.67,91.37,32.0,239.43,1215.65,90.53
2011-11-19,,,,91.37,,,,90.53
2011-11-20,,,,91.37,,,,90.53
2011-11-21,1678.3,1143.0,96.73,91.37,32.91,,1192.98,90.53
2011-11-22,1702.2,1146.65,97.76,91.37,31.97,237.8,1188.04,90.53
2011-11-23,1695.7,1159.7,96.16,91.37,33.98,231.68,1161.79,90.53
2011-11-24,,,,91.37,,,,90.53
2011-11-25,1685.5,1162.0,96.91,93.15,34.47,231.03,1158.67,90.53
2011-11-26,,,,93.15,,,,90.53
2011-11-27,,,,93.15,,,,90.53
2011-11-28,1710.8,1152.5,98.21,93.15,32.13,236.59,1192.55,90.53
2011-11-29,1713.4,1139.5,99.79,93.15,30.64,242.5,1195.19,90.53
2011-11-30,1745.5,1140.05,100.36,93.15,27.8,241.19,1246.96,90.53
2011-12-01,1735.3,1126.55,100.2,93.15,27.41,251.52,1244.58,90.88
2011-12-02,1747.0,1128.0,100.97,91.35,27.52,251.19,1244.28,90.88
2011-12-03,,,,91.35,,,,90.88
2011-12-04,,,,91.35,,,,90.88
2011-12-05,1730.7,1124.5,100.94,91.35,27.84,252.22,1257.08,90.88
2011-12-06,1727.9,1128.5,101.25,91.35,28.13,249.48,1258.47,90.88
2011-12-07,1740.9,1129.05,100.45,91.35,28.67,251.57,1261.01,90.88
2011-12-08,1709.8,1133.55,98.35,91.35,30.59,250.31,1234.35,90.88
2011-12-09,1712.8,1146.6,99.4,91.61,26.38,244.93,1255.19,90.88
2011-12-10,,,,91.61,,,,90.88
2011-12-11,,,,91.61,,,,90.88
2011-12-12,1664.2,1149.2,97.77,91.61,25.67,248.55,1236.47,90.88
2011-12-13,1659.9,1157.0,100.24,91.61,25.41,243.48,1225.73,90.88
2011-12-14,1584.3,1158.3,94.92,91.61,26.04,242.35,1211.82,90.88
2011-12-15,1574.6,1156.95,93.84,91.61,25.11,236.72,1215.75,90.88
2011-12-16,1595.6,1158.5,93.55,92.83,24.29,239.82,1219.66,90.88
2011-12-17,,,,92.83,,,,90.88
2011-12-18,,,,92.83,,,,90.88
2011-12-19,1594.4,1175.5,93.86,92.83,24.92,231.74,1205.35,90.88
2011-12-20,1615.6,1157.0,97.16,92.83,23.22,233.83,1241.3,90.88
2011-12-21,1611.9,1150.8,98.54,92.83,21.43,241.51,1243.72,90.88
2011-12-22,1608.9,1154.0,99.42,92.83,21.16,241.4,1254.0,90.88
2011-12-23,1604.7,1149.0,99.72,92.39,20.73,244.22,1265.33,90.88
2011-12-24,,,,92.39,,,,90.88
2011-12-25,,,,92.39,,,,90.88
2011-12-26,,,,92.39,,,,90.88
2011-12-27,1594.2,1155.65,101.29,92.39,21.91,240.79,1265.43,90.88
2011-12-28,1562.9,1157.0,99.44,92.39,23.52,238.15,1249.64,90.88
2011-12-29,1539.9,1156.5,99.68,92.39,22.65,238.08,1263.02,90.88
2011-12-30,1565.8,1158.5,98.83,92.43,23.4,,1257.6,90.88
2011-12-31,,,,92.43,,,,90.88
2012-01-01,,,,92.43,,,,91.24
2012-01-02,,,,92.43,,,,91.24
2012-01-03,1599.7,1143.7,102.96,92.43,22.97,245.82,1277.06,91.24
2012-01-04,1611.9,1147.35,103.22,92.43,22.22,244.24,1277.3,91.24
2012-01-05,1619.4,1155.55,101.81,92.43,21.48,243.56,1281.06,91.24
2012-01-06,1616.1,1160.0,101.56,92.72,20.63,240.57,1277.81,91.24
2012-01-07,,,,92.72,,,,91.24
2012-01-08,,,,92.72,,,,91.24
2012-01-09,1607.5,1158.8,101.31,92.72,21.07,238.02,1280.7,91.24
2012-01-10,1631.0,1153.55,102.24,92.72,20.69,241.69,1292.08,91.24
2012-01-11,1639.2,1159.55,100.89,92.72,21.05,240.83,1292.48,91.24
2012-01-12,1647.3,1151.25,99.03,92.72,20.47,243.46,1295.5,91.24
2012-01-13,1630.4,1150.35,98.69,92.54,20.91,245.28,1289.09,91.24
2012-01-14,,,,92.54,,,,91.24
2012-01-15,,,,92.54,,,,91.24
2012-01-16,,,,92.54,,,,91.24
2012-01-17,1655.2,1142.85,100.7,92.54,22.2,247.81,1293.67,91.24
2012-01-18,1659.5,1139.0,100.61,92.54,20.89,247.82,1308.04,91.24
2012-01-19,1654.1,1133.6,100.32,92.54,19.87,251.27,1314.5,91.24
2012-01-20,1663.7,1133.0,98.15,91.37,18.28,256.61,1315.38,91.24
2012-01-21,,,,91.37,,,,91.24
2012-01-22,,,,91.37,,,,91.24
2012-01-23,1678.0,1125.4,99.47,91.37,18.67,,1316.0,91.24
2012-01-24,1664.2,1129.25,98.84,91.37,18.91,,1314.65,91.24
2012-01-25,1699.8,1129.05,99.23,91.37,18.31,257.14,1326.06,91.24
2012-01-26,1726.3,1120.1,99.76,91.37,18.57,257.52,1318.43,91.24
2012-01-27,1731.8,1120.5,99.47,90.26,18.53,258.65,1316.33,91.24
2012-01-28,,,,90.26,,,,91.24
2012-01-29,,,,90.26,,,,91.24
2012-01-30,1731.0,1128.0,98.75,90.26,19.4,255.21,1313.01,91.24
2012-01-31,1737.8,1125.7,98.46,90.26,19.44,256.9,1312.41,91.24
2012-02-01,1747.1,1126.35,97.63,90.26,18.55,257.06,1324.09,91.59
2012-02-02,1756.8,1115.65,96.36,90.26,17.98,260.35,1325.54,91.59
2012-02-03,1737.9,1116.0,97.8,89.85,17.1,258.53,1344.9,91.59
2012-02-04,,,,89.85,,,,91.59
2012-02-05,,,,89.85,,,,91.59
2012-02-06,1722.8,1121.0,96.89,89.85,17.76,258.93,1344.33,91.59
2012-02-07,1746.4,1117.0,98.55,89.85,17.65,259.8,1347.05,91.59
2012-02-08,1729.3,1116.4,98.8,89.85,18.16,262.94,1349.96,91.59
2012-02-09,1739.0,1118.55,99.88,89.85,18.63,264.5,1351.95,91.59
2012-02-10,1723.3,1123.0,98.68,90.1,20.79,261.17,1342.64,91.59
2012-02-11,,,,90.1,,,,91.59
2012-02-12,,,,90.1,,,,91.59
2012-02-13,1723.0,1119.95,100.39,90.1,19.04,262.75,1351.77,91.59
2012-02-14,1715.9,1126.55,100.82,90.1,19.54,262.38,1350.5,91.59
2012-02-15,1726.3,1124.65,101.82,90.1,21.14,265.88,1343.23,91.59
2012-02-16,1726.8,1128.65,102.33,90.1,19.22,261.89,1358.04,91.59
2012-02-17,1724.5,1126.25,103.27,90.23,17.78,265.82,1361.23,91.59
2012-02-18,,,,90.23,,,,91.59
2012-02-19,,,,90.23,,,,91.59
2012-02-20,,,,90.23,,265.95,,91.59
2012-02-21,1757.1,1124.25,105.88,90.23,18.19,265.89,1362.21,91.59
2012-02-22,1770.0,1126.45,105.99,90.23,18.19,266.63,1357.66,91.59
2012-02-23,1784.9,1128.9,107.44,90.23,16.8,263.58,1363.46,91.59
2012-02-24,1775.1,1124.0,109.39,89.91,17.31,265.2,1365.74,91.59
2012-02-25,,,,89.91,,,,91.59
2012-02-26,,,,89.91,,,,91.59
2012-02-27,1773.6,1127.25,108.49,89.91,18.19,261.3,1367.59,91.59
2012-02-28,1787.0,1125.85,106.59,89.91,17.96,263.45,1372.18,91.59
2012-02-29,1709.9,1117.1,107.08,89.91,18.43,267.13,1365.68,91.59
2012-03-01,1721.1,1116.0,108.76,89.91,17.26,,1374.09,91.61
2012-03-02,1708.8,1116.5,106.68,90.14,17.29,267.45,1369.63,91.61
2012-03-03,,,,90.14,,,,91.61
2012-03-04,,,,90.14,,,,91.61
2012-03-05,1703.0,1116.0,106.7,90.14,18.05,264.75,1364.33,91.61
2012-03-06,1671.4,1122.64,104.71,90.14,20.87,262.85,1343.36,91.61
2012-03-07,1683.3,1123.7,106.16,90.14,19.07,260.35,1352.63,91.61
2012-03-08,1698.1,1117.2,106.65,90.14,17.95,262.85,1365.91,91.61
2012-03-09,1710.9,1116.0,107.4,90.43,17.11,265.62,1370.87,91.61
2012-03-10,,,,90.43,,,,91.61
2012-03-11,,,,90.43,,,,91.61
2012-03-12,1699.2,1124.15,106.34,90.43,15.64,263.74,1371.09,91.61
2012-03-13,1693.7,1123.45,106.7,90.43,14.8,266.9,1395.95,91.61
2012-03-14,1642.5,1126.1,105.49,90.43,15.31,269.85,1394.28,91.61
2012-03-15,1659.1,1124.85,105.19,90.43,15.42,269.76,1402.6,91.61
2012-03-16,1655.5,1125.7,107.03,90.52,14.47,268.27,1404.17,91.61
2012-03-17,,,,90.52,,,,91.61
2012-03-18,,,,90.52,,,,91.61
2012-03-19,1666.9,1120.35,108.09,90.52,15.04,270.27,1409.75,91.61
2012-03-20,1646.7,1128.05,105.68,90.52,15.58,269.68,1405.52,91.61
2012-03-21,1650.0,1130.25,106.87,90.52,15.13,267.79,1402.89,91.61
2012-03-22,1642.3,1134.6,104.98,90.52,15.57,267.98,1392.78,91.61
2012-03-23,1662.3,1135.0,106.43,90.62,14.82,267.95,1397.11,91.61
2012-03-24,,,,90.62,,,,91.61
2012-03-25,,,,90.62,,,,91.61
2012-03-26,1685.5,1133.35,107.07,90.62,14.26,267.41,1416.51,91.61
2012-03-27,1684.8,1134.4,107.32,90.62,15.59,270.71,1412.52,91.61
2012-03-28,1657.9,1136.3,105.4,90.62,15.47,269.64,1405.54,91.61
2012-03-29,1652.2,1139.75,102.79,90.62,15.48,267.13,1403.28,91.61
2012-03-30,1669.3,1131.4,103.03,90.46,15.5,266.58,1408.47,91.61
2012-03-31,,,,90.46,,,,91.61
2012-04-01,,,,90.46,,,,91.61
2012-04-02,1677.5,1125.75,105.25,90.46,15.64,268.99,1419.04,91.61
2012-04-03,1670.0,1122.35,104.02,90.46,15.66,272.46,1413.38,91.61
2012-04-04,1612.3,1131.25,101.53,90.46,16.44,268.33,1398.96,91.61
2012-04-05,1628.5,1129.5,103.29,90.46,16.7,,1398.08,91.61
2012-04-06,,1131.75,,90.94,,,,91.61
2012-04-07,,,,90.94,,,,91.61
2012-04-08,,,,90.94,,,,91.61
2012-04-09,1642.5,1138.1,102.45,90.94,18.81,,1382.2,91.61
2012-04-10,1659.5,1139.5,101.12,90.94,20.39,265.38,1358.59,91.61
2012-04-11,1659.0,1143.35,102.66,90.94,20.02,,1368.71,91.61
2012-04-12,1679.5,1137.4,103.69,90.94,17.2,263.95,1387.57,91.61
2012-04-13,1659.1,1134.2,102.84,91.06,19.55,266.86,1370.26,91.61
2012-04-14,,,,91.06,,,,91.61
2012-04-15,,,,91.06,,,,91.61
2012-04-16,1648.7,1138.0,102.92,91.06,19.55,264.49,1369.57,91.61
2012-04-17,1650.3,1134.75,104.23,91.06,18.46,263.32,1390.78,91.61
2012-04-18,1638.8,1139.35,102.65,91.06,18.64,266.22,1385.14,91.61
2012-04-19,1640.6,1138.2,102.38,91.06,18.36,265.58,1376.92,91.61
2012-04-20,1642.1,1138.1,103.58,90.81,17.44,261.84,1378.53,91.61
2012-04-21,,,,90.81,,,,91.61
2012-04-22,,,,90.81,,,,91.61
2012-04-23,1631.9,1142.5,102.68,90.81,18.97,261.66,1366.94,91.61
2012-04-24,1643.0,1138.4,103.1,90.81,18.1,260.76,1371.97,91.61
2012-04-25,1641.4,1139.0,103.72,90.81,16.82,260.82,1390.69,91.61
2012-04-26,1659.6,1133.0,104.56,90.81,16.24,261.51,1399.98,91.61
2012-04-27,1664.0,1131.0,104.86,90.33,16.32,263.43,1403.36,91.61
2012-04-28,,,,90.33,,,,91.61
2012-04-29,,,,90.33,,,,91.61
2012-04-30,1663.4,1130.05,104.89,90.33,17.15,264.35,1397.91,91.61
2012-05-01,1661.7,1128.35,106.17,90.33,16.6,,1405.82,91.77
2012-05-02,1653.4,1129.1,105.25,90.33,16.88,266.61,1402.31,91.77
2012-05-03,1634.2,1130.4,102.56,90.33,17.56,266.05,1391.57,91.77
2012-05-04,1644.7,1134.25,98.49,91.05,19.16,264.4,1369.1,91.77
2012-05-05,,,,91.05,,,,91.77
2012-05-06,,,,91.05,,,,91.77
2012-05-07,1638.6,1138.0,97.86,91.05,18.94,259.73,1369.58,91.77
2012-05-08,1604.0,1138.46,97.13,91.05,19.05,261.12,1363.72,91.77
2012-05-09,1593.7,1143.95,96.8,91.05,20.08,258.79,1354.58,91.77
2012-05-10,1595.1,1142.15,97.1,91.05,18.83,257.89,1357.99,91.77
2012-05-11,1583.6,1146.15,96.03,91.73,19.89,254.0,1353.39,91.77
2012-05-12,,,,91.73,,,,91.77
2012-05-13,,,,91.73,,,,91.77
2012-05-14,1560.6,1153.5,94.75,91.73,21.87,254.11,1338.35,91.77
2012-05-15,1556.8,1156.1,93.97,91.73,21.97,252.32,1330.66,91.77
2012-05-16,1536.2,1166.25,92.78,91.73,22.27,243.93,1324.8,91.77
2012-05-17,1574.5,1165.75,92.53,91.73,24.49,244.48,1304.86,91.77
2012-05-18,1591.6,1170.0,91.51,93.14,25.1,235.85,1295.22,91.77
2012-05-19,,,,93.14,,,,91.77
2012-05-20,,,,93.14,,,,91.77
2012-05-21,1588.4,1167.0,92.57,93.14,22.01,238.62,1315.99,91.77
2012-05-22,1576.3,1165.0,91.44,93.14,22.48,242.66,1316.63,91.77
2012-05-23,1548.1,1174.85,89.4,93.14,22.33,239.76,1318.86,91.77
2012-05-24,1557.3,1176.72,90.36,93.14,21.54,240.51,1320.68,91.77
2012-05-25,1568.8,1185.0,90.64,93.95,21.76,241.6,1317.82,91.77
2012-05-26,,,,93.95,,,,91.77
2012-05-27,,,,93.95,,,,91.77
2012-05-28,,,,93.95,,,,91.77
2012-05-29,1548.6,1175.82,90.75,93.95,21.03,245.26,1332.42,91.77
2012-05-30,1563.4,1180.41,87.79,93.95,24.14,244.68,1313.32,91.77
2012-05-31,1562.6,1180.0,86.52,93.95,24.06,244.05,1310.33,91.77
2012-06-01,1620.5,1182.0,83.17,94.7,26.66,242.98,1278.04,91.64
2012-06-02,,,,94.7,,,,91.64
2012-06-03,,,,94.7,,,,91.64
2012-06-04,1612.2,1178.99,83.95,94.7,26.12,236.3,1278.18,91.64
2012-06-05,1615.2,1177.08,84.31,94.7,24.68,238.79,1285.5,91.64
2012-06-06,1632.8,1173.89,85.05,94.7,22.16,,1315.13,91.64
2012-06-07,1586.6,1162.75,84.78,94.7,21.72,245.51,1314.99,91.64
2012-06-08,1590.1,1173.59,84.08,94.2,21.23,243.69,1325.66,91.64
2012-06-09,,,,94.2,,,,91.64
2012-06-10,,,,94.2,,,,91.64
2012-06-11,1595.5,1171.0,82.58,94.2,23.56,248.3,1308.93,91.64
2012-06-12,1612.7,1168.5,83.35,94.2,22.09,246.43,1324.18,91.64
2012-06-13,1618.1,1166.23,82.56,94.2,24.27,247.08,1314.88,91.64
2012-06-14,1618.4,1163.78,83.83,94.2,21.68,248.62,1329.1,91.64
2012-06-15,1627.0,1164.25,84.03,93.52,21.11,246.57,1342.84,91.64
2012-06-16,,,,93.52,,,,91.64
2012-06-17,,,,93.52,,,,91.64
2012-06-18,1625.7,1157.0,83.26,93.52,18.32,251.37,1344.78,91.64
2012-06-19,1622.2,1153.0,83.99,93.52,18.38,251.31,1357.98,91.64
2012-06-20,1614.8,1151.37,81.06,93.52,17.24,252.92,1355.69,91.64
2012-06-21,1564.5,1153.75,77.91,93.52,20.08,250.46,1325.51,91.64
2012-06-22,1566.0,1158.34,79.33,93.92,18.11,244.15,1335.02,91.64
2012-06-23,,,,93.92,,,,91.64
2012-06-24,,,,93.92,,,,91.64
2012-06-25,1587.5,1163.25,78.76,93.92,20.38,240.75,1313.72,91.64
2012-06-26,1574.0,1157.6,79.34,93.92,19.72,239.68,1319.99,91.64
2012-06-27,1577.5,1156.01,80.27,93.92,19.45,239.85,1331.85,91.64
2012-06-28,1549.7,1157.61,77.72,93.92,19.71,239.98,1329.04,91.64
2012-06-29,1603.5,1141.17,85.04,92.91,17.08,244.9,1362.16,91.64
2012-06-30,,,,92.91,,,,91.64
2012-07-01,,,,92.91,,,,91.43
2012-07-02,1597.2,1143.4,83.72,92.91,16.8,244.46,1365.51,91.43
2012-07-03,1621.3,1133.0,87.74,92.91,16.66,246.8,1374.02,91.43
2012-07-04,,,,92.91,,,,91.43
2012-07-05,1608.9,1133.54,87.11,92.91,17.5,247.67,1367.58,91.43
2012-07-06,1578.4,1140.3,84.37,93.71,17.1,245.07,1354.68,91.43
2012-07-07,,,,93.71,,,,91.43
2012-07-08,,,,93.71,,,,91.43
2012-07-09,1588.6,1141.88,85.93,93.71,17.98,241.73,1352.46,91.43
2012-07-10,1579.3,1140.63,83.92,93.71,18.72,240.88,1341.47,91.43
2012-07-11,1575.2,1140.5,85.88,93.71,17.95,240.34,1341.45,91.43
2012-07-12,1564.9,1154.04,86.02,93.71,18.33,234.66,1334.76,91.43
2012-07-13,1591.6,1147.53,87.15,93.55,16.74,238.77,1356.78,91.43
2012-07-14,,,,93.55,,,,91.43
2012-07-15,,,,93.55,,,,91.43
2012-07-16,1591.2,1146.18,88.41,93.55,17.11,239.39,1353.64,91.43
2012-07-17,1589.1,1144.83,89.07,93.55,16.48,240.19,1363.67,91.43
2012-07-18,1570.4,1141.34,89.88,93.55,16.16,236.42,1372.78,91.43
2012-07-19,1580.1,1138.3,92.78,93.55,15.45,240.44,1376.51,91.43
2012-07-20,1582.5,1142.0,91.56,93.37,16.27,240.35,1362.66,91.43
2012-07-21,,,,93.37,,,,91.43
2012-07-22,,,,93.37,,,,91.43
2012-07-23,1577.1,1151.03,87.77,93.37,18.62,235.75,1350.52,91.43
2012-07-24,1576.0,1148.78,88.28,93.37,20.47,236.65,1338.31,91.43
2012-07-25,1608.0,1148.89,88.8,93.37,19.34,233.49,1337.89,91.43
2012-07-26,1615.0,1146.17,89.4,93.37,17.53,235.33,1360.02,91.43
2012-07-27,1617.9,1138.01,90.13,92.93,16.7,242.23,1385.97,91.43
2012-07-28,,,,92.93,,,,91.43
2012-07-29,,,,92.93,,,,91.43
2012-07-30,1619.7,1137.22,89.8,92.93,18.03,,1385.3,91.43
2012-07-31,1610.5,1130.27,88.08,92.93,18.93,250.08,1379.32,91.43
2012-08-01,1603.7,1126.56,88.99,92.93,18.96,249.6,1375.32,91.86
2012-08-02,1587.4,1131.58,87.22,92.93,17.57,247.9,1365.0,91.86
2012-08-03,1606.0,1134.25,91.4,92.6,15.64,244.81,1390.99,91.86
2012-08-04,,,,92.6,,,,91.86
2012-08-05,,,,92.6,,,,91.86
2012-08-06,1612.9,1127.93,92.3,92.6,15.95,250.36,1394.23,91.86
2012-08-07,1609.7,1128.7,93.68,92.6,15.99,250.39,1401.35,91.86
2012-08-08,1612.9,1129.77,93.39,92.6,15.32,252.84,1402.22,91.86
2012-08-09,1617.1,1126.0,93.39,92.6,15.28,258.08,1402.8,91.86
2012-08-10,1619.7,1130.75,92.94,92.51,14.74,258.91,1405.87,91.86
2012-08-11,,,,92.51,,,,91.86
2012-08-12,,,,92.51,,,,91.86
2012-08-13,1609.6,1128.73,92.76,92.51,13.7,256.65,1404.11,91.86
2012-08-14,1599.4,1130.24,93.4,92.51,14.85,260.11,1403.93,91.86
2012-08-15,1603.7,1130.08,94.35,92.51,14.63,,1405.53,91.86
2012-08-16,1616.1,1133.19,95.66,92.51,14.29,260.08,1415.51,91.86
2012-08-17,1616.3,1134.72,96.0,92.71,13.45,258.2,1418.16,91.86
2012-08-18,,,,92.71,,,,91.86
2012-08-19,,,,92.71,,,,91.86
2012-08-20,1620.1,1134.93,96.03,92.71,14.02,258.03,1418.13,91.86
2012-08-21,1639.9,1130.37,96.55,92.71,15.02,257.5,1413.17,91.86
2012-08-22,1637.4,1135.56,96.89,92.71,15.11,256.21,1413.49,91.86
2012-08-23,1669.6,1131.35,95.87,92.71,15.96,257.28,1402.08,91.86
2012-08-24,1669.8,1134.15,95.78,92.28,15.18,253.73,1411.13,91.86
2012-08-25,,,,92.28,,,,91.86
2012-08-26,,,,92.28,,,,91.86
2012-08-27,1672.4,1134.49,95.54,92.28,16.35,252.77,1410.44,91.86
2012-08-28,1666.5,1134.45,96.3,92.28,16.49,252.57,1409.3,91.86
2012-08-29,1659.8,1134.97,95.5,92.28,17.06,254.22,1410.49,91.86
2012-08-30,1653.5,1134.18,94.61,92.28,17.83,250.96,1399.48,91.86
2012-08-31,1684.6,1133.2,96.47,92.17,17.47,250.56,1406.58,91.86
2012-09-01,,,,92.17,,,,92.51
2012-09-02,,,,92.17,,,,92.51
2012-09-03,,,,92.17,,,,92.51
2012-09-04,1692.9,1133.23,95.34,92.17,17.98,250.56,1404.94,92.51
2012-09-05,1690.8,1135.96,95.37,92.17,17.74,245.75,1403.44,92.51
2012-09-06,1702.6,1133.45,95.58,92.17,15.6,246.79,1432.12,92.51
2012-09-07,1737.5,1129.85,96.41,91.35,14.38,254.02,1437.92,92.51
2012-09-08,,,,91.35,,,,92.51
2012-09-09,,,,91.35,,,,92.51
2012-09-10,1728.7,1128.55,96.52,91.35,16.28,253.38,1429.08,92.51
2012-09-11,1731.8,1127.94,97.03,91.35,16.41,252.73,1433.56,92.51
2012-09-12,1730.6,1126.6,97.02,91.35,15.8,256.95,1436.56,92.51
2012-09-13,1769.1,1128.49,98.3,91.35,14.05,256.87,1459.99,92.51
2012-09-14,1769.8,1116.65,98.94,90.14,14.51,265.02,1465.77,92.51
2012-09-15,,,,90.14,,,,92.51
2012-09-16,,,,90.14,,,,92.51
2012-09-17,1767.7,1116.39,96.51,90.14,14.59,263.97,1461.19,92.51
2012-09-18,1768.4,1117.95,95.25,90.14,14.18,264.25,1459.32,92.51
2012-09-19,1769.0,1115.74,91.97,90.14,13.88,264.44,1461.05,92.51
2012-09-20,1767.7,1121.25,92.14,90.14,14.07,261.87,1460.26,92.51
2012-09-21,1775.5,1118.7,92.64,90.53,13.98,263.41,1460.15,92.51
2012-09-22,,,,90.53,,,,92.51
2012-09-23,,,,90.53,,,,92.51
2012-09-24,1762.1,1120.34,91.68,90.53,14.15,263.56,1456.89,92.51
2012-09-25,1763.8,1119.3,91.07,90.53,15.43,262.03,1441.59,92.51
2012-09-26,1750.6,1119.2,89.92,90.53,16.81,260.42,1433.32,92.51
2012-09-27,1777.6,1116.03,91.89,90.53,14.84,261.62,1447.15,92.51
2012-09-28,1771.1,1111.21,92.18,90.83,15.73,262.49,1440.67,92.51
2012-09-29,,,,90.83,,,,92.51
2012-09-30,,,,90.83,,,,92.51
2012-10-01,1780.5,1112.29,92.44,90.83,16.32,,1444.49,92.34
2012-10-02,1772.7,1112.5,91.88,90.83,15.71,262.48,1445.75,92.34
2012-10-03,1777.3,1112.88,88.19,90.83,15.43,,1450.99,92.34
2012-10-04,1794.1,1111.6,91.69,90.83,14.55,261.92,1461.4,92.34
2012-10-05,1778.6,1107.0,89.87,90.29,14.33,262.07,1460.93,92.34
2012-10-06,,,,90.29,,,,92.34
2012-10-07,,,,90.29,,,,92.34
2012-10-08,1773.5,,89.43,90.29,15.11,260.11,1455.88,92.34
2012-10-09,1763.0,1111.22,92.42,90.29,16.37,259.66,1441.48,92.34
2012-10-10,1763.2,1114.61,91.24,90.29,16.29,255.15,1432.56,92.34
2012-10-11,1768.8,1112.07,92.19,90.29,15.59,252.84,1432.84,92.34
2012-10-12,1758.0,1110.5,91.83,90.68,16.14,252.44,1428.59,92.34
2012-10-13,,,,90.68,,,,92.34
2012-10-14,,,,90.68,,,,92.34
2012-10-15,1736.0,1110.24,91.84,90.68,15.27,251.44,1440.13,92.34
2012-10-16,1744.7,1106.1,92.07,90.68,15.22,253.98,1454.92,92.34
2012-10-17,1751.5,1104.74,92.04,90.68,15.07,256.06,1460.91,92.34
2012-10-18,1743.3,1104.66,92.0,90.68,15.03,257.27,1457.34,92.34
2012-10-19,1722.8,1105.51,90.0,90.81,17.06,254.79,1433.19,92.34
2012-10-20,,,,90.81,,,,92.34
2012-10-21,,,,90.81,,,,92.34
2012-10-22,1725.1,1103.98,88.3,90.81,16.62,254.22,1433.82,92.34
2012-10-23,1708.3,1103.1,86.65,90.81,18.83,251.86,1413.11,92.34
2012-10-24,1700.5,1103.12,85.39,90.81,18.33,249.8,1408.75,92.34
2012-10-25,1712.0,1098.0,85.59,90.81,18.12,251.72,1412.97,92.34
2012-10-26,1710.9,1097.03,85.84,91.14,17.81,247.18,1411.94,92.34
2012-10-27,,,,91.14,,,,92.34
2012-10-28,,,,91.14,,,,92.34
2012-10-29,,1095.76,85.52,91.14,,247.66,,92.34
2012-10-30,,1091.33,85.65,91.14,,248.52,,92.34
2012-10-31,1717.5,1090.17,86.23,91.14,18.6,250.18,1412.16,92.34
2012-11-01,1714.1,1090.27,87.05,91.14,16.69,247.83,1427.59,92.01
2012-11-02,1674.1,1090.7,84.9,91.28,17.59,251.04,1414.2,92.01
2012-11-03,,,,91.28,,,,92.01
2012-11-04,,,,91.28,,,,92.01
2012-11-05,1682.2,1091.0,85.64,91.28,18.42,249.5,1417.26,92.01
2012-11-06,1714.1,1090.19,88.62,91.28,17.58,252.3,1428.39,92.01
2012-11-07,1713.2,1086.5,84.5,91.28,19.08,253.7,1394.53,92.01
2012-11-08,1725.4,1089.23,85.07,91.28,18.49,250.13,1377.51,92.01
2012-11-09,1730.3,1087.76,86.08,91.69,18.61,248.69,1379.85,92.01
2012-11-10,,,,91.69,,,,92.01
2012-11-11,,,,91.69,,,,92.01
2012-11-12,1730.3,,85.56,91.69,16.68,248.18,1380.03,92.01
2012-11-13,1724.2,1089.44,85.38,91.69,16.65,246.9,1374.53,92.01
2012-11-14,1729.5,1086.0,86.32,91.69,17.92,247.8,1355.49,92.01
2012-11-15,1713.3,1088.5,85.45,91.69,17.99,244.64,1353.33,92.01
2012-11-16,1714.3,1091.77,86.62,92.01,16.41,243.45,1359.88,92.01
2012-11-17,,,,92.01,,,,92.01
2012-11-18,,,,92.01,,,,92.01
2012-11-19,1734.0,1085.97,89.05,92.01,15.24,245.82,1386.89,92.01
2012-11-20,1723.2,1082.58,86.46,92.01,15.08,247.72,1387.81,92.01
2012-11-21,1727.9,1082.0,87.08,92.01,15.31,247.02,1391.03,92.01
2012-11-22,,,,92.01,,,,92.01
2012-11-23,1751.3,1085.0,87.01,91.26,15.14,251.44,1409.15,92.01
2012-11-24,,,,91.26,,,,92.01
2012-11-25,,,,91.26,,,,92.01
2012-11-26,1749.5,1085.62,87.28,91.26,15.5,250.73,1406.29,92.01
2012-11-27,1742.2,1086.25,86.81,91.26,15.92,253.41,1398.94,92.01
2012-11-28,1716.5,1085.35,86.1,91.26,15.51,251.72,1409.93,92.01
2012-11-29,1727.2,1083.17,87.64,91.26,15.06,254.73,1415.95,92.01
2012-11-30,1710.9,1081.75,88.54,91.1,15.87,254.25,1416.18,92.01
2012-12-01,,,,91.1,,,,92.18
2012-12-02,,,,91.1,,,,92.18
2012-12-03,1719.6,1082.65,88.69,91.1,16.64,255.57,1409.46,92.18
2012-12-04,1694.4,1083.69,88.04,91.1,17.12,254.83,1407.05,92.18
2012-12-05,1692.4,1081.99,87.36,91.1,16.46,256.63,1409.28,92.18
2012-12-06,1700.3,1083.3,85.47,91.1,16.58,257.27,1413.94,92.18
2012-12-07,1704.0,1081.56,85.45,91.04,15.9,258.78,1418.07,92.18
2012-12-08,,,,91.04,,,,92.18
2012-12-09,,,,91.04,,,,92.18
2012-12-10,1713.0,1077.43,85.14,91.04,16.05,259.03,1418.55,92.18
2012-12-11,1708.2,1074.85,85.36,91.04,15.57,260.12,1427.84,92.18
2012-12-12,1716.6,1073.35,86.35,91.04,15.95,261.67,1428.48,92.18
2012-12-13,1695.6,1073.9,85.39,91.04,16.56,265.79,1419.45,92.18
2012-12-14,1695.8,1074.74,86.32,90.72,17.0,264.56,1413.58,92.18
2012-12-15,,,,90.72,,,,92.18
2012-12-16,,,,90.72,,,,92.18
2012-12-17,1697.0,1072.3,86.71,90.72,16.34,262.76,1430.36,92.18
2012-12-18,1669.5,1072.75,87.46,90.72,15.57,264.23,1446.79,92.18
2012-12-19,1666.5,1071.4,89.09,90.72,17.36,,1435.81,92.18
2012-12-20,1644.9,1074.3,89.76,90.72,17.67,264.78,1443.69,92.18
2012-12-21,1659.1,1075.4,88.2,90.96,17.84,261.89,1430.15,92.18
2012-12-22,,,,90.96,,,,92.18
2012-12-23,,,,90.96,,,,92.18
2012-12-24,1658.6,1073.24,88.29,90.96,17.84,262.11,1426.66,92.18
2012-12-25,,,,90.96,,,,92.18
2012-12-26,1659.8,1072.29,90.71,90.96,19.48,,1419.83,92.18
2012-12-27,1662.6,1071.67,90.91,90.96,19.47,262.68,1418.1,92.18
2012-12-28,1654.9,1070.4,90.66,91.04,22.72,263.92,1402.43,92.18
2012-12-29,,,,91.04,,,,92.18
2012-12-30,,,,91.04,,,,92.18
2012-12-31,1674.8,1063.24,91.83,91.04,18.02,,1426.19,92.18
2013-01-01,,,,91.04,,,,92.73
2013-01-02,1687.9,1063.3,93.14,91.04,14.68,269.16,1462.42,92.73
2013-01-03,1673.7,1062.95,92.97,91.04,14.56,267.52,1459.37,92.73
2013-01-04,1648.1,1062.0,93.12,91.1,13.83,266.14,1466.47,92.73
2013-01-05,,,,91.1,,,,92.73
2013-01-06,,,,91.1,,,,92.73
2013-01-07,1645.5,1062.5,93.2,91.1,13.79,265.97,1461.89,92.73
2013-01-08,1661.5,1063.5,93.21,91.1,13.62,263.95,1457.15,92.73
2013-01-09,1654.8,1060.1,93.08,91.1,13.81,262.9,1461.02,92.73
2013-01-10,1677.3,1058.12,93.81,91.1,13.49,264.95,1472.12,92.73
2013-01-11,1660.0,1056.09,93.6,90.54,13.36,263.32,1472.05,92.73
2013-01-12,,,,90.54,,,,92.73
2013-01-13,,,,90.54,,,,92.73
2013-01-14,1668.9,1056.0,94.27,90.54,13.52,264.8,1470.68,92.73
2013-01-15,1683.4,1057.62,93.26,90.54,13.55,261.43,1472.34,92.73
2013-01-16,1682.7,1058.35,94.28,90.54,13.42,260.49,1472.63,92.73
2013-01-17,1690.4,1057.82,95.49,90.54,13.57,260.1,1480.94,92.73
2013-01-18,1686.6,1058.4,95.61,90.87,12.46,261.71,1485.98,92.73
2013-01-19,,,,90.87,,,,92.73
2013-01-20,,,,90.87,,,,92.73
2013-01-21,,,,90.87,,261.3,,92.73
2013-01-22,1692.8,1062.95,96.09,90.87,12.43,262.91,1492.56,92.73
2013-01-23,1686.3,1067.02,95.06,90.87,12.46,261.1,1494.81,92.73
2013-01-24,1669.5,1067.95,95.35,90.87,12.69,258.74,1494.82,92.73
2013-01-25,1656.4,1075.33,95.15,91.09,12.89,256.06,1502.96,92.73
2013-01-26,,,,91.09,,,,92.73
2013-01-27,,,,91.09,,,,92.73
2013-01-28,1652.4,1091.22,95.95,91.09,13.57,254.66,1500.18,92.73
2013-01-29,1660.7,1082.4,97.62,91.09,13.31,257.22,1507.84,92.73
2013-01-30,1679.9,1085.85,97.98,91.09,14.32,258.47,1501.96,92.73
2013-01-31,1660.6,1087.46,97.65,91.09,14.28,258.07,1498.11,92.73
2013-02-01,1669.4,1094.79,97.46,90.69,12.9,257.64,1513.17,93.04
2013-02-02,,,,90.69,,,,93.04
2013-02-03,,,,90.69,,,,93.04
2013-02-04,1675.3,1089.35,96.21,90.69,14.67,256.89,1495.71,93.04
2013-02-05,1672.4,1086.17,96.68,90.69,13.72,254.82,1511.29,93.04
2013-02-06,1677.7,1089.0,96.44,90.69,13.41,254.31,1512.12,93.04
2013-02-07,1670.4,1090.15,95.84,90.69,13.5,254.0,1509.39,93.04
2013-02-08,1666.0,1095.65,95.71,91.31,13.02,257.09,1517.93,93.04
2013-02-09,,,,91.31,,,,93.04
2013-02-10,,,,91.31,,,,93.04
2013-02-11,1648.2,1095.5,97.01,91.31,12.94,,1517.01,93.04
2013-02-12,1648.7,1093.13,97.48,91.31,12.64,256.65,1519.43,93.04
2013-02-13,1644.2,1085.72,97.03,91.31,12.98,260.92,1520.33,93.04
2013-02-14,1634.7,1085.14,97.3,91.31,12.66,261.44,1521.38,93.04
2013-02-15,1608.8,1078.22,95.95,91.46,12.46,261.61,1519.79,93.04
2013-02-16,,,,91.46,,,,93.04
2013-02-17,,,,91.46,,,,93.04
2013-02-18,,,,91.46,,261.63,,93.04
2013-02-19,1603.6,1079.65,96.69,91.46,12.31,,1530.94,93.04
2013-02-20,1577.6,1079.85,94.92,91.46,14.68,268.07,1511.95,93.04
2013-02-21,1578.2,1086.8,92.79,91.46,15.22,266.85,1502.42,93.04
2013-02-22,1572.4,1085.03,93.12,92.12,14.17,267.15,1515.6,93.04
2013-02-23,,,,92.12,,,,93.04
2013-02-24,,,,92.12,,,,93.04
2013-02-25,1586.2,1086.0,92.74,92.12,18.99,266.01,1487.85,93.04
2013-02-26,1615.2,1089.82,92.63,92.12,16.87,264.68,1496.94,93.04
2013-02-27,1595.2,1084.99,92.84,92.12,14.73,265.04,1515.99,93.04
2013-02-28,1577.7,1083.9,92.03,92.12,15.51,268.01,1514.68,93.04
2013-03-01,1571.9,1083.9,90.71,92.62,15.36,,1518.2,92.95
2013-03-02,,,,92.62,,,,92.95
2013-03-03,,,,92.62,,,,92.95
2013-03-04,1572.1,1090.8,90.13,92.62,14.01,266.14,1525.2,92.95
2013-03-05,1574.6,1086.58,90.88,92.62,13.48,266.54,1539.79,92.95
2013-03-06,1574.6,1084.36,90.47,92.62,13.53,267.25,1541.46,92.95
2013-03-07,1574.8,1087.49,91.53,92.62,13.06,264.78,1544.26,92.95
2013-03-08,1576.6,1089.15,92.01,92.63,12.59,264.57,1551.18,92.95
2013-03-09,,,,92.63,,,,92.95
2013-03-10,,,,92.63,,,,92.95
2013-03-11,1577.8,1093.9,92.07,92.63,11.56,264.15,1556.22,92.95
2013-03-12,1591.5,1095.28,92.44,92.63,12.27,262.43,1552.48,92.95
2013-03-13,1588.3,1098.42,92.47,92.63,11.83,263.33,1554.52,92.95
2013-03-14,1590.6,1107.49,93.03,92.63,11.3,263.37,1563.23,92.95
2013-03-15,1592.5,1110.62,93.49,92.13,11.3,260.84,1560.7,92.95
2013-03-16,,,,92.13,,,,92.95
2013-03-17,,,,92.13,,,,92.95
2013-03-18,1604.6,1114.19,93.71,92.13,13.36,258.3,1552.1,92.95
2013-03-19,1611.3,1112.93,92.44,92.13,14.39,259.79,1548.34,92.95
2013-03-20,1607.5,1115.62,93.21,92.13,12.67,257.04,1558.71,92.95
2013-03-21,1613.8,1115.41,92.46,92.13,13.99,255.82,1545.8,92.95
2013-03-22,1606.2,1119.2,93.41,92.21,13.57,255.33,1556.89,92.95
2013-03-23,,,,92.21,,,,92.95
2013-03-24,,,,92.21,,,,92.95
2013-03-25,1604.6,1110.88,94.55,92.21,13.74,259.58,1551.69,92.95
2013-03-26,1595.8,1107.36,95.99,92.21,12.77,260.54,1563.77,92.95
2013-03-27,1606.2,1111.09,96.53,92.21,13.15,261.86,1562.85,92.95
2013-03-28,1594.8,1113.14,97.24,92.21,12.7,261.86,1569.19,92.95
2013-03-29,,1112.48,,92.3,,,,92.95
2013-03-30,,,,92.3,,,,92.95
2013-03-31,,,,92.3,,,,92.95
2013-04-01,1600.0,1114.38,97.1,92.3,13.58,,1562.17,92.82
2013-04-02,1575.1,1117.87,97.23,92.3,12.78,260.79,1570.25,92.82
2013-04-03,1552.8,1116.68,95.02,92.3,14.21,260.36,1553.69,92.82
2013-04-04,1551.8,1123.57,93.26,92.3,13.89,257.05,1559.98,92.82
2013-04-05,1575.4,1136.82,92.76,92.1,13.92,252.77,1553.28,92.82
2013-04-06,,,,92.1,,,,92.82
2013-04-07,,,,92.1,,,,92.82
2013-04-08,1572.0,1140.34,93.36,92.1,13.19,252.39,1563.07,92.82
2013-04-09,1586.2,1139.19,94.18,92.1,12.84,252.53,1568.61,92.82
2013-04-10,1558.3,1135.35,94.59,92.1,12.36,254.34,1587.73,92.82
2013-04-11,1564.3,1128.85,93.44,92.1,12.24,256.18,1593.37,92.82
2013-04-12,1501.0,1129.24,91.23,91.8,12.06,252.0,1588.85,92.82
2013-04-13,,,,91.8,,,,92.82
2013-04-14,,,,91.8,,,,92.82
2013-04-15,1360.6,1119.0,88.75,91.8,17.27,251.51,1552.36,92.82
2013-04-16,1386.8,1114.0,88.73,91.8,13.96,251.78,1574.57,92.82
2013-04-17,1382.2,1121.0,86.65,91.8,16.51,251.51,1552.01,92.82
2013-04-18,1392.0,1119.48,87.83,91.8,17.56,247.85,1541.61,92.82
2013-04-19,1395.3,1119.03,88.04,92.22,14.97,248.77,1555.25,92.82
2013-04-20,,,,92.22,,,,92.82
2013-04-21,,,,92.22,,,,92.82
2013-04-22,1421.0,1119.51,88.81,92.22,14.39,251.46,1562.5,92.82
2013-04-23,1408.6,1119.53,89.21,92.22,13.48,250.01,1578.78,92.82
2013-04-24,1423.4,1117.94,91.07,92.22,13.61,252.0,1578.79,92.82
2013-04-25,1461.8,1111.35,93.27,92.22,13.62,254.49,1585.16,92.82
2013-04-26,1453.6,1111.1,92.63,91.9,13.61,253.04,1582.24,92.82
2013-04-27,,,,91.9,,,,92.82
2013-04-28,,,,91.9,,,,92.82
2013-04-29,1467.4,1104.0,94.09,91.9,13.71,,1593.61,92.82
2013-04-30,1472.2,1101.52,93.22,91.9,13.52,255.72,1597.57,92.82
2013-05-01,1446.3,1100.35,90.74,91.9,14.49,,1582.7,92.82
2013-05-02,1467.7,1101.4,93.7,91.9,13.59,254.92,1597.59,92.82
2013-05-03,1464.3,1096.67,95.25,91.51,12.85,256.02,1614.42,92.82
2013-05-04,,,,91.51,,,,92.82
2013-05-05,,,,91.51,,,,92.82
2013-05-06,1468.1,1094.34,95.8,91.51,12.66,255.2,1617.5,92.82
2013-05-07,1449.0,1090.0,95.28,91.51,12.83,253.84,1625.96,92.82
2013-05-08,1473.9,1086.0,96.24,91.51,12.66,254.02,1632.69,92.82
2013-05-09,1468.8,1091.12,96.09,91.51,13.13,257.53,1626.67,92.82
2013-05-10,1436.8,1106.0,95.81,92.25,12.59,252.72,1633.7,92.82
2013-05-11,,,,92.25,,,,92.82
2013-05-12,,,,92.25,,,,92.82
2013-05-13,1434.5,1113.12,94.76,92.25,12.55,253.29,1633.77,92.82
2013-05-14,1424.7,1109.62,93.96,92.25,12.77,256.29,1650.34,92.82
2013-05-15,1396.5,1114.62,93.95,92.25,12.81,256.6,1658.78,92.82
2013-05-16,1387.1,1117.54,94.85,92.25,13.07,258.99,1650.47,92.82
2013-05-17,1364.9,1117.3,95.72,93.16,12.45,,1667.47,92.82
2013-05-18,,,,93.16,,,,92.82
2013-05-19,,,,93.16,,,,92.82
2013-05-20,1384.3,1118.19,96.29,93.16,13.02,258.6,1666.29,92.82
2013-05-21,1377.8,1110.62,95.55,93.16,13.37,258.18,1669.16,92.82
2013-05-22,1367.6,1113.85,93.98,93.16,13.82,260.19,1655.35,92.82
2013-05-23,1392.0,1128.35,94.12,93.16,14.07,256.66,1650.51,92.82
2013-05-24,1386.8,1126.4,93.84,93.28,13.99,257.32,1649.6,92.82
2013-05-25,,,,93.28,,,,92.82
2013-05-26,,,,93.28,,,,92.82
2013-05-27,,,,93.28,,,,92.82
2013-05-28,1379.1,1128.07,94.65,93.28,14.48,258.59,1660.06,92.82
2013-05-29,1391.3,1132.08,93.13,93.28,14.83,,1648.36,92.82
2013-05-30,1411.5,1127.9,93.57,93.28,14.53,261.21,1654.41,92.82
2013-05-31,1392.6,1129.34,91.93,93.61,16.3,261.47,1630.74,92.82
2013-06-01,,,,93.61,,,,92.71
2013-06-02,,,,93.61,,,,92.71
2013-06-03,1411.7,1127.18,93.41,93.61,16.28,260.29,1640.42,92.71
2013-06-04,1397.1,1122.31,93.36,93.61,16.27,260.54,1631.38,92.71
2013-06-05,1398.4,1118.55,93.66,93.61,17.5,256.51,1608.9,92.71
2013-06-06,1415.7,1118.9,94.71,93.61,16.63,,1622.56,92.71
2013-06-07,1383.0,1117.17,96.11,92.61,15.14,251.2,1643.38,92.71
2013-06-08,,,,92.61,,,,92.71
2013-06-09,,,,92.61,,,,92.71
2013-06-10,1386.2,1127.38,95.82,92.61,15.44,252.2,1642.81,92.71
2013-06-11,1377.0,1133.0,95.5,92.61,17.07,250.19,1626.13,92.71
2013-06-12,1391.8,1127.76,95.98,92.61,18.59,248.5,1612.52,92.71
2013-06-13,1377.6,1129.07,96.66,92.61,16.41,244.49,1636.36,92.71
2013-06-14,1387.3,1127.2,97.83,92.19,17.15,245.36,1626.73,92.71
2013-06-15,,,,92.19,,,,92.71
2013-06-16,,,,92.19,,,,92.71
2013-06-17,1382.8,1127.0,97.86,92.19,16.8,244.77,1639.04,92.71
2013-06-18,1366.6,1134.24,98.46,92.19,16.61,247.13,1651.81,92.71
2013-06-19,1373.6,1130.25,98.24,92.19,16.64,245.44,1628.93,92.71
2013-06-20,1285.9,1145.9,94.89,92.19,20.49,240.26,1588.19,92.71
2013-06-21,1291.6,1156.0,93.81,94.42,18.9,236.57,1592.43,92.71
2013-06-22,,,,94.42,,,,92.71
2013-06-23,,,,94.42,,,,92.71
2013-06-24,1276.8,1161.34,95.07,94.42,20.11,233.47,1573.09,92.71
2013-06-25,1274.8,1152.78,95.25,94.42,18.47,231.75,1588.03,92.71
2013-06-26,1229.6,1155.0,95.47,94.42,17.21,231.52,1603.26,92.71
2013-06-27,1211.4,1147.69,97.0,94.42,16.86,,1613.2,92.71
2013-06-28,1223.8,1141.45,96.36,94.3,16.86,242.27,1606.28,92.71
2013-06-29,,,,94.3,,,,92.71
2013-06-30,,,,94.3,,,,92.71
2013-07-01,1255.9,1135.27,97.94,94.3,16.37,241.05,1614.96,92.91
2013-07-02,1243.6,1133.8,99.65,94.3,16.44,240.8,1614.08,92.91
2013-07-03,1252.1,1140.95,101.92,94.3,16.2,236.63,1615.41,92.91
2013-07-04,,,,94.3,,,,92.91
2013-07-05,1212.9,1141.65,103.09,95.06,14.89,237.28,1631.89,92.91
2013-07-06,,,,95.06,,,,92.91
2013-07-07,,,,95.06,,,,92.91
2013-07-08,1234.9,1147.94,103.03,95.06,14.78,235.12,1640.46,92.91
2013-07-09,1245.9,1141.25,103.46,95.06,14.35,236.94,1652.32,92.91
2013-07-10,1247.4,1134.66,106.41,95.06,14.21,236.23,1652.62,92.91
2013-07-11,1280.1,1124.21,104.77,95.06,14.01,243.88,1675.02,92.91
2013-07-12,1277.8,1123.85,105.85,94.0,13.84,242.72,1680.19,92.91
2013-07-13,,,,94.0,,,,92.91
2013-07-14,,,,94.0,,,,92.91
2013-07-15,1283.8,1121.06,106.2,94.0,13.79,243.43,1682.5,92.91
2013-07-16,1290.8,1114.65,105.88,94.0,14.42,242.02,1676.26,92.91
2013-07-17,1277.9,1116.86,106.39,94.0,13.78,244.82,1680.91,92.91
2013-07-18,1284.6,1124.08,107.94,94.0,13.77,242.92,1689.37,92.91
2013-07-19,1293.3,1120.43,108.0,93.48,12.54,242.03,1692.09,92.91
2013-07-20,,,,93.48,,,,92.91
2013-07-21,,,,93.48,,,,92.91
2013-07-22,1336.4,1118.46,106.61,93.48,12.29,243.18,1695.53,92.91
2013-07-23,1335.1,1116.66,107.13,93.48,12.66,246.63,1692.39,92.91
2013-07-24,1319.7,1115.52,105.41,93.48,13.18,247.84,1685.94,92.91
2013-07-25,1329.0,1116.15,105.47,93.48,12.97,247.71,1690.25,92.91
2013-07-26,1321.7,1112.55,104.76,93.17,12.72,247.8,1691.65,92.91
2013-07-27,,,,93.17,,,,92.91
2013-07-28,,,,93.17,,,,92.91
2013-07-29,1328.4,1112.21,104.61,93.17,13.39,246.53,1685.33,92.91
2013-07-30,1324.0,1115.79,103.14,93.17,13.39,248.78,1685.96,92.91
2013-07-31,1312.4,1122.66,105.1,93.17,13.45,247.99,1685.73,92.91
2013-08-01,1311.0,1122.99,107.93,93.17,12.94,248.89,1706.87,93.24
2013-08-02,1310.6,1123.85,106.94,93.58,11.98,249.33,1709.67,93.24
2013-08-03,,,,93.58,,,,93.24
2013-08-04,,,,93.58,,,,93.24
2013-08-05,1302.6,1113.5,106.61,93.58,11.84,248.25,1707.14,93.24
2013-08-06,1283.2,1113.81,105.32,93.58,12.72,246.8,1697.37,93.24
2013-08-07,1286.1,1117.05,104.41,93.58,12.98,242.75,1690.91,93.24
2013-08-08,1310.7,1112.25,103.45,93.58,12.73,243.39,1697.48,93.24
2013-08-09,1312.9,1111.16,106.04,92.84,13.41,243.13,1691.42,93.24
2013-08-10,,,,92.84,,,,93.24
2013-08-11,,,,92.84,,,,93.24
2013-08-12,1334.7,1113.97,106.19,92.84,12.81,243.78,1689.47,93.24
2013-08-13,1321.2,1118.22,106.78,92.84,12.31,248.2,1694.16,93.24
2013-08-14,1334.0,1117.9,106.89,92.84,13.04,249.82,1685.39,93.24
2013-08-15,1361.6,1118.0,107.43,92.84,14.73,,1661.32,93.24
2013-08-16,1371.7,1113.04,107.58,93.43,14.37,249.23,1655.83,93.24
2013-08-17,,,,93.43,,,,93.24
2013-08-18,,,,93.43,,,,93.24
2013-08-19,1366.2,1117.88,107.14,93.43,15.1,248.89,1646.06,93.24
2013-08-20,1373.1,1120.6,104.9,93.43,14.91,245.13,1652.35,93.24
2013-08-21,1370.6,1116.86,103.93,93.43,15.94,242.49,1642.8,93.24
2013-08-22,1371.2,1120.92,104.93,93.43,14.76,240.37,1656.96,93.24
2013-08-23,1395.7,1113.48,106.48,93.95,13.98,243.37,1663.5,93.24
2013-08-24,,,,93.95,,,,93.24
2013-08-25,,,,93.95,,,,93.24
2013-08-26,1393.0,1112.6,105.88,93.95,14.99,245.71,1656.78,93.24
2013-08-27,1420.6,1116.78,109.11,93.95,16.77,245.71,1630.48,93.24
2013-08-28,1419.0,1114.25,110.17,93.95,16.49,245.67,1634.96,93.24
2013-08-29,1412.9,1112.19,108.51,93.95,16.81,248.86,1638.17,93.24
2013-08-30,1396.1,1109.42,107.98,94.75,17.01,251.74,1632.97,93.24
2013-08-31,,,,94.75,,,,93.24
2013-09-01,,,,94.75,,,,93.42
2013-09-02,,,,94.75,,,,93.42
2013-09-03,1412.0,1097.75,108.67,94.75,16.61,252.05,1639.77,93.42
2013-09-04,1389.9,1093.77,107.29,94.75,15.88,252.15,1653.08,93.42
2013-09-05,1373.1,1096.8,108.5,94.75,15.77,254.62,1655.08,93.42
2013-09-06,1386.7,1091.9,110.62,94.25,15.85,255.25,1655.17,93.42
2013-09-07,,,,94.25,,,,93.42
2013-09-08,,,,94.25,,,,93.42
2013-09-09,1386.8,1086.8,109.62,94.25,15.63,258.12,1671.71,93.42
2013-09-10,1364.1,1085.43,107.48,94.25,14.53,261.2,1683.99,93.42
2013-09-11,1363.9,1085.76,107.65,94.25,13.82,262.38,1689.13,93.42
2013-09-12,1330.4,1082.77,108.72,94.25,14.29,262.32,1683.42,93.42
2013-09-13,1308.4,1085.88,108.31,93.67,14.16,260.83,1687.99,93.42
2013-09-14,,,,93.67,,,,93.42
2013-09-15,,,,93.67,,,,93.42
2013-09-16,1317.9,1081.34,106.54,93.67,14.38,263.86,1697.6,93.42
2013-09-17,1309.5,1082.15,105.36,93.67,14.53,262.56,1704.76,93.42
2013-09-18,1307.8,1081.4,108.23,93.67,13.59,,1725.52,93.42
2013-09-19,1369.4,1070.88,106.26,93.67,13.16,,1722.34,93.42
2013-09-20,1332.5,1076.02,104.7,92.6,13.12,,1709.91,93.42
2013-09-21,,,,92.6,,,,93.42
2013-09-22,,,,92.6,,,,93.42
2013-09-23,1326.9,1073.9,103.62,92.6,14.31,263.02,1701.84,93.42
2013-09-24,1316.0,1074.35,103.22,92.6,14.08,262.83,1697.42,93.42
2013-09-25,1335.9,1076.42,102.68,92.6,14.01,261.45,1692.77,93.42
2013-09-26,1323.6,1075.2,103.1,92.6,14.06,262.68,1698.67,93.42
2013-09-27,1338.4,1074.38,102.86,92.97,15.46,262.94,1691.75,93.42
2013-09-28,,,,92.97,,,,93.42
2013-09-29,,,,92.97,,,,93.42
2013-09-30,1326.5,1073.33,102.36,92.97,16.6,260.91,1681.55,93.42
2013-10-01,1286.0,1072.9,102.09,92.97,15.54,261.48,1695.0,93.13
2013-10-02,1320.6,1074.02,104.15,92.97,16.6,261.87,1693.87,93.13
2013-10-03,1317.4,1074.02,103.29,92.97,17.67,,1678.66,93.13
2013-10-04,1309.7,1070.0,103.83,92.65,16.74,261.78,1690.5,93.13
2013-10-05,,,,92.65,,,,93.13
2013-10-06,,,,92.65,,,,93.13
2013-10-07,1324.8,1071.29,103.07,92.65,19.41,261.85,1676.12,93.13
2013-10-08,1324.2,1074.15,103.54,92.65,20.34,263.14,1655.45,93.13
2013-10-09,1306.9,1075.48,101.63,92.65,19.6,,1656.4,93.13
2013-10-10,1296.6,1071.19,103.08,92.65,16.48,262.9,1692.56,93.13
2013-10-11,1268.0,1071.55,102.17,92.85,15.72,266.35,1703.2,93.13
2013-10-12,,,,92.85,,,,93.13
2013-10-13,,,,92.85,,,,93.13
2013-10-14,1276.4,,102.46,92.85,16.07,265.81,1710.14,93.13
2013-10-15,1273.0,1064.33,101.15,92.85,18.66,269.02,1698.06,93.13
2013-10-16,1282.0,1066.0,102.34,92.85,14.71,268.25,1721.54,93.13
2013-10-17,1322.7,1062.38,100.72,92.85,13.48,269.59,1733.15,93.13
2013-10-18,1314.4,1060.02,100.87,92.0,13.04,271.24,1744.5,93.13
2013-10-19,,,,92.0,,,,93.13
2013-10-20,,,,92.0,,,,93.13
2013-10-21,1315.7,1060.93,99.28,92.0,13.16,271.22,1744.66,93.13
2013-10-22,1342.5,1057.5,97.63,92.0,13.33,271.11,1754.67,93.13
2013-10-23,1333.9,1057.45,96.9,92.0,13.42,268.03,1746.38,93.13
2013-10-24,1350.2,1061.5,96.65,92.0,13.2,269.36,1752.07,93.13
2013-10-25,1352.4,1062.3,97.4,92.16,13.09,267.51,1759.77,93.13
2013-10-26,,,,92.16,,,,93.13
2013-10-27,,,,92.16,,,,93.13
2013-10-28,1352.0,1060.7,98.74,92.16,13.31,269.74,1762.11,93.13
2013-10-29,1345.2,1061.92,98.29,92.16,13.41,270.28,1771.95,93.13
2013-10-30,1349.0,1058.4,96.81,92.16,13.65,271.44,1763.31,93.13
2013-10-31,1323.6,1060.83,96.29,92.16,13.75,266.91,1756.54,93.13
2013-11-01,1313.1,1060.91,94.56,93.16,13.28,268.63,1761.64,93.12
2013-11-02,,,,93.16,,,,93.12
2013-11-03,,,,93.16,,,,93.12
2013-11-04,1314.6,1062.38,94.58,93.16,12.93,266.59,1767.93,93.12
2013-11-05,1308.0,1061.03,93.4,93.16,13.27,264.96,1762.97,93.12
2013-11-06,1317.7,1059.77,94.74,93.16,12.67,264.62,1770.49,93.12
2013-11-07,1308.4,1062.78,94.25,93.16,13.91,263.34,1747.15,93.12
2013-11-08,1284.5,1062.12,94.56,93.66,12.9,260.53,1770.61,93.12
2013-11-09,,,,93.66,,,,93.12
2013-11-10,,,,93.66,,,,93.12
2013-11-11,1281.0,,95.13,93.66,12.53,260.15,1771.89,93.12
2013-11-12,1271.1,1072.65,93.12,93.66,12.82,262.81,1767.69,93.12
2013-11-13,1268.3,1070.56,93.91,93.66,12.52,258.04,1782.0,93.12
2013-11-14,1286.2,1068.21,93.76,93.66,12.37,258.44,1790.62,93.12
2013-11-15,1287.3,1062.35,93.8,93.29,12.19,264.2,1798.18,93.12
2013-11-16,,,,93.29,,,,93.12
2013-11-17,,,,93.29,,,,93.12
2013-11-18,1272.2,1054.84,93.03,93.29,13.1,265.03,1791.53,93.12
2013-11-19,1273.4,1054.86,93.35,93.29,13.39,267.81,1787.87,93.12
2013-11-20,1257.9,1056.28,93.34,93.29,13.4,265.62,1781.37,93.12
2013-11-21,1243.5,1061.9,95.35,93.29,12.66,262.2,1795.85,93.12
2013-11-22,1244.0,1060.99,94.53,93.42,12.26,263.86,1804.76,93.12
2013-11-23,,,,93.42,,,,93.12
2013-11-24,,,,93.42,,,,93.12
2013-11-25,1241.1,1059.35,93.86,93.42,12.79,265.21,1802.48,93.12
2013-11-26,1241.4,1060.07,93.41,93.42,12.81,266.26,1802.75,93.12
2013-11-27,1237.8,1060.9,92.05,93.42,12.98,267.15,1807.23,93.12
2013-11-28,,,,93.42,,269.7,,93.12
2013-11-29,1250.6,1057.76,92.55,93.63,13.7,269.57,1805.81,93.12
2013-11-30,,,,93.63,,,,93.12
2013-12-01,,,,93.63,,,,93.23
2013-12-02,1222.3,1058.0,93.61,93.63,14.23,267.58,1800.9,93.23
2013-12-03,1221.7,1059.97,95.83,93.63,14.55,264.84,1795.15,93.23
2013-12-04,1248.2,1061.02,96.97,93.63,14.7,261.48,1792.81,93.23
2013-12-05,1233.2,1058.27,97.14,93.63,15.08,261.1,1785.03,93.23
2013-12-06,1230.3,1056.0,97.48,93.4,13.79,260.71,1805.09,93.23
2013-12-07,,,,93.4,,,,93.23
2013-12-08,,,,93.4,,,,93.23
2013-12-09,1235.3,1050.05,97.1,93.4,13.49,263.7,1808.37,93.23
2013-12-10,1262.4,1052.0,98.32,93.4,13.91,262.68,1802.62,93.23
2013-12-11,1258.5,1051.5,97.25,93.4,15.42,260.55,1782.22,93.23
2013-12-12,1226.0,1050.75,97.21,93.4,15.54,259.05,1775.5,93.23
2013-12-13,1235.7,1052.9,96.27,93.36,15.76,258.04,1775.32,93.23
2013-12-14,,,,93.36,,,,93.23
2013-12-15,,,,93.36,,,,93.23
2013-12-16,1245.5,1052.6,97.18,93.36,16.03,257.9,1786.54,93.23
2013-12-17,1231.2,1050.65,96.99,93.36,16.21,258.72,1781.0,93.23
2013-12-18,1236.1,1051.75,97.59,93.36,13.8,259.98,1810.65,93.23
2013-12-19,1195.0,1059.28,98.4,93.36,14.15,260.2,1809.6,93.23
2013-12-20,1205.1,1061.35,99.11,93.72,13.79,261.27,1818.32,93.23
2013-12-21,,,,93.72,,,,93.23
2013-12-22,,,,93.72,,,,93.23
2013-12-23,1198.4,1060.4,98.62,93.72,13.04,263.24,1827.99,93.23
2013-12-24,1205.1,1059.25,98.87,93.72,12.48,263.58,1833.32,93.23
2013-12-25,,,,93.72,,,,93.23
2013-12-26,1214.1,1059.1,99.18,93.72,12.33,263.15,1842.02,93.23
2013-12-27,1216.1,1053.72,99.94,93.7,12.46,263.32,1841.4,93.23
2013-12-28,,,,93.7,,,,93.23
2013-12-29,,,,93.7,,,,93.23
2013-12-30,1203.1,1054.52,98.9,93.7,13.56,264.24,1841.07,93.23
2013-12-31,1201.9,1055.25,98.17,93.7,13.72,,1848.36,93.23
2014-01-01,,,,93.7,,,,93.73
2014-01-02,1225.0,1050.3,95.14,93.7,14.23,257.64,1831.98,93.73
2014-01-03,1238.4,1055.0,93.66,93.85,13.76,254.48,1831.37,93.73
2014-01-04,,,,93.85,,,,93.73
2014-01-05,,,,93.85,,,,93.73
2014-01-06,1237.8,1065.01,93.12,93.85,13.55,255.41,1826.77,93.73
2014-01-07,1229.4,1068.5,93.31,93.85,12.92,255.98,1837.88,93.73
2014-01-08,1225.3,1065.45,91.9,93.85,12.87,255.76,1837.49,93.73
2014-01-09,1229.3,1062.89,91.36,93.85,12.89,253.63,1838.13,93.73
2014-01-10,1246.7,1061.32,92.39,94.0,12.14,252.48,1842.37,93.73
2014-01-11,,,,94.0,,,,93.73
2014-01-12,,,,94.0,,,,93.73
2014-01-13,1250.9,1056.7,91.45,94.0,13.28,254.08,1819.2,93.73
2014-01-14,1245.2,1059.43,92.15,94.0,12.28,253.97,1838.88,93.73
2014-01-15,1238.1,1062.6,93.78,94.0,12.28,254.73,1848.38,93.73
2014-01-16,1240.0,1063.0,93.54,94.0,12.53,255.36,1845.89,93.73
2014-01-17,1251.7,1060.8,93.96,94.58,12.44,253.46,1838.7,93.73
2014-01-18,,,,94.58,,,,93.73
2014-01-19,,,,94.58,,,,93.73
2014-01-20,,,,94.58,,254.81,,93.73
2014-01-21,1242.3,1065.05,94.51,94.58,12.87,256.34,1843.8,93.73
2014-01-22,1239.0,1067.3,96.35,94.58,12.84,257.08,1844.86,93.73
2014-01-23,1262.6,1073.1,97.23,94.58,13.77,253.74,1828.46,93.73
2014-01-24,1264.5,1080.1,96.66,94.86,18.14,252.89,1790.29,93.73
2014-01-25,,,,94.86,,,,93.73
2014-01-26,,,,94.86,,,,93.73
2014-01-27,1263.6,1083.7,95.82,94.86,17.42,248.95,1781.56,93.73
2014-01-28,1251.0,1079.14,97.49,94.86,15.8,249.91,1792.5,93.73
2014-01-29,1262.2,1069.8,97.34,94.86,17.35,252.89,1774.2,93.73
2014-01-30,1242.2,1080.11,98.25,94.86,17.29,,1794.19,93.73
2014-01-31,1240.1,1080.36,97.55,95.18,18.41,,1782.59,93.73
2014-02-01,,,,95.18,,,,93.98
2014-02-02,,,,95.18,,,,93.98
2014-02-03,1260.4,1084.25,96.44,95.18,21.44,250.01,1741.89,93.98
2014-02-04,1251.7,1083.7,97.24,95.18,19.11,245.3,1755.2,93.98
2014-02-05,1257.3,1077.6,97.4,95.18,19.95,246.04,1751.64,93.98
2014-02-06,1257.6,1078.8,97.84,95.18,17.23,248.56,1773.43,93.98
2014-02-07,1263.3,1073.83,99.98,94.75,15.29,250.51,1797.02,93.98
2014-02-08,,,,94.75,,,,93.98
2014-02-09,,,,94.75,,,,93.98
2014-02-10,1274.8,1072.3,100.12,94.75,15.26,250.47,1799.84,93.98
2014-02-11,1290.1,1070.8,99.96,94.75,14.51,251.87,1819.75,93.98
2014-02-12,1295.3,1062.14,100.38,94.75,14.3,252.31,1819.26,93.98
2014-02-13,1300.4,1066.2,100.27,94.75,14.14,250.97,1829.83,93.98
2014-02-14,1319.0,1062.9,100.31,94.27,13.57,252.74,1838.63,93.98
2014-02-15,,,,94.27,,,,93.98
2014-02-16,,,,94.27,,,,93.98
2014-02-17,,,,94.27,,253.64,,93.98
2014-02-18,1324.7,1065.54,102.54,94.27,13.87,253.66,1840.76,93.98
2014-02-19,1320.6,1065.25,103.46,94.27,15.5,252.92,1828.75,93.98
2014-02-20,1317.1,1072.0,103.2,94.27,14.79,250.95,1839.78,93.98
2014-02-21,1323.9,1072.15,102.53,94.66,14.68,255.22,1836.25,93.98
2014-02-22,,,,94.66,,,,93.98
2014-02-23,,,,94.66,,,,93.98
2014-02-24,1338.3,1074.0,103.17,94.66,14.23,254.01,1847.61,93.98
2014-02-25,1343.0,1072.78,102.2,94.66,13.67,256.24,1845.12,93.98
2014-02-26,1328.2,1065.72,102.93,94.66,14.35,257.31,1845.16,93.98
2014-02-27,1331.6,1068.85,102.68,94.66,14.04,258.28,1854.29,93.98
2014-02-28,1321.4,1066.01,102.88,94.39,14.0,258.41,1859.45,93.98
2014-03-01,,,,94.39,,,,94.15
2014-03-02,,,,94.39,,,,94.15
2014-03-03,1350.1,1069.9,105.34,94.39,16.0,256.29,1845.73,94.15
2014-03-04,1337.8,1071.2,103.64,94.39,14.1,254.78,1873.91,94.15
2014-03-05,1340.2,1070.85,101.75,94.39,13.89,257.3,1873.81,94.15
2014-03-06,1351.7,1064.1,101.82,94.39,14.21,257.63,1877.03,94.15
2014-03-07,1338.1,1064.2,102.82,94.25,14.11,257.35,1878.04,94.15
2014-03-08,,,,94.25,,,,94.15
2014-03-09,,,,94.25,,,,94.15
2014-03-10,1341.4,1066.5,101.39,94.25,14.2,254.48,1877.17,94.15
2014-03-11,1346.5,1065.13,100.29,94.25,14.8,255.49,1867.63,94.15
2014-03-12,1370.3,1070.2,98.29,94.25,14.47,251.11,1868.2,94.15
2014-03-13,1372.2,1068.35,98.57,94.25,16.22,251.09,1846.34,94.15
2014-03-14,1379.0,1071.33,99.23,94.24,17.82,249.02,1841.13,94.15
2014-03-15,,,,94.24,,,,94.15
2014-03-16,,,,94.24,,,,94.15
2014-03-17,1372.9,1067.15,98.43,94.24,15.64,250.15,1858.83,94.15
2014-03-18,1359.0,1068.5,100.08,94.24,14.52,251.87,1872.25,94.15
2014-03-19,1341.4,1070.53,100.71,94.24,15.12,251.32,1860.77,94.15
2014-03-20,1330.5,1076.28,99.68,94.24,14.52,248.68,1872.01,94.15
2014-03-21,1336.0,1079.6,99.97,94.85,15.0,250.68,1866.52,94.15
2014-03-22,,,,94.85,,,,94.15
2014-03-23,,,,94.85,,,,94.15
2014-03-24,1311.2,1077.7,100.05,94.85,15.09,252.31,1857.44,94.15
2014-03-25,1311.4,1078.67,99.66,94.85,14.02,251.56,1865.62,94.15
2014-03-26,1303.4,1074.97,100.61,94.85,14.93,255.08,1852.56,94.15
2014-03-27,1294.7,1071.65,101.25,94.85,14.62,257.26,1849.04,94.15
2014-03-28,1293.8,1068.85,101.73,94.37,14.41,257.44,1857.62,94.15
2014-03-29,,,,94.37,,,,94.15
2014-03-30,,,,94.37,,,,94.15
2014-03-31,1283.4,1064.65,101.57,94.37,13.88,258.11,1872.34,94.15
2014-04-01,1279.6,1058.3,99.69,94.37,13.1,258.95,1885.52,94.21
2014-04-02,1290.5,1057.2,99.6,94.37,13.09,259.7,1890.9,94.21
2014-04-03,1284.4,1057.5,100.29,94.37,13.37,259.34,1888.77,94.21
2014-04-04,1303.2,1053.85,101.16,94.22,13.96,259.47,1865.09,94.21
2014-04-05,,,,94.22,,,,94.21
2014-04-06,,,,94.22,,,,94.21
2014-04-07,1298.0,1055.17,100.43,94.22,15.57,259.89,1845.04,94.21
2014-04-08,1308.7,1052.1,102.57,94.22,14.89,260.47,1851.96,94.21
2014-04-09,1305.5,1041.25,103.55,94.22,13.82,261.21,1872.18,94.21
2014-04-10,1320.1,1039.9,103.37,94.22,15.89,262.41,1833.08,94.21
2014-04-11,1318.7,1035.4,103.68,93.64,17.03,260.53,1815.69,94.21
2014-04-12,,,,93.64,,,,94.21
2014-04-13,,,,93.64,,,,94.21
2014-04-14,1327.2,1039.29,104.05,93.64,16.11,260.51,1830.61,94.21
2014-04-15,1300.0,1041.07,103.7,93.64,15.61,259.74,1842.98,94.21
2014-04-16,1303.1,1038.2,103.71,93.64,14.18,259.83,1862.31,94.21
2014-04-17,1293.4,1038.0,104.33,93.64,13.36,259.66,1864.85,94.21
2014-04-18,,1037.35,,93.96,,,,94.21
2014-04-19,,,,93.96,,,,94.21
2014-04-20,,,,93.96,,,,94.21
2014-04-21,1288.0,1038.56,104.35,93.96,13.25,260.9,1871.89,94.21
2014-04-22,1280.6,1037.45,101.69,93.96,13.19,261.55,1879.55,94.21
2014-04-23,1284.2,1039.35,101.47,93.96,13.27,261.2,1875.39,94.21
2014-04-24,1290.5,1039.5,102.2,93.96,13.32,261.08,1878.61,94.21
2014-04-25,1300.7,1040.95,100.85,94.16,14.06,257.42,1863.4,94.21
2014-04-26,,,,94.16,,,,94.21
2014-04-27,,,,94.16,,,,94.21
2014-04-28,1298.9,1034.9,101.13,94.16,13.97,256.8,1869.43,94.21
2014-04-29,1296.0,1029.83,101.56,94.16,13.71,255.8,1878.33,94.21
2014-04-30,1295.6,1032.85,100.07,94.16,13.41,255.33,1883.95,94.21
2014-05-01,1283.1,1032.75,99.69,94.16,13.25,,1883.68,94.37
2014-05-02,1302.6,1029.55,100.09,93.82,12.91,255.07,1881.14,94.37
2014-05-03,,,,93.82,,,,94.37
2014-05-04,,,,93.82,,,,94.37
2014-05-05,1309.0,1029.5,99.74,93.82,13.29,,1884.66,94.37
2014-05-06,1308.3,1029.5,99.81,93.82,13.8,,1867.72,94.37
2014-05-07,1288.6,1022.46,101.06,93.82,13.4,252.35,1878.21,94.37
2014-05-08,1287.4,1022.6,100.52,93.82,13.43,253.84,1875.63,94.37
2014-05-09,1287.3,1024.23,100.32,93.66,12.92,254.31,1878.48,94.37
2014-05-10,,,,93.66,,,,94.37
2014-05-11,,,,93.66,,,,94.37
2014-05-12,1295.6,1024.29,100.89,93.66,12.23,255.8,1896.65,94.37
2014-05-13,1294.6,1021.85,102.01,93.66,12.13,258.4,1897.45,94.37
2014-05-14,1305.7,1027.5,102.63,93.66,12.17,262.43,1888.53,94.37
2014-05-15,1293.5,1025.1,101.74,93.66,13.17,262.4,1870.85,94.37
2014-05-16,1293.3,1023.42,102.31,93.61,12.44,262.97,1877.86,94.37
2014-05-17,,,,93.61,,,,94.37
2014-05-18,,,,93.61,,,,94.37
2014-05-19,1293.7,1021.87,102.95,93.61,12.42,263.42,1885.08,94.37
2014-05-20,1294.5,1025.0,102.8,93.61,12.96,263.04,1872.83,94.37
2014-05-21,1288.0,1026.7,104.31,93.61,11.91,262.4,1888.03,94.37
2014-05-22,1294.9,1024.3,104.03,93.61,12.03,263.33,1892.49,94.37
2014-05-23,1291.6,1024.45,105.01,93.7,11.36,263.42,1900.53,94.37
2014-05-24,,,,93.7,,,,94.37
2014-05-25,,,,93.7,,,,94.37
2014-05-26,,,,93.7,,262.33,,94.37
2014-05-27,1265.4,1022.95,104.78,93.7,11.51,260.36,1911.91,94.37
2014-05-28,1259.3,1021.7,103.37,93.7,11.68,263.01,1909.78,94.37
2014-05-29,1256.3,1020.5,104.26,93.7,11.57,262.57,1920.03,94.37
2014-05-30,1245.6,1020.3,103.4,93.76,11.4,259.94,1923.57,94.37
2014-05-31,,,,93.76,,,,94.37
2014-06-01,,,,93.76,,,,94.25
2014-06-02,1243.7,1024.0,103.07,93.76,11.58,261.4,1924.97,94.25
2014-06-03,1244.3,1023.0,103.34,93.76,11.87,262.22,1924.24,94.25
2014-06-04,1244.0,1023.0,103.27,93.76,12.08,,1927.88,94.25
2014-06-05,1253.0,1019.7,103.17,93.76,11.68,260.56,1940.46,94.25
2014-06-06,1252.1,1019.7,103.32,93.91,10.73,,1949.44,94.25
2014-06-07,,,,93.91,,,,94.25
2014-06-08,,,,93.91,,,,94.25
2014-06-09,1253.5,1016.35,105.09,93.91,11.15,259.68,1951.27,94.25
2014-06-10,1259.8,1016.95,105.02,93.91,10.99,262.64,1950.79,94.25
2014-06-11,1260.8,1015.6,105.04,93.91,11.6,262.62,1943.89,94.25
2014-06-12,1273.6,1017.6,107.2,93.91,12.56,262.01,1930.11,94.25
2014-06-13,1273.7,1017.8,107.49,93.92,12.18,258.75,1936.16,94.25
2014-06-14,,,,93.92,,,,94.25
2014-06-15,,,,93.92,,,,94.25
2014-06-16,1274.9,1020.0,107.52,93.92,12.65,259.43,1937.78,94.25
2014-06-17,1271.7,1022.3,106.95,93.92,12.06,260.43,1941.99,94.25
2014-06-18,1272.4,1021.85,106.64,93.92,10.61,258.7,1956.98,94.25
2014-06-19,1313.7,1018.37,107.08,93.92,10.62,258.83,1959.48,94.25
2014-06-20,1316.2,1020.81,107.95,93.76,10.85,255.31,1962.87,94.25
2014-06-21,,,,93.76,,,,94.25
2014-06-22,,,,93.76,,,,94.25
2014-06-23,1318.0,1018.1,106.83,93.76,10.98,256.77,1962.61,94.25
2014-06-24,1320.9,1018.05,106.64,93.76,12.13,259.75,1949.98,94.25
2014-06-25,1322.2,1019.55,107.04,93.76,11.59,258.16,1959.53,94.25
2014-06-26,1316.1,1016.0,106.49,93.76,11.63,260.03,1957.22,94.25
2014-06-27,1319.0,1013.3,106.46,93.4,11.26,258.78,1960.96,94.25
2014-06-28,,,,93.4,,,,94.25
2014-06-29,,,,93.4,,,,94.25
2014-06-30,1321.8,1011.6,106.07,93.4,11.57,260.56,1960.23,94.25
2014-07-01,1326.4,1010.7,106.06,93.4,11.15,259.74,1973.32,94.39
2014-07-02,1330.7,1009.1,105.18,93.4,10.82,262.04,1974.62,94.39
2014-07-03,1320.4,1008.85,104.76,93.4,10.32,261.13,1985.44,94.39
2014-07-04,,,,93.31,,260.63,,94.39
2014-07-05,,,,93.31,,,,94.39
2014-07-06,,,,93.31,,,,94.39
2014-07-07,1316.5,1011.1,104.19,93.31,11.33,259.95,1977.65,94.39
2014-07-08,1316.0,1011.5,104.06,93.31,11.98,259.93,1963.71,94.39
2014-07-09,1323.8,1012.1,102.93,93.31,11.65,258.87,1972.83,94.39
2014-07-10,1338.7,1013.1,103.61,93.31,12.59,259.17,1964.68,94.39
2014-07-11,1337.0,1018.6,101.48,93.42,12.08,256.72,1967.57,94.39
2014-07-12,,,,93.42,,,,94.39
2014-07-13,,,,93.42,,,,94.39
2014-07-14,1306.3,1018.95,101.73,93.42,11.82,257.27,1977.1,94.39
2014-07-15,1296.9,1026.75,100.56,93.42,11.96,260.4,1973.28,94.39
2014-07-16,1299.6,1031.9,101.88,93.42,11.0,260.82,1981.57,94.39
2014-07-17,1316.7,1028.95,103.84,93.42,14.54,261.93,1958.12,94.39
2014-07-18,1309.2,1029.1,103.83,93.66,12.06,261.66,1978.22,94.39
2014-07-19,,,,93.66,,,,94.39
2014-07-20,,,,93.66,,,,94.39
2014-07-21,1313.7,1026.65,105.34,93.66,12.81,261.51,1973.63,94.39
2014-07-22,1306.1,1024.2,104.59,93.66,12.24,262.86,1983.53,94.39
2014-07-23,1304.5,1023.5,103.81,93.66,11.52,262.56,1987.01,94.39
2014-07-24,1290.6,1029.05,102.76,93.66,11.84,262.72,1987.98,94.39
2014-07-25,1303.1,1025.6,105.23,93.83,12.69,263.47,1978.34,94.39
2014-07-26,,,,93.83,,,,94.39
2014-07-27,,,,93.83,,,,94.39
2014-07-28,1303.3,1026.1,105.68,93.83,12.56,265.53,1978.91,94.39
2014-07-29,1298.3,1024.65,104.91,93.83,13.28,268.01,1969.95,94.39
2014-07-30,1294.9,1024.55,104.29,93.83,13.33,271.17,1970.07,94.39
2014-07-31,1281.3,1027.75,98.23,93.83,16.95,269.68,1930.67,94.39
2014-08-01,1293.6,1036.85,97.86,94.48,17.03,268.56,1925.15,94.55
2014-08-02,,,,94.48,,,,94.55
2014-08-03,,,,94.48,,,,94.55
2014-08-04,1287.7,1032.95,98.26,94.48,15.12,269.65,1938.99,94.55
2014-08-05,1284.0,1027.9,97.34,94.48,16.87,267.63,1920.21,94.55
2014-08-06,1306.7,1033.75,96.93,94.48,16.37,266.6,1920.24,94.55
2014-08-07,1310.8,1036.75,97.34,94.48,16.66,265.64,1909.57,94.55
2014-08-08,1308.9,1036.4,97.61,94.6,15.77,262.02,1931.59,94.55
2014-08-09,,,,94.6,,,,94.55
2014-08-10,,,,94.6,,,,94.55
2014-08-11,1308.5,1029.8,98.09,94.6,14.23,263.32,1936.92,94.55
2014-08-12,1308.8,1026.9,97.36,94.6,14.13,263.34,1933.75,94.55
2014-08-13,1312.8,1029.35,97.57,94.6,12.9,265.91,1946.72,94.55
2014-08-14,1313.9,1026.9,95.54,94.6,12.42,265.88,1955.18,94.55
2014-08-15,1304.5,1020.95,97.3,94.29,13.15,,1955.06,94.55
2014-08-16,,,,94.29,,,,94.55
2014-08-17,,,,94.29,,,,94.55
2014-08-18,1297.7,1017.35,96.44,94.29,12.32,264.24,1971.74,94.55
2014-08-19,1295.1,1017.35,94.35,94.29,12.21,266.62,1981.6,94.55
2014-08-20,1293.4,1022.6,96.4,94.29,11.78,266.79,1986.51,94.55
2014-08-21,1273.7,1023.4,93.97,94.29,11.76,262.53,1992.37,94.55
2014-08-22,1278.6,1017.8,93.61,94.8,11.47,264.26,1988.4,94.55
2014-08-23,,,,94.8,,,,94.55
2014-08-24,,,,94.8,,,,94.55
2014-08-25,1277.3,1019.65,95.39,94.8,11.7,264.46,1997.92,94.55
2014-08-26,1283.8,1016.25,95.78,94.8,11.63,265.14,2000.02,94.55
2014-08-27,1281.9,1013.95,95.82,94.8,11.78,265.88,2000.12,94.55
2014-08-28,1288.7,1014.85,96.44,94.8,12.05,266.19,1996.74,94.55
2014-08-29,1285.8,1013.85,97.86,94.73,11.98,265.41,2003.37,94.55
2014-08-30,,,,94.73,,,,94.55
2014-08-31,,,,94.73,,,,94.55
2014-09-01,,,,94.73,,265.27,,94.49
2014-09-02,1263.7,1018.2,92.92,94.73,12.25,262.61,2002.28,94.49
2014-09-03,1268.9,1019.55,95.5,94.73,12.36,262.27,2000.72,94.49
2014-09-04,1265.1,1018.7,94.51,94.73,12.64,263.19,1997.65,94.49
2014-09-05,1265.8,1024.25,93.32,95.22,12.09,262.09,2007.71,94.49
2014-09-06,,,,95.22,,,,94.49
2014-09-07,,,,95.22,,,,94.49
2014-09-08,1252.7,1024.0,92.64,95.22,12.66,,2001.54,94.49
2014-09-09,1246.8,1034.05,92.73,95.22,13.5,,1988.44,94.49
2014-09-10,1243.5,1034.2,91.71,95.22,12.88,,1995.69,94.49
2014-09-11,1237.4,1035.9,92.89,95.22,12.8,259.8,1997.45,94.49
2014-09-12,1229.9,1034.9,92.18,96.07,13.31,261.39,1985.54,94.49
2014-09-13,,,,96.07,,,,94.49
2014-09-14,,,,96.07,,,,94.49
2014-09-15,1233.6,1037.8,92.86,96.07,14.12,260.56,1984.13,94.49
2014-09-16,1235.2,1035.95,94.91,96.07,12.73,261.45,1998.98,94.49
2014-09-17,1234.4,1034.55,94.33,96.07,12.65,264.01,2001.57,94.49
2014-09-18,1225.7,1043.3,93.07,96.07,12.03,261.72,2011.36,94.49
2014-09-19,1215.3,1043.55,92.43,96.34,12.11,262.31,2010.4,94.49
2014-09-20,,,,96.34,,,,94.49
2014-09-21,,,,96.34,,,,94.49
2014-09-22,1216.8,1040.75,91.46,96.34,13.69,260.15,1994.29,94.49
2014-09-23,1221.0,1039.9,91.55,96.34,14.93,258.49,1982.77,94.49
2014-09-24,1218.6,1039.77,93.6,96.34,13.27,258.88,1998.3,94.49
2014-09-25,1221.2,1042.6,93.59,96.34,15.64,258.46,1965.99,94.49
2014-09-26,1214.1,1044.1,95.55,97.21,14.85,258.33,1982.85,94.49
2014-09-27,,,,97.21,,,,94.49
2014-09-28,,,,97.21,,,,94.49
2014-09-29,1217.5,1053.15,94.53,97.21,15.98,257.95,1977.8,94.49
2014-09-30,1210.5,1054.55,91.17,97.21,16.31,256.77,1972.29,94.49
2014-10-01,1214.6,1062.7,90.74,97.21,16.71,252.81,1946.16,94.21
2014-10-02,1214.2,1061.1,91.02,97.21,16.16,250.06,1946.17,94.21
2014-10-03,1192.2,1061.1,89.76,97.98,14.55,,1967.9,94.21
2014-10-04,,,,97.98,,,,94.21
2014-10-05,,,,97.98,,,,94.21
2014-10-06,1206.7,1068.75,90.33,97.98,15.46,249.19,1964.82,94.21
2014-10-07,1211.7,1069.4,88.89,97.98,17.2,249.93,1935.1,94.21
2014-10-08,1205.3,1074.4,87.29,97.98,15.11,248.36,1968.89,94.21
2014-10-09,1224.6,1062.6,85.76,97.98,18.76,,1928.21,94.21
2014-10-10,1221.0,1073.1,85.87,97.41,21.24,245.06,1906.13,94.21
2014-10-11,,,,97.41,,,,94.21
2014-10-12,,,,97.41,,,,94.21
2014-10-13,1229.3,,85.73,97.41,24.64,244.18,1874.74,94.21
2014-10-14,1233.6,1064.62,81.72,97.41,22.79,244.47,1877.7,94.21
2014-10-15,1244.1,1058.9,81.82,97.41,26.25,243.87,1862.49,94.21
2014-10-16,1240.5,1060.16,82.33,97.41,25.2,242.79,1862.76,94.21
2014-10-17,1238.3,1063.62,82.8,97.31,21.99,239.84,1886.76,94.21
2014-10-18,,,,97.31,,,,94.21
2014-10-19,,,,97.31,,,,94.21
2014-10-20,1244.0,1057.58,82.76,97.31,18.57,243.9,1904.01,94.21
2014-10-21,1251.0,1054.69,83.25,97.31,16.08,241.48,1941.28,94.21
2014-10-22,1244.8,1052.47,80.52,97.31,17.87,244.12,1927.11,94.21
2014-10-23,1228.5,1057.87,82.81,97.31,16.53,243.38,1950.82,94.21
2014-10-24,1231.2,1055.58,81.27,97.48,16.11,242.91,1964.58,94.21
2014-10-25,,,,97.48,,,,94.21
2014-10-26,,,,97.48,,,,94.21
2014-10-27,1229.1,1050.99,81.26,97.48,16.04,243.89,1961.63,94.21
2014-10-28,1229.2,1047.0,81.36,97.48,14.39,243.3,1985.05,94.21
2014-10-29,1224.3,1043.89,82.25,97.48,15.15,248.64,1982.3,94.21
2014-10-30,1198.1,1053.8,81.06,97.48,14.52,248.84,1994.65,94.21
2014-10-31,1171.1,1073.07,80.53,98.12,14.03,250.45,2018.05,94.21
2014-11-01,,,,98.12,,,,94.02
2014-11-02,,,,98.12,,,,94.02
2014-11-03,1169.4,1077.63,78.77,98.12,14.73,248.69,2017.81,94.02
2014-11-04,1167.4,1076.99,77.15,98.12,14.89,246.51,2012.1,94.02
2014-11-05,1145.4,1089.38,78.71,98.12,14.17,245.86,2023.57,94.02
2014-11-06,1142.3,1084.0,77.87,98.12,13.67,247.19,2031.21,94.02
2014-11-07,1169.6,1086.5,78.71,99.02,13.12,247.39,2031.92,94.02
2014-11-08,,,,99.02,,,,94.02
2014-11-09,,,,99.02,,,,94.02
2014-11-10,1159.6,1089.28,77.43,99.02,12.67,250.64,2038.26,94.02
2014-11-11,1162.8,,77.85,99.02,12.92,250.45,2039.68,94.02
2014-11-12,1158.9,1093.62,77.16,99.02,13.02,251.26,2038.25,94.02
2014-11-13,1161.1,1093.61,74.13,99.02,13.79,250.11,2039.33,94.02
2014-11-14,1185.0,1102.23,75.91,99.09,13.31,248.18,2039.82,94.02
2014-11-15,,,,99.09,,,,94.02
2014-11-16,,,,99.09,,,,94.02
2014-11-17,1183.0,1098.12,75.64,99.09,13.99,248.3,2041.32,94.02
2014-11-18,1196.7,1096.64,74.55,99.09,13.86,250.65,2051.8,94.02
2014-11-19,1193.6,1112.04,74.55,99.09,13.96,250.33,2048.72,94.02
2014-11-20,1190.7,1111.96,75.63,99.09,13.58,248.96,2052.75,94.02
2014-11-21,1197.5,1111.05,76.52,99.29,12.9,249.9,2063.5,94.02
2014-11-22,,,,99.29,,,,94.02
2014-11-23,,,,99.29,,,,94.02
2014-11-24,1195.5,1114.66,75.74,99.29,12.62,252.34,2069.41,94.02
2014-11-25,1197.1,1108.68,74.04,99.29,12.25,251.72,2067.03,94.02
2014-11-26,1196.6,1103.26,73.7,99.29,12.07,252.0,2072.83,94.02
2014-11-27,,,,99.29,,253.3,,94.02
2014-11-28,1175.2,1112.06,65.94,100.07,13.33,253.7,2067.56,94.02
2014-11-29,,,,100.07,,,,94.02
2014-11-30,,,,100.07,,,,94.02
2014-12-01,1218.0,1108.36,68.98,100.07,14.29,251.59,2053.44,94.01
2014-12-02,1199.2,1115.35,66.99,100.07,12.85,251.41,2066.55,94.01
2014-12-03,1208.5,1114.57,67.3,100.07,12.47,251.65,2074.33,94.01
2014-12-04,1207.5,1110.89,66.73,100.07,12.38,254.06,2071.92,94.01
2014-12-05,1190.1,1117.74,65.89,101.1,11.82,254.24,2075.37,94.01
2014-12-06,,,,101.1,,,,94.01
2014-12-07,,,,101.1,,,,94.01
2014-12-08,1194.7,1112.52,63.13,101.1,14.21,253.71,2060.31,94.01
2014-12-09,1231.5,1102.31,63.74,101.1,14.89,253.21,2059.82,94.01
2014-12-10,1228.9,1103.75,60.99,101.1,18.53,249.35,2026.14,94.01
2014-12-11,1225.1,1101.83,60.01,101.1,20.08,245.54,2035.33,94.01
2014-12-12,1222.0,1103.01,57.81,101.37,21.08,246.44,2002.33,94.01
2014-12-13,,,,101.37,,,,94.01
2014-12-14,,,,101.37,,,,94.01
2014-12-15,1207.2,1098.24,55.96,101.37,20.42,246.27,1989.63,94.01
2014-12-16,1193.9,1080.83,55.97,101.37,23.57,244.43,1972.74,94.01
2014-12-17,1194.3,1094.59,56.43,101.37,19.44,243.72,2012.89,94.01
2014-12-18,1194.7,1101.75,54.18,101.37,16.81,243.82,2061.23,94.01
2014-12-19,1195.9,1099.21,56.91,102.05,16.49,247.96,2070.65,94.01
2014-12-20,,,,102.05,,,,94.01
2014-12-21,,,,102.05,,,,94.01
2014-12-22,1179.7,1097.77,55.25,102.05,15.25,249.7,2078.54,94.01
2014-12-23,1177.9,1104.84,56.78,102.05,14.8,249.06,2082.17,94.01
2014-12-24,1173.5,1103.22,55.7,102.05,14.37,250.07,2081.88,94.01
2014-12-25,,,,102.05,,,,94.01
2014-12-26,1195.3,,54.59,102.3,14.5,250.05,2088.77,94.01
2014-12-27,,,,102.3,,,,94.01
2014-12-28,,,,102.3,,,,94.01
2014-12-29,1181.7,1097.34,53.46,102.3,15.06,246.3,2090.57,94.01
2014-12-30,1200.2,1096.06,54.14,102.3,15.92,244.05,2080.35,94.01
2014-12-31,1183.9,1090.89,53.45,102.3,19.2,,2058.9,94.01
2015-01-01,,,,102.3,,,,94.64
2015-01-02,1186.0,1103.73,52.72,102.9,17.79,244.79,2058.2,94.64
2015-01-03,,,,102.9,,,,94.64
2015-01-04,,,,102.9,,,,94.64
2015-01-05,1203.9,1109.07,50.05,102.9,19.92,244.26,2020.58,94.64
2015-01-06,1219.3,1098.14,47.98,102.9,21.12,239.93,2002.61,94.64
2015-01-07,1210.6,1101.51,48.69,102.9,19.31,240.53,2025.9,94.64
2015-01-08,1208.4,1096.19,48.8,102.9,17.01,243.94,2062.14,94.64
2015-01-09,1216.0,1086.14,48.35,103.12,17.55,246.05,2044.81,94.64
2015-01-10,,,,103.12,,,,94.64
2015-01-11,,,,103.12,,,,94.64
2015-01-12,1232.7,1083.25,46.06,103.12,19.6,245.7,2028.26,94.64
2015-01-13,1234.3,1080.42,45.92,103.12,20.56,246.29,2023.03,94.64
2015-01-14,1234.4,1080.45,48.49,103.12,21.48,245.99,2011.27,94.64
2015-01-15,1264.7,1077.94,46.37,103.12,22.39,245.76,1992.67,94.64
2015-01-16,1276.9,1076.68,48.49,103.22,20.95,242.22,2019.42,94.64
2015-01-17,,,,103.22,,,,94.64
2015-01-18,,,,103.22,,,,94.64
2015-01-19,,,,103.22,,244.78,,94.64
2015-01-20,1294.2,1087.17,46.79,103.22,19.89,247.24,2022.55,94.64
2015-01-21,1293.7,1081.94,47.85,103.22,18.85,248.59,2032.12,94.64
2015-01-22,1300.7,1081.75,45.93,103.22,16.4,248.47,2063.15,94.64
2015-01-23,1292.6,1075.75,45.26,104.37,16.66,250.32,2051.82,94.64
2015-01-24,,,,104.37,,,,94.64
2015-01-25,,,,104.37,,,,94.64
2015-01-26,1279.4,1079.42,44.8,104.37,15.52,250.14,2057.09,94.64
2015-01-27,1291.7,1075.31,45.84,104.37,17.22,252.2,2029.55,94.64
2015-01-28,1285.9,1084.84,44.08,104.37,20.44,252.21,2002.16,94.64
2015-01-29,1254.6,1098.6,44.12,104.37,18.76,250.46,2021.25,94.64
2015-01-30,1278.5,1104.3,47.79,105.59,20.97,249.88,1994.99,94.64
2015-01-31,,,,105.59,,,,94.64
2015-02-01,,,,105.59,,,,94.59
2015-02-02,1276.2,1099.61,49.25,105.59,19.43,250.61,2020.85,94.59
2015-02-03,1259.7,1096.06,53.04,105.59,17.33,250.38,2050.03,94.59
2015-02-04,1263.8,1086.79,48.45,105.59,18.33,251.6,2041.51,94.59
2015-02-05,1262.0,1087.05,50.48,105.59,16.85,249.78,2062.52,94.59
2015-02-06,1233.9,1097.26,51.66,105.13,17.29,250.16,2055.47,94.59
2015-02-07,,,,105.13,,,,94.59
2015-02-08,,,,105.13,,,,94.59
2015-02-09,1240.8,1096.4,52.99,105.13,18.55,249.26,2046.74,94.59
2015-02-10,1231.6,1098.61,50.06,105.13,17.23,247.66,2068.59,94.59
2015-02-11,1219.0,1108.19,48.8,105.13,16.96,248.4,2068.53,94.59
2015-02-12,1220.1,1100.87,51.17,105.13,15.34,247.71,2088.48,94.59
2015-02-13,1226.5,1097.2,52.66,104.85,14.69,249.76,2096.99,94.59
2015-02-14,,,,104.85,,,,94.59
2015-02-15,,,,104.85,,,,94.59
2015-02-16,,,,104.85,,249.81,,94.59
2015-02-17,1208.1,1107.33,53.56,104.85,15.8,250.37,2100.34,94.59
2015-02-18,1199.7,1112.82,52.13,104.85,15.45,,2099.68,94.59
2015-02-19,1207.1,1110.69,51.12,104.85,15.29,,2097.45,94.59
2015-02-20,1204.4,1110.06,49.95,105.34,14.3,,2110.3,94.59
2015-02-21,,,,105.34,,,,94.59
2015-02-22,,,,105.34,,,,94.59
2015-02-23,1200.3,1108.25,49.56,105.34,14.56,250.8,2109.66,94.59
2015-02-24,1196.9,1108.05,48.48,105.34,13.69,251.28,2115.48,94.59
2015-02-25,1201.0,1101.53,50.25,105.34,13.84,252.96,2113.86,94.59
2015-02-26,1209.6,1100.33,47.65,105.34,13.91,252.93,2110.74,94.59
2015-02-27,1212.6,1100.65,49.84,105.6,13.34,251.46,2104.5,94.59
2015-02-28,,,,105.6,,,,94.59
2015-03-01,,,,105.6,,,,94.6
2015-03-02,1207.7,1101.46,49.59,105.6,13.04,253.65,2117.39,94.6
2015-03-03,1204.0,1095.65,50.43,105.6,13.86,254.5,2107.78,94.6
2015-03-04,1200.6,1100.2,51.53,105.6,14.23,254.31,2098.53,94.6
2015-03-05,1195.9,1100.11,50.76,105.6,14.04,254.16,2101.04,94.6
2015-03-06,1164.1,1110.36,49.61,107.43,15.2,255.96,2071.26,94.6
2015-03-07,,,,107.43,,,,94.6
2015-03-08,,,,107.43,,,,94.6
2015-03-09,1166.4,1114.18,49.95,107.43,15.06,252.77,2079.43,94.6
2015-03-10,1160.1,1123.32,48.42,107.43,16.69,251.75,2044.16,94.6
2015-03-11,1150.7,1131.33,48.06,107.43,16.87,252.16,2040.24,94.6
2015-03-12,1152.1,1120.13,47.12,107.43,15.42,250.28,2065.95,94.6
2015-03-13,1152.6,1135.7,44.88,108.92,16.0,252.18,2053.4,94.6
2015-03-14,,,,108.92,,,,94.6
2015-03-15,,,,108.92,,,,94.6
2015-03-16,1153.3,1129.62,43.93,108.92,15.61,252.44,2081.19,94.6
2015-03-17,1148.3,1127.69,43.39,108.92,15.66,258.18,2074.28,94.6
2015-03-18,1151.4,1127.09,44.63,108.92,13.97,258.22,2099.5,94.6
2015-03-19,1169.1,1121.21,44.02,108.92,14.07,258.99,2089.27,94.6
2015-03-20,1184.8,1113.87,46.0,107.17,13.02,258.7,2108.1,94.6
2015-03-21,,,,107.17,,,,94.6
2015-03-22,,,,107.17,,,,94.6
2015-03-23,1188.0,1106.68,47.4,107.17,13.41,258.95,2104.42,94.6
2015-03-24,1191.7,1104.2,47.03,107.17,13.62,259.16,2091.5,94.6
2015-03-25,1197.3,1099.72,48.75,107.17,15.44,258.94,2061.05,94.6
2015-03-26,1205.1,1103.59,51.41,107.17,15.8,255.99,2056.15,94.6
2015-03-27,1199.8,1103.6,48.83,106.89,15.07,255.54,2061.02,94.6
2015-03-28,,,,106.89,,,,94.6
2015-03-29,,,,106.89,,,,94.6
2015-03-30,1184.8,1106.39,48.66,106.89,14.51,256.1,2086.24,94.6
2015-03-31,1183.1,1107.71,47.72,106.89,15.29,257.28,2067.89,94.6
2015-04-01,1208.1,1098.1,50.12,106.89,15.11,254.97,2059.69,94.63
2015-04-02,1200.9,1089.49,49.13,106.89,14.67,254.99,2066.96,94.63
2015-04-03,,1085.65,,105.89,,256.75,,94.63
2015-04-04,,,,105.89,,,,94.63
2015-04-05,,,,105.89,,,,94.63
2015-04-06,1218.6,1083.38,52.08,105.89,14.74,256.93,2080.62,94.63
2015-04-07,1210.6,1093.76,53.95,105.89,14.78,256.88,2076.33,94.63
2015-04-08,1203.1,1093.77,50.44,105.89,13.98,258.51,2081.9,94.63
2015-04-09,1193.6,1093.8,50.79,105.89,13.09,258.33,2091.18,94.63
2015-04-10,1204.6,1093.13,51.63,107.45,12.58,261.95,2102.06,94.63
2015-04-11,,,,107.45,,,,94.63
2015-04-12,,,,107.45,,,,94.63
2015-04-13,1199.3,1100.41,51.95,107.45,13.94,263.48,2092.43,94.63
2015-04-14,1192.8,1090.76,53.3,107.45,13.67,265.57,2095.84,94.63
2015-04-15,1201.5,1095.07,56.25,107.45,12.84,265.77,2106.63,94.63
2015-04-16,1198.0,1086.89,56.69,107.45,12.6,268.45,2104.99,94.63
2015-04-17,1202.9,1081.99,55.71,106.33,13.89,268.28,2081.18,94.63
2015-04-18,,,,106.33,,,,94.63
2015-04-19,,,,106.33,,,,94.63
2015-04-20,1193.5,1081.27,56.37,106.33,13.3,268.55,2100.4,94.63
2015-04-21,1202.9,1081.54,55.58,106.33,13.25,268.17,2097.29,94.63
2015-04-22,1186.9,1080.64,56.17,106.33,12.71,268.64,2107.96,94.63
2015-04-23,1194.4,1080.0,56.59,106.33,12.48,272.59,2112.93,94.63
2015-04-24,1175.2,1075.85,55.98,105.91,12.29,271.05,2117.69,94.63
2015-04-25,,,,105.91,,,,94.63
2015-04-26,,,,105.91,,,,94.63
2015-04-27,1203.3,1071.01,55.56,105.91,13.12,270.05,2108.92,94.63
2015-04-28,1214.0,1063.03,57.05,105.91,12.41,268.55,2114.76,94.63
2015-04-29,1209.8,1066.48,58.55,105.91,13.39,268.03,2106.85,94.63
2015-04-30,1182.4,1076.74,59.62,105.91,14.55,266.42,2085.51,94.63
2015-05-01,1174.5,1080.22,59.1,105.64,12.7,,2108.29,94.89
2015-05-02,,,,105.64,,,,94.89
2015-05-03,,,,105.64,,,,94.89
2015-05-04,1186.8,1081.19,58.92,105.64,12.85,267.33,2114.49,94.89
2015-05-05,1193.2,1080.46,60.38,105.64,14.31,,2089.46,94.89
2015-05-06,1190.3,1077.23,60.93,105.64,15.15,264.03,2080.15,94.89
2015-05-07,1182.4,1093.55,58.99,105.64,15.13,262.47,2088.0,94.89
2015-05-08,1189.1,1087.28,59.41,104.84,12.86,260.81,2116.1,94.89
2015-05-09,,,,104.84,,,,94.89
2015-05-10,,,,104.84,,,,94.89
2015-05-11,1183.2,1095.39,59.23,104.84,13.85,261.49,2105.33,94.89
2015-05-12,1192.6,1093.81,60.72,104.84,13.86,261.42,2099.12,94.89
2015-05-13,1218.4,1089.72,60.5,104.84,13.76,263.25,2098.48,94.89
2015-05-14,1225.4,1089.46,59.89,104.84,12.74,263.69,2121.1,94.89
2015-05-15,1225.5,1083.05,59.73,104.02,12.38,261.33,2122.73,94.89
2015-05-16,,,,104.02,,,,94.89
2015-05-17,,,,104.02,,,,94.89
2015-05-18,1227.8,1088.19,59.44,104.02,12.73,261.97,2129.2,94.89
2015-05-19,1206.9,1093.94,57.3,104.02,12.85,262.92,2127.83,94.89
2015-05-20,1208.9,1097.62,58.96,104.02,12.88,265.36,2125.85,94.89
2015-05-21,1204.4,1092.41,60.18,104.02,12.11,262.66,2130.82,94.89
2015-05-22,1204.3,1093.46,58.88,105.85,12.13,266.03,2126.06,94.89
2015-05-23,,,,105.85,,,,94.89
2015-05-24,,,,105.85,,,,94.89
2015-05-25,,,,105.85,,,,94.89
2015-05-26,1187.2,1106.06,57.29,105.85,14.06,265.41,2104.2,94.89
2015-05-27,1185.9,1107.84,57.51,105.85,13.27,260.16,2123.48,94.89
2015-05-28,1188.1,1109.86,57.69,105.85,13.31,260.06,2120.79,94.89
2015-05-29,1189.4,1111.99,60.25,106.74,13.84,260.39,2107.39,94.89
2015-05-30,,,,106.74,,,,94.89
2015-05-31,,,,106.74,,,,94.89
2015-06-01,1188.3,1115.61,60.24,106.74,13.97,258.74,2111.73,94.91
2015-06-02,1194.1,1109.34,61.3,106.74,14.24,256.29,2109.6,94.91
2015-06-03,1184.7,1104.33,59.67,106.74,13.66,254.11,2114.07,94.91
2015-06-04,1174.9,1112.56,58.0,106.74,14.71,255.47,2095.84,94.91
2015-06-05,1167.8,1121.18,59.11,107.13,14.21,254.94,2092.83,94.91
2015-06-06,,,,107.13,,,,94.91
2015-06-07,,,,107.13,,,,94.91
2015-06-08,1173.2,1121.95,58.15,107.13,15.29,254.21,2079.28,94.91
2015-06-09,1177.3,1119.38,60.15,107.13,14.47,253.51,2080.15,94.91
2015-06-10,1186.1,1110.32,61.36,107.13,13.22,252.11,2105.2,94.91
2015-06-11,1179.9,1113.24,60.74,107.13,12.85,252.32,2108.86,94.91
2015-06-12,1178.8,1111.63,59.96,105.9,13.78,251.66,2094.11,94.91
2015-06-13,,,,105.9,,,,94.91
2015-06-14,,,,105.9,,,,94.91
2015-06-15,1185.3,1114.94,59.53,105.9,15.39,250.74,2084.43,94.91
2015-06-16,1180.5,1118.08,60.01,105.9,14.81,248.49,2096.29,94.91
2015-06-17,1176.4,1122.83,59.89,105.9,14.5,249.08,2100.44,94.91
2015-06-18,1201.5,1101.55,60.41,105.9,13.19,249.67,2121.24,94.91
2015-06-19,1201.5,1102.64,59.62,105.45,13.96,249.84,2109.99,94.91
2015-06-20,,,,105.45,,,,94.91
2015-06-21,,,,105.45,,,,94.91
2015-06-22,1183.7,1098.85,60.01,105.45,12.74,250.99,2122.85,94.91
2015-06-23,1176.2,1104.54,61.05,105.45,12.11,254.52,2124.2,94.91
2015-06-24,1172.6,1110.67,60.01,105.45,13.26,254.94,2108.58,94.91
2015-06-25,1171.5,1111.05,59.59,105.45,14.01,253.8,2102.31,94.91
2015-06-26,1172.9,1122.31,59.41,106.41,14.02,254.48,2101.49,94.91
2015-06-27,,,,106.41,,,,94.91
2015-06-28,,,,106.41,,,,94.91
2015-06-29,1178.5,1119.09,58.34,106.41,18.85,251.26,2057.64,94.91
2015-06-30,1171.5,1117.34,59.48,106.41,18.23,252.27,2063.11,94.91
2015-07-01,1169.0,1123.89,56.94,106.41,16.09,255.07,2077.42,95.08
2015-07-02,1163.0,1119.95,56.93,106.41,16.79,255.5,2076.78,95.08
2015-07-03,,,,106.91,,254.66,,95.08
2015-07-04,,,,106.91,,,,95.08
2015-07-05,,,,106.91,,,,95.08
2015-07-06,1172.9,1125.58,52.48,106.91,17.01,248.3,2068.76,95.08
2015-07-07,1152.4,1133.75,52.33,106.91,16.09,248.05,2081.34,95.08
2015-07-08,1163.3,1131.75,51.61,106.91,19.66,244.94,2046.68,95.08
2015-07-09,1159.0,1133.69,52.76,106.91,19.97,246.77,2051.31,95.08
2015-07-10,1157.7,1127.29,52.74,107.21,16.83,246.83,2076.62,95.08
2015-07-11,,,,107.21,,,,95.08
2015-07-12,,,,107.21,,,,95.08
2015-07-13,1155.2,1133.93,52.19,107.21,13.9,249.84,2099.6,95.08
2015-07-14,1153.3,1142.75,53.05,107.21,13.37,248.64,2108.95,95.08
2015-07-15,1147.2,1146.42,51.4,107.21,13.23,249.65,2107.4,95.08
2015-07-16,1143.8,1145.24,50.9,107.21,12.11,251.47,2124.29,95.08
2015-07-17,1131.8,1148.48,50.88,108.54,11.95,250.23,2126.64,95.08
2015-07-18,,,,108.54,,,,95.08
2015-07-19,,,,108.54,,,,95.08
2015-07-20,1106.7,1156.38,50.11,108.54,12.25,248.91,2128.28,95.08
2015-07-21,1103.4,1148.33,50.59,108.54,12.22,250.35,2119.21,95.08
2015-07-22,1091.4,1156.49,49.27,108.54,12.12,247.88,2114.15,95.08
2015-07-23,1094.0,1160.64,48.11,108.54,12.64,247.31,2102.15,95.08
2015-07-24,1085.6,1169.02,47.98,109.02,13.74,244.91,2079.65,95.08
2015-07-25,,,,109.02,,,,95.08
2015-07-26,,,,109.02,,,,95.08
2015-07-27,1096.5,1167.75,47.17,109.02,15.6,244.98,2067.64,95.08
2015-07-28,1096.3,1161.09,47.97,109.02,13.44,245.21,2093.25,95.08
2015-07-29,1092.7,1158.49,48.77,109.02,12.5,245.97,2108.57,95.08
2015-07-30,1088.4,1173.42,48.53,109.02,12.13,243.61,2108.63,95.08
2015-07-31,1094.9,1159.7,47.11,108.78,12.12,244.3,2103.84,95.08
2015-08-01,,,,108.78,,,,95.21
2015-08-02,,,,108.78,,,,95.21
2015-08-03,1089.4,1168.63,45.25,108.78,12.56,241.48,2098.04,95.21
2015-08-04,1090.7,1161.2,45.75,108.78,13.0,243.55,2093.32,95.21
2015-08-05,1085.7,1174.4,45.13,108.78,12.51,243.12,2099.84,95.21
2015-08-06,1090.2,1163.25,44.69,108.78,13.77,240.04,2083.56,95.21
2015-08-07,1094.1,1164.0,43.87,109.44,13.39,239.79,2077.57,95.21
2015-08-08,,,,109.44,,,,95.21
2015-08-09,,,,109.44,,,,95.21
2015-08-10,1104.2,1161.69,44.94,109.44,12.23,239.18,2104.18,95.21
2015-08-11,1107.6,1181.36,43.11,109.44,13.71,237.91,2084.07,95.21
2015-08-12,1123.2,1175.03,43.22,109.44,13.61,237.24,2086.05,95.21
2015-08-13,1115.7,1176.02,42.27,109.44,13.49,237.32,2083.39,95.21
2015-08-14,1112.9,1177.62,42.45,109.92,12.83,,2091.54,95.21
2015-08-15,,,,109.92,,,,95.21
2015-08-16,,,,109.92,,,,95.21
2015-08-17,1118.6,1181.53,41.93,109.92,13.02,235.37,2102.44,95.21
2015-08-18,1117.1,1185.85,42.58,109.92,13.79,235.2,2096.92,95.21
2015-08-19,1128.1,1184.35,40.75,109.92,15.25,234.27,2079.61,95.21
2015-08-20,1153.0,1185.63,41.0,109.92,19.14,231.59,2035.73,95.21
2015-08-21,1159.6,1194.6,40.45,110.14,28.03,227.14,1970.89,95.21
2015-08-22,,,,110.14,,,,95.21
2015-08-23,,,,110.14,,,,95.21
2015-08-24,1153.4,1191.13,38.22,110.14,40.74,221.53,1893.21,95.21
2015-08-25,1138.2,1195.25,39.15,110.14,36.02,223.07,1867.61,95.21
2015-08-26,1124.6,1185.52,38.5,110.14,30.32,227.71,1940.51,95.21
2015-08-27,1122.4,1170.49,42.47,110.14,26.1,228.94,1987.66,95.21
2015-08-28,1133.1,1180.93,45.29,110.67,26.05,232.35,1988.87,95.21
2015-08-29,,,,110.67,,,,95.21
2015-08-30,,,,110.67,,,,95.21
2015-08-31,1131.6,1182.54,49.2,110.67,28.43,232.8,1972.18,95.21
2015-09-01,1138.7,1179.78,45.38,110.67,31.4,229.55,1913.85,94.97
2015-09-02,1132.5,1183.46,46.3,110.67,26.09,229.91,1948.86,94.97
2015-09-03,1123.7,1188.07,46.75,110.67,25.61,230.4,1951.13,94.97
2015-09-04,1120.6,1196.4,46.02,111.1,27.8,227.9,1921.22,94.97
2015-09-05,,,,111.1,,,,94.97
2015-09-06,,,,111.1,,,,94.97
2015-09-07,,,,111.1,,227.31,,94.97
2015-09-08,1120.4,1195.57,45.92,111.1,24.9,227.76,1969.41,94.97
2015-09-09,1102.2,1186.52,44.13,111.1,26.23,234.4,1942.04,94.97
2015-09-10,1109.5,1184.87,45.85,111.1,24.37,237.18,1952.29,94.97
2015-09-11,1103.5,1182.25,44.75,110.61,23.2,233.74,1961.05,94.97
2015-09-12,,,,110.61,,,,94.97
2015-09-13,,,,110.61,,,,94.97
2015-09-14,1107.7,1181.17,44.07,110.61,24.25,233.06,1953.03,94.97
2015-09-15,1102.8,1178.69,44.58,110.61,22.54,233.59,1978.09,94.97
2015-09-16,1119.2,1169.77,47.12,110.61,21.35,238.78,1995.31,94.97
2015-09-17,1117.3,1163.11,46.93,110.61,21.14,239.29,1990.2,94.97
2015-09-18,1138.1,1164.13,44.71,109.82,22.28,241.12,1958.03,94.97
2015-09-19,,,,109.82,,,,94.97
2015-09-20,,,,109.82,,,,94.97
2015-09-21,1133.1,1179.24,46.67,109.82,20.14,236.72,1966.97,94.97
2015-09-22,1125.0,1186.1,46.17,109.82,22.44,238.68,1942.74,94.97
2015-09-23,1131.6,1193.96,44.53,109.82,22.13,234.26,1938.76,94.97
2015-09-24,1153.8,1195.48,44.94,109.82,23.47,234.26,1932.24,94.97
2015-09-25,1146.0,1190.14,45.55,111.37,23.62,233.79,1931.34,94.97
2015-09-26,,,,111.37,,,,94.97
2015-09-27,,,,111.37,,,,94.97
2015-09-28,1132.0,1193.32,44.4,111.37,27.63,,1881.77,94.97
2015-09-29,1127.1,1194.28,45.24,111.37,26.83,,1884.09,94.97
2015-09-30,1115.5,1184.62,45.06,111.37,24.5,236.71,1920.03,94.97
2015-10-01,1114.2,1180.04,44.75,111.37,22.55,238.62,1923.82,94.97
2015-10-02,1137.1,1175.48,45.54,110.7,20.94,237.15,1951.36,94.97
2015-10-03,,,,110.7,,,,94.97
2015-10-04,,,,110.7,,,,94.97
2015-10-05,1138.1,1158.54,46.28,110.7,19.54,237.98,1987.05,94.97
2015-10-06,1146.8,1160.7,48.53,110.7,19.4,240.18,1979.92,94.97
2015-10-07,1149.0,1153.72,47.86,110.7,18.4,243.52,1995.83,94.97
2015-10-08,1144.7,1155.57,49.46,110.7,17.42,246.02,2013.43,94.97
2015-10-09,1156.3,1145.67,49.67,109.08,17.08,,2014.89,94.97
2015-10-10,,,,109.08,,,,94.97
2015-10-11,,,,109.08,,,,94.97
2015-10-12,1164.9,,47.09,109.08,16.17,246.49,2017.46,94.97
2015-10-13,1165.8,1147.42,46.7,109.08,17.67,246.04,2003.69,94.97
2015-10-14,1180.1,1140.39,46.63,109.08,18.03,244.94,1994.24,94.97
2015-10-15,1187.9,1120.9,46.38,109.08,16.05,247.89,2023.86,94.97
2015-10-16,1183.6,1130.73,47.3,109.0,15.05,247.37,2033.11,94.97
2015-10-17,,,,109.0,,,,94.97
2015-10-18,,,,109.0,,,,94.97
2015-10-19,1173.3,1130.57,45.91,109.0,14.98,247.47,2033.66,94.97
2015-10-20,1178.0,1128.64,45.84,109.0,15.75,248.53,2030.77,94.97
2015-10-21,1167.6,1137.09,45.22,109.0,16.7,249.25,2018.94,94.97
2015-10-22,1166.6,1131.48,44.9,109.0,14.45,247.22,2052.51,94.97
2015-10-23,1163.3,1135.0,43.91,110.43,14.46,249.41,2075.15,94.97
2015-10-24,,,,110.43,,,,94.97
2015-10-25,,,,110.43,,,,94.97
2015-10-26,1167.0,1127.47,43.19,110.43,15.29,250.36,2071.18,94.97
2015-10-27,1166.8,1134.57,43.21,110.43,15.43,250.04,2065.89,94.97
2015-10-28,1177.1,1130.31,45.93,110.43,14.33,249.79,2090.35,94.97
2015-10-29,1147.2,1142.39,46.02,110.43,14.61,248.93,2089.41,94.97
2015-10-30,1141.5,1140.5,46.6,110.21,15.07,249.41,2079.36,94.97
2015-10-31,,,,110.21,,,,94.97
2015-11-01,,,,110.21,,,,94.79
2015-11-02,1135.8,1140.5,46.12,110.21,14.15,250.6,2104.05,94.79
2015-11-03,1114.2,1140.5,47.88,110.21,14.54,252.12,2109.79,94.79
2015-11-04,1106.5,1136.45,46.32,110.21,15.51,252.33,2102.31,94.79
2015-11-05,1104.4,1140.5,45.27,110.21,15.05,251.79,2099.93,94.79
2015-11-06,1087.6,1140.5,44.32,111.76,14.33,250.25,2099.2,94.79
2015-11-07,,,,111.76,,,,94.79
2015-11-08,,,,111.76,,,,94.79
2015-11-09,1087.9,1160.42,43.87,111.76,16.52,249.21,2078.58,94.79
2015-11-10,1088.2,1158.34,44.23,111.76,15.29,245.86,2081.72,94.79
2015-11-11,1084.7,,42.95,111.76,16.06,245.86,2075.0,94.79
2015-11-12,1080.8,1158.6,41.74,111.76,18.37,245.14,2045.97,94.79
2015-11-13,1080.8,1169.79,40.69,112.03,20.08,242.71,2023.04,94.79
2015-11-14,,,,112.03,,,,94.79
2015-11-15,,,,112.03,,,,94.79
2015-11-16,1083.7,1172.67,41.68,112.03,18.16,238.87,2053.19,94.79
2015-11-17,1068.7,1169.08,40.73,112.03,18.84,241.26,2050.44,94.79
2015-11-18,1068.8,1167.89,40.75,112.03,16.85,241.44,2083.58,94.79
2015-11-19,1078.0,1156.08,40.55,112.03,16.99,244.79,2081.24,94.79
2015-11-20,1076.4,1151.63,39.39,111.78,15.47,244.8,2089.17,94.79
2015-11-21,,,,111.78,,,,94.79
2015-11-22,,,,111.78,,,,94.79
2015-11-23,1066.8,1159.14,39.27,111.78,15.62,245.92,2086.59,94.79
2015-11-24,1074.3,1149.39,40.89,111.78,15.93,247.51,2089.14,94.79
2015-11-25,1070.5,1140.67,41.22,111.78,15.19,246.58,2088.87,94.79
2015-11-26,,,,111.78,,249.43,,94.79
2015-11-27,1056.2,1154.43,40.57,112.28,15.12,249.07,2090.11,94.79
2015-11-28,,,,112.28,,,,94.79
2015-11-29,,,,112.28,,,,94.79
2015-11-30,1065.8,1149.39,40.43,112.28,16.13,244.24,2080.41,94.79
2015-12-01,1063.8,1149.39,40.58,112.28,14.67,248.7,2102.63,95.07
2015-12-02,1054.2,1149.39,39.93,112.28,15.91,246.6,2079.51,95.07
2015-12-03,1061.7,1149.39,41.08,112.28,18.11,244.68,2049.62,95.07
2015-12-04,1084.5,1149.39,40.0,111.55,14.81,242.15,2091.69,95.07
2015-12-05,,,,111.55,,,,95.07
2015-12-06,,,,111.55,,,,95.07
2015-12-07,1076.4,1172.68,37.64,111.55,15.84,240.68,2077.07,95.07
2015-12-08,1076.3,1179.6,37.46,111.55,17.6,239.23,2063.59,95.07
2015-12-09,1077.6,1181.75,37.16,111.55,19.61,239.4,2047.62,95.07
2015-12-10,1073.1,1176.39,36.76,111.55,19.34,240.6,2052.23,95.07
2015-12-11,1076.9,1188.0,35.65,112.71,24.39,240.35,2012.37,95.07
2015-12-12,,,,112.71,,,,95.07
2015-12-13,,,,112.71,,,,95.07
2015-12-14,1064.7,1186.2,36.31,112.71,22.73,238.17,2021.94,95.07
2015-12-15,1062.9,1176.66,37.32,112.71,20.95,238.8,2043.41,95.07
2015-12-16,1078.0,1177.19,35.55,112.71,17.86,243.49,2073.07,95.07
2015-12-17,1050.8,1187.7,34.98,112.71,18.94,244.17,2041.89,95.07
2015-12-18,1066.2,1178.04,34.72,113.28,20.7,243.0,2005.55,95.07
2015-12-19,,,,113.28,,,,95.07
2015-12-20,,,,113.28,,,,95.07
2015-12-21,1081.9,1173.87,34.55,113.28,18.7,243.76,2021.15,95.07
2015-12-22,1074.8,1169.26,36.12,113.28,16.6,245.48,2038.97,95.07
2015-12-23,1069.4,1140.67,36.76,113.28,15.57,246.53,2064.29,95.07
2015-12-24,1077.2,1167.94,37.62,113.28,15.74,245.33,2060.99,95.07
2015-12-25,,,,113.05,,,,95.07
2015-12-26,,,,113.05,,,,95.07
2015-12-27,,,,113.05,,,,95.07
2015-12-28,1070.5,1169.26,36.36,113.05,16.91,241.79,2056.5,95.07
2015-12-29,1077.5,1169.26,37.88,113.05,16.08,241.22,2078.36,95.07
2015-12-30,1060.1,1177.53,36.59,113.05,17.29,240.38,2063.36,95.07
2015-12-31,1060.3,1169.26,37.13,113.05,18.21,,2043.94,95.07
2016-01-01,,,,113.34,,,,95.23
2016-01-02,,,,113.34,,,,95.23
2016-01-03,,,,113.34,,,,95.23
2016-01-04,1075.1,1191.46,36.81,113.34,20.7,234.63,2012.66,95.23
2016-01-05,1078.4,1190.43,35.97,113.34,19.34,236.13,2016.71,95.23
2016-01-06,1091.9,1200.16,33.97,113.34,20.59,234.6,1990.26,95.23
2016-01-07,1107.7,1193.05,33.29,113.34,24.99,231.93,1943.09,95.23
2016-01-08,1097.8,1206.97,33.2,115.01,27.01,233.68,1922.03,95.23
2016-01-09,,,,115.01,,,,95.23
2016-01-10,,,,115.01,,,,95.23
2016-01-11,1096.5,1206.55,31.42,115.01,24.3,230.83,1923.67,95.23
2016-01-12,1085.6,1208.95,30.42,115.01,22.47,230.55,1938.68,95.23
2016-01-13,1087.5,1208.95,30.42,115.01,25.22,233.52,1890.28,95.23
2016-01-14,1073.9,1211.28,31.22,115.01,23.95,231.38,1921.84,95.23
2016-01-15,1091.5,1216.95,29.45,115.74,27.02,228.78,1880.33,95.23
2016-01-16,,,,115.74,,,,95.23
2016-01-17,,,,115.74,,,,95.23
2016-01-18,,,,115.74,,228.59,,95.23
2016-01-19,1089.9,1205.61,28.47,115.74,26.05,230.08,1881.33,95.23
2016-01-20,1107.1,1215.4,26.68,115.74,27.59,224.54,1859.33,95.23
2016-01-21,1099.1,1204.31,29.55,115.74,26.69,223.81,1868.99,95.23
2016-01-22,1097.2,1195.66,32.07,115.98,22.34,228.79,1906.9,95.23
2016-01-23,,,,115.98,,,,95.23
2016-01-24,,,,115.98,,,,95.23
2016-01-25,1106.2,1194.3,30.31,115.98,24.15,230.21,1877.08,95.23
2016-01-26,1121.7,1199.64,29.54,115.98,22.5,227.19,1903.63,95.23
2016-01-27,1116.1,1199.25,32.32,115.98,23.11,230.96,1882.95,95.23
2016-01-28,1115.6,1204.08,33.21,115.98,22.42,231.51,1893.36,95.23
2016-01-29,1116.4,1210.04,33.66,115.57,20.2,232.1,1940.24,95.23
2016-01-30,,,,115.57,,,,95.23
2016-01-31,,,,115.57,,,,95.23
2016-02-01,1127.9,1203.19,31.62,115.57,19.98,233.67,1939.38,95.64
2016-02-02,1127.3,1212.01,29.9,115.57,21.98,231.1,1903.03,95.64
2016-02-03,1141.3,1211.33,32.29,115.57,21.65,228.97,1912.53,95.64
2016-02-04,1157.6,1186.11,31.63,115.57,21.84,232.91,1915.45,95.64
2016-02-05,1157.8,1204.69,30.86,114.29,23.38,233.3,1880.05,95.64
2016-02-06,,,,114.29,,,,95.64
2016-02-07,,,,114.29,,,,95.64
2016-02-08,1197.9,1205.1,29.71,114.29,26.0,,1853.44,95.64
2016-02-09,1198.7,1200.39,27.96,114.29,26.54,,1852.21,95.64
2016-02-10,1194.7,1189.69,27.54,114.29,26.29,,1851.86,95.64
2016-02-11,1247.9,1196.89,26.19,114.29,28.14,226.7,1829.08,95.64
2016-02-12,1239.1,1205.13,29.32,114.3,25.4,224.98,1864.78,95.64
2016-02-13,,,,114.3,,,,95.64
2016-02-14,,,,114.3,,,,95.64
2016-02-15,,,,114.3,,228.4,,95.64
2016-02-16,1207.9,1219.44,29.05,114.3,24.11,231.52,1895.58,95.64
2016-02-17,1211.1,1222.32,30.68,114.3,22.31,231.94,1926.82,95.64
2016-02-18,1226.1,1231.15,30.77,114.3,21.64,234.74,1917.83,95.64
2016-02-19,1230.4,1231.09,29.59,113.96,20.53,235.27,1917.78,95.64
2016-02-20,,,,113.96,,,,95.64
2016-02-21,,,,113.96,,,,95.64
2016-02-22,1209.5,1223.32,31.37,113.96,19.38,234.95,1945.5,95.64
2016-02-23,1222.3,1230.05,31.84,113.96,20.98,235.03,1921.27,95.64
2016-02-24,1238.7,1234.6,30.35,113.96,20.72,234.91,1929.8,95.64
2016-02-25,1238.2,1237.39,31.4,113.96,19.11,235.37,1951.7,95.64
2016-02-26,1219.8,1242.59,31.65,114.37,19.81,235.22,1948.05,95.64
2016-02-27,,,,114.37,,,,95.64
2016-02-28,,,,114.37,,,,95.64
2016-02-29,1233.9,1238.09,32.74,114.37,20.55,234.63,1932.23,95.64
2016-03-01,1230.3,1229.56,34.39,114.37,17.7,,1978.35,95.39
2016-03-02,1241.1,1227.59,34.57,114.37,17.09,238.63,1986.45,95.39
2016-03-03,1257.4,1209.55,34.56,114.37,16.7,240.09,1993.4,95.39
2016-03-04,1269.9,1195.09,35.91,112.64,16.86,239.74,1999.99,95.39
2016-03-05,,,,112.64,,,,95.39
2016-03-06,,,,112.64,,,,95.39
2016-03-07,1263.2,1200.08,37.9,112.64,17.35,240.21,2001.76,95.39
2016-03-08,1262.1,1206.19,36.67,112.64,18.67,238.44,1979.26,95.39
2016-03-09,1256.6,1206.82,37.62,112.64,18.34,239.13,1989.26,95.39
2016-03-10,1272.0,1204.09,37.77,112.64,18.05,241.43,1989.57,95.39
2016-03-11,1258.7,1184.56,38.51,111.74,16.5,241.97,2022.19,95.39
2016-03-12,,,,111.74,,,,95.39
2016-03-13,,,,111.74,,,,95.39
2016-03-14,1244.4,1187.39,37.2,111.74,16.92,242.15,2019.64,95.39
2016-03-15,1230.4,1194.99,36.32,111.74,16.84,241.83,2015.93,95.39
2016-03-16,1229.3,1190.59,38.43,111.74,14.99,242.35,2027.22,95.39
2016-03-17,1264.5,1155.83,40.17,111.74,14.44,244.09,2040.59,95.39
2016-03-18,1253.8,1160.11,39.47,110.4,14.02,244.63,2049.58,95.39
2016-03-19,,,,110.4,,,,95.39
2016-03-20,,,,110.4,,,,95.39
2016-03-21,1243.8,1157.33,39.91,110.4,13.79,244.28,2051.6,95.39
2016-03-22,1248.2,1154.58,41.45,110.4,14.17,245.41,2049.8,95.39
2016-03-23,1223.7,1166.59,38.28,110.4,14.94,245.23,2036.71,95.39
2016-03-24,1221.4,1168.09,38.14,110.4,14.74,244.08,2035.94,95.39
2016-03-25,,1168.19,,111.77,,,,95.39
2016-03-26,,,,111.77,,,,95.39
2016-03-27,,,,111.77,,,,95.39
2016-03-28,1219.9,1163.39,37.99,111.77,15.24,243.95,2037.05,95.39
2016-03-29,1235.6,1164.69,36.91,111.77,13.82,245.53,2055.01,95.39
2016-03-30,1226.9,1142.02,36.91,111.77,13.56,246.54,2063.95,95.39
2016-03-31,1234.2,1138.86,36.94,111.77,13.95,245.86,2059.74,95.39
2016-04-01,1222.2,1147.15,35.36,110.3,13.1,242.36,2072.78,95.57
2016-04-02,,,,110.3,,,,95.57
2016-04-03,,,,110.3,,,,95.57
2016-04-04,1218.0,1151.35,34.3,110.3,14.12,243.05,2066.13,95.57
2016-04-05,1228.4,1158.39,34.52,110.3,15.42,240.58,2045.17,95.57
2016-04-06,1222.5,1155.28,37.74,110.3,14.09,241.99,2066.66,95.57
2016-04-07,1236.2,1156.81,37.3,110.3,16.16,242.29,2041.91,95.57
2016-04-08,1242.5,1148.89,39.74,110.42,15.36,241.77,2047.6,95.57
2016-04-09,,,,110.42,,,,95.57
2016-04-10,,,,110.42,,,,95.57
2016-04-11,1256.7,1141.97,40.46,110.42,16.26,242.06,2041.99,95.57
2016-04-12,1259.4,1144.53,42.12,110.42,14.85,243.71,2061.72,95.57
2016-04-13,1246.8,1146.29,41.7,110.42,13.84,,2082.42,95.57
2016-04-14,1225.0,1151.99,41.45,110.42,13.72,248.89,2082.78,95.57
2016-04-15,1233.1,1144.83,40.4,110.19,13.62,248.53,2080.73,95.57
2016-04-16,,,,110.19,,,,95.57
2016-04-17,,,,110.19,,,,95.57
2016-04-18,1233.6,1144.48,39.74,110.19,13.35,248.0,2094.34,95.57
2016-04-19,1253.0,1126.01,40.88,110.19,13.24,247.88,2100.8,95.57
2016-04-20,1253.2,1130.48,42.72,110.19,13.28,247.26,2102.4,95.57
2016-04-21,1249.0,1135.49,43.18,110.19,13.95,249.39,2091.48,95.57
2016-04-22,1228.7,1147.85,42.76,110.23,13.22,248.32,2091.58,95.57
2016-04-23,,,,110.23,,,,95.57
2016-04-24,,,,110.23,,,,95.57
2016-04-25,1238.9,1147.76,41.67,110.23,14.08,248.13,2087.79,95.57
2016-04-26,1242.2,1146.66,42.52,110.23,13.96,248.92,2091.7,95.57
2016-04-27,1249.2,1151.5,45.29,110.23,13.77,248.69,2095.15,95.57
2016-04-28,1265.5,1139.93,46.03,110.23,15.22,246.27,2075.81,95.57
2016-04-29,1289.2,1144.09,45.98,108.83,15.7,245.2,2065.3,95.57
2016-04-30,,,,108.83,,,,95.57
2016-05-01,,,,108.83,,,,95.63
2016-05-02,1294.7,1138.45,44.75,108.83,14.68,243.47,2081.43,95.63
2016-05-03,1290.7,1148.69,43.65,108.83,15.6,244.29,2063.37,95.63
2016-05-04,1273.3,1164.59,43.77,108.83,16.05,243.31,2051.12,95.63
2016-05-05,1271.4,1165.93,44.33,108.83,15.91,,2050.63,95.63
2016-05-06,1292.9,1167.29,44.58,110.38,14.72,,2057.14,95.63
2016-05-07,,,,110.38,,,,95.63
2016-05-08,,,,110.38,,,,95.63
2016-05-09,1265.6,1174.25,43.45,110.38,14.57,242.23,2058.69,95.63
2016-05-10,1263.9,1169.89,44.68,110.38,13.63,243.68,2084.39,95.63
2016-05-11,1274.6,1162.47,46.21,110.38,14.69,243.07,2064.46,95.63
2016-05-12,1270.3,1168.7,46.64,110.38,14.41,242.34,2064.11,95.63
2016-05-13,1271.9,1176.85,46.22,111.25,15.04,240.6,2046.61,95.63
2016-05-14,,,,111.25,,,,95.63
2016-05-15,,,,111.25,,,,95.63
2016-05-16,1273.4,1177.21,47.72,111.25,14.68,240.82,2066.66,95.63
2016-05-17,1276.2,1173.67,48.29,111.25,15.57,241.03,2047.21,95.63
2016-05-18,1273.7,1185.77,48.12,111.25,15.95,239.82,2047.63,95.63
2016-05-19,1254.2,1189.25,48.16,111.25,16.33,239.04,2040.04,95.63
2016-05-20,1252.4,1186.93,47.67,112.18,15.2,238.74,2052.32,95.63
2016-05-21,,,,112.18,,,,95.63
2016-05-22,,,,112.18,,,,95.63
2016-05-23,1251.1,1183.39,48.12,112.18,15.82,239.85,2048.04,95.63
2016-05-24,1228.9,1186.39,48.04,112.18,14.42,237.65,2076.06,95.63
2016-05-25,1223.5,1182.21,49.1,112.18,13.9,240.91,2090.54,95.63
2016-05-26,1220.1,1178.09,49.0,112.18,13.43,240.58,2090.1,95.63
2016-05-27,1213.8,1180.59,49.36,112.08,13.12,241.85,2099.06,95.63
2016-05-28,,,,112.08,,,,95.63
2016-05-29,,,,112.08,,,,95.63
2016-05-30,,,,112.08,,241.73,,95.63
2016-05-31,1214.8,1188.99,49.1,112.08,14.19,243.63,2096.95,95.63
2016-06-01,1211.9,1192.09,49.07,112.08,14.2,243.58,2099.33,95.61
2016-06-02,1209.8,1186.69,49.14,112.08,13.63,244.18,2105.26,95.61
2016-06-03,1240.1,1167.79,48.69,111.45,13.47,244.39,2099.13,95.61
2016-06-04,,,,111.45,,,,95.61
2016-06-05,,,,111.45,,,,95.61
2016-06-06,1244.6,1162.28,49.71,111.45,13.65,,2109.41,95.61
2016-06-07,1244.4,1154.8,50.37,111.45,14.05,247.85,2112.13,95.61
2016-06-08,1259.8,1153.83,51.23,111.45,14.08,250.04,2119.12,95.61
2016-06-09,1270.2,1159.29,50.52,111.45,14.64,250.19,2115.48,95.61
2016-06-10,1273.4,1167.61,49.09,111.1,17.03,248.96,2096.07,95.61
2016-06-11,,,,111.1,,,,95.61
2016-06-12,,,,111.1,,,,95.61
2016-06-13,1284.4,1169.74,48.89,111.1,20.97,244.05,2079.06,95.61
2016-06-14,1285.6,1176.78,48.49,111.1,20.5,243.35,2075.32,95.61
2016-06-15,1285.8,1167.53,47.92,111.1,20.14,243.3,2071.5,95.61
2016-06-16,1296.1,1176.49,46.14,111.1,19.37,241.61,2077.99,95.61
2016-06-17,1292.5,1171.77,48.0,111.53,19.41,241.63,2071.22,95.61
2016-06-18,,,,111.53,,,,95.61
2016-06-19,,,,111.53,,,,95.61
2016-06-20,1290.0,1156.8,49.4,111.53,18.37,245.17,2083.25,95.61
2016-06-21,1270.5,1154.35,48.95,111.53,18.48,245.34,2088.9,95.61
2016-06-22,1268.0,1147.99,49.16,111.53,21.17,246.75,2085.45,95.61
2016-06-23,1261.2,1143.27,49.34,111.53,17.25,246.31,2113.32,95.61
2016-06-24,1320.0,1167.56,46.7,112.14,25.76,239.21,2037.41,95.61
2016-06-25,,,,112.14,,,,95.61
2016-06-26,,,,112.14,,,,95.61
2016-06-27,1322.5,1181.24,45.8,112.14,23.85,239.28,2000.54,95.61
2016-06-28,1315.3,1169.31,47.93,112.14,18.75,240.08,2036.09,95.61
2016-06-29,1323.9,1153.09,49.85,112.14,16.64,242.32,2070.77,95.61
2016-06-30,1318.4,1154.15,48.27,112.14,15.63,244.14,2098.86,95.61
2016-07-01,1336.7,1146.49,49.02,111.65,14.77,246.52,2102.95,95.43
2016-07-02,,,,111.65,,,,95.43
2016-07-03,,,,111.65,,,,95.43
2016-07-04,,,,111.65,,247.62,,95.43
2016-07-05,1356.4,1156.79,46.73,111.65,15.58,246.91,2088.55,95.43
2016-07-06,1364.9,1160.59,47.37,111.65,14.96,241.86,2099.73,95.43
2016-07-07,1360.1,1154.89,45.22,111.65,14.76,244.6,2097.9,95.43
2016-07-08,1356.6,1148.71,45.37,112.4,13.2,243.43,2129.9,95.43
2016-07-09,,,,112.4,,,,95.43
2016-07-10,,,,112.4,,,,95.43
2016-07-11,1355.0,1148.97,44.73,112.4,13.54,246.99,2137.16,95.43
2016-07-12,1334.1,1146.47,46.82,112.4,13.55,247.14,2152.14,95.43
2016-07-13,1342.4,1145.01,44.87,112.4,13.04,249.25,2152.43,95.43
2016-07-14,1331.3,1130.65,45.64,112.4,12.82,249.8,2163.75,95.43
2016-07-15,1326.5,1135.49,45.93,112.28,12.67,251.02,2161.74,95.43
2016-07-16,,,,112.28,,,,95.43
2016-07-17,,,,112.28,,,,95.43
2016-07-18,1328.4,1134.39,45.23,112.28,12.44,251.52,2166.89,95.43
2016-07-19,1331.5,1140.56,44.64,112.28,11.97,250.97,2163.78,95.43
2016-07-20,1318.8,1142.33,44.96,112.28,11.77,250.66,2173.02,95.43
2016-07-21,1330.5,1137.31,43.96,112.28,12.74,250.44,2165.17,95.43
2016-07-22,1323.1,1137.49,43.41,112.99,12.02,250.04,2175.03,95.43
2016-07-23,,,,112.99,,,,95.43
2016-07-24,,,,112.99,,,,95.43
2016-07-25,1319.3,1140.8,42.4,112.99,12.87,250.65,2168.48,95.43
2016-07-26,1320.7,1137.59,42.16,112.99,13.05,252.72,2169.18,95.43
2016-07-27,1326.6,1135.09,41.9,112.99,12.83,252.73,2166.58,95.43
2016-07-28,1332.3,1124.79,41.13,112.99,12.72,251.86,2170.06,95.43
2016-07-29,1349.0,1112.89,41.54,111.87,11.87,251.48,2173.6,95.43
2016-07-30,,,,111.87,,,,95.43
2016-07-31,,,,111.87,,,,95.43
2016-08-01,1351.4,1106.15,40.05,111.87,12.44,253.81,2170.84,95.68
2016-08-02,1364.4,1108.35,39.5,111.87,13.37,251.93,2157.03,95.68
2016-08-03,1356.1,1116.21,40.8,111.87,12.86,248.65,2163.79,95.68
2016-08-04,1358.8,1111.99,41.92,111.87,12.42,249.24,2164.25,95.68
2016-08-05,1336.4,1114.54,41.83,112.36,11.39,252.36,2182.87,95.68
2016-08-06,,,,112.36,,,,95.68
2016-08-07,,,,112.36,,,,95.68
2016-08-08,1333.4,1108.24,43.06,112.36,11.5,254.11,2180.89,95.68
2016-08-09,1339.0,1101.45,42.78,112.36,11.66,255.85,2181.74,95.68
2016-08-10,1344.3,1095.84,41.75,112.36,12.05,255.43,2175.49,95.68
2016-08-11,1342.5,1097.39,43.51,112.36,11.68,256.18,2185.79,95.68
2016-08-12,1335.8,1100.79,44.47,111.18,11.55,256.17,2184.05,95.68
2016-08-13,,,,111.18,,,,95.68
2016-08-14,,,,111.18,,,,95.68
2016-08-15,1340.3,1095.83,45.72,111.18,11.81,,2190.15,95.68
2016-08-16,1350.5,1093.95,46.57,111.18,12.64,256.15,2178.15,95.68
2016-08-17,1342.7,1114.25,46.81,111.18,12.19,256.04,2182.22,95.68
2016-08-18,1351.2,1107.41,48.2,111.18,11.43,258.11,2187.02,95.68
2016-08-19,1340.4,1116.37,48.48,110.82,11.34,258.69,2183.87,95.68
2016-08-20,,,,110.82,,,,95.68
2016-08-21,,,,110.82,,,,95.68
2016-08-22,1337.7,1120.93,46.8,110.82,12.27,257.27,2182.64,95.68
2016-08-23,1340.6,1116.91,47.54,110.82,12.38,258.42,2186.9,95.68
2016-08-24,1324.4,1121.34,46.29,110.82,13.45,257.3,2175.44,95.68
2016-08-25,1320.1,1115.23,46.97,110.82,13.63,257.26,2172.47,95.68
2016-08-26,1321.5,1111.47,47.64,111.2,13.65,256.23,2169.04,95.68
2016-08-27,,,,111.2,,,,95.68
2016-08-28,,,,111.2,,,,95.68
2016-08-29,1322.9,1121.53,46.97,111.2,12.94,256.49,2180.38,95.68
2016-08-30,1311.7,1118.27,46.32,111.2,13.12,257.49,2176.12,95.68
2016-08-31,1306.9,1115.98,44.68,111.2,13.42,256.87,2170.95,95.68
2016-09-01,1312.2,1116.89,43.17,111.2,13.48,256.03,2170.86,96.25
2016-09-02,1322.1,1114.87,44.39,112.0,11.98,256.5,2179.98,96.25
2016-09-03,,,,112.0,,,,96.25
2016-09-04,,,,112.0,,,,96.25
2016-09-05,,,,112.0,,259.64,,96.25
2016-09-06,1349.4,1093.04,44.85,112.0,12.02,260.93,2186.48,96.25
2016-09-07,1344.3,1090.03,45.47,112.0,11.94,260.31,2186.16,96.25
2016-09-08,1336.8,1095.27,47.63,112.0,12.51,260.86,2181.3,96.25
2016-09-09,1330.1,1106.83,45.88,111.99,17.5,257.31,2127.81,96.25
2016-09-10,,,,111.99,,,,96.25
2016-09-11,,,,111.99,,,,96.25
2016-09-12,1321.0,1112.03,46.28,111.99,15.16,250.53,2159.04,96.25
2016-09-13,1319.0,1124.61,44.91,111.99,17.85,251.77,2127.02,96.25
2016-09-14,1321.5,1123.81,43.62,111.99,18.14,,2125.77,96.25
2016-09-15,1313.5,1122.83,43.85,111.99,16.3,,2147.26,96.25
2016-09-16,1305.8,1127.37,43.04,113.18,15.37,,2139.16,96.25
2016-09-17,,,,113.18,,,,96.25
2016-09-18,,,,113.18,,,,96.25
2016-09-19,1313.5,1117.44,43.34,113.18,15.53,253.93,2139.12,96.25
2016-09-20,1313.7,1117.34,43.85,113.18,15.92,255.09,2139.76,96.25
2016-09-21,1326.9,1112.17,45.33,113.18,13.3,256.52,2163.12,96.25
2016-09-22,1340.4,1100.59,46.1,113.18,12.02,258.34,2177.18,96.25
2016-09-23,1337.2,1102.21,44.36,112.72,12.29,258.37,2164.69,96.25
2016-09-24,,,,112.72,,,,96.25
2016-09-25,,,,112.72,,,,96.25
2016-09-26,1339.7,1106.99,45.6,112.72,14.5,257.48,2146.1,96.25
2016-09-27,1325.9,1099.22,44.65,112.72,13.1,259.57,2159.93,96.25
2016-09-28,1319.4,1096.73,47.07,112.72,12.39,258.21,2171.37,96.25
2016-09-29,1321.7,1097.39,47.72,112.72,14.02,260.35,2151.13,96.25
2016-09-30,1313.3,1097.98,47.72,112.28,13.29,257.49,2168.27,96.25
2016-10-01,,,,112.28,,,,96.38
2016-10-02,,,,112.28,,,,96.38
2016-10-03,1309.0,1104.79,48.8,112.28,13.57,,2161.2,96.38
2016-10-04,1266.3,1110.77,48.67,112.28,13.63,259.18,2150.49,96.38
2016-10-05,1265.2,1114.53,49.75,112.28,12.99,258.99,2159.73,96.38
2016-10-06,1249.8,1114.53,50.44,112.28,12.84,261.13,2160.77,96.38
2016-10-07,1248.9,1115.95,49.76,113.29,13.48,260.06,2153.74,96.38
2016-10-08,,,,113.29,,,,96.38
2016-10-09,,,,113.29,,,,96.38
2016-10-10,,,49.76,113.29,13.38,260.31,2163.66,96.38
2016-10-11,1253.0,1124.21,50.72,113.29,15.36,256.15,2136.73,96.38
2016-10-12,1251.1,1127.23,50.14,113.29,15.91,256.2,2139.18,96.38
2016-10-13,1255.0,1133.31,50.47,113.29,16.69,253.93,2132.55,96.38
2016-10-14,1253.1,1133.13,50.35,113.71,16.12,255.09,2132.98,96.38
2016-10-15,,,,113.71,,,,96.38
2016-10-16,,,,113.71,,,,96.38
2016-10-17,1254.4,1137.61,49.97,113.71,16.21,256.19,2126.5,96.38
2016-10-18,1260.8,1123.75,50.3,113.71,15.28,257.98,2139.6,96.38
2016-10-19,1267.9,1120.01,51.59,113.71,14.41,258.21,2144.29,96.38
2016-10-20,1265.6,1128.39,50.31,113.71,13.75,258.41,2141.34,96.38
2016-10-21,1265.9,1137.17,50.61,113.9,13.34,257.26,2141.16,96.38
2016-10-22,,,,113.9,,,,96.38
2016-10-23,,,,113.9,,,,96.38
2016-10-24,1262.0,1135.4,50.18,113.9,13.02,259.48,2151.33,96.38
2016-10-25,1271.9,1129.89,49.45,113.9,13.46,258.57,2143.16,96.38
2016-10-26,1264.8,1134.94,48.75,113.9,14.24,255.52,2139.43,96.38
2016-10-27,1267.9,1145.85,49.71,113.9,15.36,256.66,2133.04,96.38
2016-10-28,1275.5,1146.49,48.72,114.09,16.19,256.53,2126.41,96.38
2016-10-29,,,,114.09,,,,96.38
2016-10-30,,,,114.09,,,,96.38
2016-10-31,1271.5,1145.37,46.83,114.09,17.06,255.93,2126.15,96.38
2016-11-01,1286.4,1142.68,46.66,114.09,18.56,255.99,2111.72,96.24
2016-11-02,1306.8,1148.39,45.32,114.09,19.32,252.83,2097.94,96.24
2016-11-03,1302.1,1142.68,44.66,114.09,22.08,252.9,2088.66,96.24
2016-11-04,1303.3,1142.68,44.07,113.58,22.51,252.57,2085.18,96.24
2016-11-05,,,,113.58,,,,96.24
2016-11-06,,,,113.58,,,,96.24
2016-11-07,1278.3,1141.27,44.88,113.58,18.71,254.6,2131.52,96.24
2016-11-08,1273.4,1131.39,44.96,113.58,18.74,255.26,2139.56,96.24
2016-11-09,1272.6,1150.64,45.2,113.58,14.38,249.67,2163.26,96.24
2016-11-10,1265.5,1162.11,44.62,113.58,14.74,255.31,2167.48,96.24
2016-11-11,,,43.39,115.94,14.17,251.99,2164.45,96.24
2016-11-12,,,,115.94,,,,96.24
2016-11-13,,,,115.94,,,,96.24
2016-11-14,1221.2,1171.25,43.29,115.94,14.48,250.01,2164.2,96.24
2016-11-15,1224.0,1170.21,45.86,115.94,13.37,249.2,2180.39,96.24
2016-11-16,1223.4,1172.41,45.56,115.94,13.72,250.32,2176.94,96.24
2016-11-17,1216.5,1176.03,45.37,115.94,13.35,250.46,2187.12,96.24
2016-11-18,1208.5,1177.71,45.69,117.59,12.85,250.21,2181.9,96.24
2016-11-19,,,,117.59,,,,96.24
2016-11-20,,,,117.59,,,,96.24
2016-11-21,1209.6,1178.51,47.48,117.59,12.42,249.51,2198.18,96.24
2016-11-22,1211.0,1173.25,48.07,117.59,12.41,252.37,2202.94,96.24
2016-11-23,1189.1,1181.57,46.72,117.59,12.43,253.66,2204.72,96.24
2016-11-24,,,,117.59,,252.03,,96.24
2016-11-25,1178.2,1174.99,46.72,118.02,12.34,252.26,2213.35,96.24
2016-11-26,,,,118.02,,,,96.24
2016-11-27,,,,118.02,,,,96.24
2016-11-28,1190.6,1170.53,45.66,118.02,13.15,252.96,2201.72,96.24
2016-11-29,1187.9,1169.99,45.29,118.02,12.9,252.91,2204.66,96.24
2016-11-30,1170.8,1175.87,49.41,118.02,13.33,254.26,2198.81,96.24
2016-12-01,1166.9,1167.31,51.08,118.02,14.07,254.48,2191.08,96.34
2016-12-02,1175.1,1167.7,51.7,117.31,14.12,252.88,2191.95,96.34
2016-12-03,,,,117.31,,,,96.34
2016-12-04,,,,117.31,,,,96.34
2016-12-05,1174.0,1168.11,51.72,117.31,12.14,252.14,2204.71,96.34
2016-12-06,1167.6,1171.5,50.95,117.31,11.79,255.63,2212.23,96.34
2016-12-07,1175.0,1161.67,49.85,117.31,12.22,256.34,2241.35,96.34
2016-12-08,1169.8,1162.49,50.84,117.31,12.64,262.0,2246.19,96.34
2016-12-09,1159.4,1171.88,51.51,117.28,11.75,260.91,2259.53,96.34
2016-12-10,,,,117.28,,,,96.34
2016-12-11,,,,117.28,,,,96.34
2016-12-12,1163.5,1164.37,52.74,117.28,12.64,260.72,2256.96,96.34
2016-12-13,1156.7,1164.65,52.99,117.28,12.72,261.63,2271.72,96.34
2016-12-14,1161.3,1165.13,51.01,117.28,13.19,262.0,2253.28,96.34
2016-12-15,1127.8,1185.35,50.9,117.28,12.79,261.45,2262.03,96.34
2016-12-16,1135.3,1183.72,51.93,118.36,12.2,262.56,2258.07,96.34
2016-12-17,,,,118.36,,,,96.34
2016-12-18,,,,118.36,,,,96.34
2016-12-19,1140.5,1187.71,52.13,118.36,11.71,261.93,2262.53,96.34
2016-12-20,1131.5,1192.13,52.22,118.36,11.45,262.59,2270.76,96.34
2016-12-21,1131.1,1193.91,51.44,118.36,11.27,262.1,2265.18,96.34
2016-12-22,1128.8,1204.65,51.98,118.36,11.43,261.97,2260.96,96.34
2016-12-23,1131.9,1201.51,52.01,118.79,11.44,261.61,2263.79,96.34
2016-12-24,,,,118.79,,,,96.34
2016-12-25,,,,118.79,,,,96.34
2016-12-26,,,,118.79,,,,96.34
2016-12-27,1137.3,1207.68,52.82,118.79,11.99,262.49,2268.88,96.34
2016-12-28,1139.4,1212.22,54.01,118.79,12.95,259.7,2249.92,96.34
2016-12-29,1156.4,1207.05,53.8,118.79,13.37,260.01,2249.26,96.34
2016-12-30,1150.0,1203.73,53.75,118.35,14.04,,2238.83,96.34
2016-12-31,,,,118.35,,,,96.34
2017-01-01,,,,118.35,,,,97.37
2017-01-02,,,,118.35,,,,97.37
2017-01-03,1160.4,1207.23,52.36,118.35,12.85,262.97,2257.83,97.37
2017-01-04,1163.8,1198.07,53.26,118.35,11.85,263.12,2270.75,97.37
2017-01-05,1179.7,1182.46,53.77,118.35,11.67,261.98,2269.0,97.37
2017-01-06,1171.9,1198.85,53.98,118.35,11.32,263.2,2276.98,97.37
2017-01-07,,,,118.35,,,,97.37
2017-01-08,,,,118.35,,,,97.37
2017-01-09,1183.5,1200.51,51.95,118.35,11.56,263.74,2268.9,97.37
2017-01-10,1184.2,1196.96,50.82,118.35,11.49,263.73,2268.9,97.37
2017-01-11,1195.6,1197.59,52.19,118.35,11.26,268.15,2275.32,97.37
2017-01-12,1198.9,1170.93,53.01,118.35,11.54,269.95,2270.44,97.37
2017-01-13,1195.3,1177.81,52.36,117.99,11.23,267.91,2274.64,97.37
2017-01-14,,,,117.99,,,,97.37
2017-01-15,,,,117.99,,,,97.37
2017-01-16,,,,117.99,,266.15,,97.37
2017-01-17,1212.0,1161.61,52.45,117.99,11.87,267.37,2267.89,97.37
2017-01-18,1211.3,1170.73,51.12,117.99,12.48,267.08,2271.89,97.37
2017-01-19,1200.9,1177.03,51.39,117.99,12.78,267.7,2263.69,97.37
2017-01-20,1204.3,,52.33,118.32,11.54,266.52,2271.31,97.37
2017-01-21,,,,118.32,,,,97.37
2017-01-22,,,,118.32,,,,97.37
2017-01-23,1215.0,1165.82,52.77,118.32,11.77,267.12,2265.2,97.37
2017-01-24,1210.3,1165.25,52.38,118.32,11.07,267.3,2280.07,97.37
2017-01-25,1197.3,1164.13,52.14,118.32,10.81,268.15,2298.37,97.37
2017-01-26,1189.5,1169.61,53.24,118.32,10.63,270.48,2296.68,97.37
2017-01-27,1188.1,1175.73,53.18,117.07,10.58,,2294.69,97.37
2017-01-28,,,,117.07,,,,97.37
2017-01-29,,,,117.07,,,,97.37
2017-01-30,1193.2,1171.27,52.63,117.07,11.88,,2280.9,97.37
2017-01-31,1208.6,1151.45,52.75,117.07,11.99,268.09,2278.87,97.37
2017-02-01,1205.6,1154.45,53.9,117.07,11.81,269.56,2279.55,97.63
2017-02-02,1216.7,1139.9,53.55,117.07,11.93,268.49,2280.85,97.63
2017-02-03,1218.5,1134.65,53.81,115.63,10.97,268.85,2297.42,97.63
2017-02-04,,,,115.63,,,,97.63
2017-02-05,,,,115.63,,,,97.63
2017-02-06,1230.0,1134.87,53.01,115.63,11.37,269.49,2292.56,97.63
2017-02-07,1234.2,1142.89,52.19,115.63,11.29,268.97,2293.08,97.63
2017-02-08,1237.6,1143.25,52.37,115.63,11.45,267.72,2294.67,97.63
2017-02-09,1235.1,1149.88,52.99,115.63,10.88,267.69,2307.87,97.63
2017-02-10,1234.4,1146.78,53.84,116.15,10.85,268.66,2316.1,97.63
2017-02-11,,,,116.15,,,,97.63
2017-02-12,,,,116.15,,,,97.63
2017-02-13,1224.4,1150.16,52.96,116.15,11.07,268.81,2328.25,97.63
2017-02-14,1223.9,1139.33,53.21,116.15,10.74,267.9,2337.58,97.63
2017-02-15,1231.7,1136.46,53.11,116.15,11.97,268.81,2349.25,97.63
2017-02-16,1240.0,1140.57,53.41,116.15,11.76,268.93,2347.22,97.63
2017-02-17,1237.6,1150.73,53.41,116.4,11.49,268.84,2351.16,97.63
2017-02-18,,,,116.4,,,,97.63
2017-02-19,,,,116.4,,,,97.63
2017-02-20,,,,116.4,,269.73,,97.63
2017-02-21,1237.5,1143.63,54.02,116.4,11.57,272.11,2365.38,97.63
2017-02-22,1232.0,1142.15,53.61,116.4,11.74,272.85,2362.82,97.63
2017-02-23,1250.2,1129.84,54.48,116.4,11.71,272.89,2363.81,97.63
2017-02-24,1256.9,1130.41,53.99,115.81,11.47,270.38,2367.34,97.63
2017-02-25,,,,115.81,,,,97.63
2017-02-26,,,,115.81,,,,97.63
2017-02-27,1257.4,1130.14,54.04,115.81,12.09,268.97,2369.75,97.63
2017-02-28,1252.6,1129.17,54.0,115.81,12.92,270.06,2363.64,97.63
2017-03-01,1248.9,1140.75,53.82,115.81,12.54,,2395.96,97.57
2017-03-02,1231.9,1146.9,52.63,115.81,11.81,272.65,2381.92,97.57
2017-03-03,1225.5,1156.77,53.33,116.64,10.96,269.77,2383.12,97.57
2017-03-04,,,,116.64,,,,97.57
2017-03-05,,,,116.64,,,,97.57
2017-03-06,1224.5,1154.36,53.19,116.64,11.24,270.41,2375.31,97.57
2017-03-07,1215.1,1149.87,52.68,116.64,11.45,271.87,2368.39,97.57
2017-03-08,1208.5,1154.69,49.83,116.64,11.86,272.29,2362.98,97.57
2017-03-09,1202.4,1158.12,48.75,116.64,12.3,271.62,2364.87,97.57
2017-03-10,1200.7,1150.37,48.05,116.62,11.66,272.29,2372.6,97.57
2017-03-11,,,,116.62,,,,97.57
2017-03-12,,,,116.62,,,,97.57
2017-03-13,1202.4,1150.37,47.95,116.62,11.35,275.41,2373.47,97.57
2017-03-14,1201.9,1148.54,47.24,116.62,12.3,277.89,2365.45,97.57
2017-03-15,1200.1,1144.16,48.34,116.62,11.63,277.89,2385.26,97.57
2017-03-16,1226.5,1148.54,48.3,116.62,11.21,280.11,2381.38,97.57
2017-03-17,1229.8,1128.67,48.34,115.28,11.28,281.86,2378.25,97.57
2017-03-18,,,,115.28,,,,97.57
2017-03-19,,,,115.28,,,,97.57
2017-03-20,1233.6,1112.29,47.79,115.28,11.34,280.75,2373.47,97.57
2017-03-21,1246.1,1118.23,47.02,115.28,12.47,283.84,2344.02,97.57
2017-03-22,1249.3,1117.91,47.29,115.28,12.81,282.63,2348.45,97.57
2017-03-23,1246.9,1117.91,47.0,115.28,13.12,282.81,2345.96,97.57
2017-03-24,1248.2,1116.69,47.3,114.64,12.96,282.31,2343.98,97.57
2017-03-25,,,,114.64,,,,97.57
2017-03-26,,,,114.64,,,,97.57
2017-03-27,1255.4,1108.3,47.02,114.64,12.5,280.36,2341.59,97.57
2017-03-28,1255.3,1111.51,48.36,114.64,11.53,281.25,2358.57,97.57
2017-03-29,1253.4,1112.28,49.47,114.64,11.42,281.86,2361.13,97.57
2017-03-30,1245.0,1114.11,50.3,114.64,11.54,281.66,2368.06,97.57
2017-03-31,1247.3,1117.48,50.54,114.79,12.37,280.64,2362.72,97.57
2017-04-01,,,,114.79,,,,97.44
2017-04-02,,,,114.79,,,,97.44
2017-04-03,1250.8,1117.65,50.25,114.79,12.38,281.6,2358.84,97.44
2017-04-04,1255.0,1122.61,50.99,114.79,11.79,280.92,2360.16,97.44
2017-04-05,1245.4,1126.58,51.14,114.79,12.89,280.74,2352.95,97.44
2017-04-06,1250.3,1131.21,51.69,114.79,12.39,279.47,2357.49,97.44
2017-04-07,1254.3,1133.89,52.25,115.05,12.87,279.01,2355.54,97.44
2017-04-08,,,,115.05,,,,97.44
2017-04-09,,,,115.05,,,,97.44
2017-04-10,1251.1,1141.24,53.06,115.05,14.05,277.21,2357.16,97.44
2017-04-11,1271.2,1147.77,53.38,115.05,15.07,275.49,2353.78,97.44
2017-04-12,1275.3,1138.83,53.12,115.05,15.77,276.21,2344.93,97.44
2017-04-13,1285.9,1133.32,53.19,115.05,15.96,279.12,2328.95,97.44
2017-04-14,,1136.67,,114.54,,,,97.44
2017-04-15,,,,114.54,,,,97.44
2017-04-16,,,,114.54,,,,97.44
2017-04-17,1289.4,1134.25,52.62,114.54,14.66,278.1,2349.01,97.44
2017-04-18,1291.7,1143.89,52.46,114.54,14.42,278.23,2342.19,97.44
2017-04-19,1281.4,1142.37,50.49,114.54,14.93,276.49,2338.17,97.44
2017-04-20,1281.9,1136.29,50.26,114.54,14.15,277.76,2355.84,97.44
2017-04-21,1287.4,1134.22,49.64,114.81,14.63,280.05,2348.69,97.44
2017-04-22,,,,114.81,,,,97.44
2017-04-23,,,,114.81,,,,97.44
2017-04-24,1275.8,1132.19,48.9,114.81,10.84,281.96,2374.15,97.44
2017-04-25,1265.6,1126.54,49.22,114.81,10.76,285.41,2388.61,97.44
2017-04-26,1262.1,1133.17,49.22,114.81,10.85,286.78,2387.45,97.44
2017-04-27,1263.7,1133.83,48.96,114.81,10.36,287.34,2388.77,97.44
2017-04-28,1266.1,1136.99,49.31,114.79,10.82,287.21,2384.2,97.44
2017-04-29,,,,114.79,,,,97.44
2017-04-30,,,,114.79,,,,97.44
2017-05-01,1253.3,1134.87,48.83,114.79,10.11,,2388.33,97.55
2017-05-02,1255.1,1129.16,47.65,114.79,10.59,289.65,2391.17,97.55
2017-05-03,1246.4,1131.25,47.79,114.79,10.68,,2388.13,97.55
2017-05-04,1226.5,1134.2,45.55,114.79,10.46,292.47,2389.52,97.55
2017-05-05,1224.8,1136.49,46.23,114.77,10.57,,2399.29,97.55
2017-05-06,,,,114.77,,,,97.55
2017-05-07,,,,114.77,,,,97.55
2017-05-08,1225.3,1132.91,46.46,114.77,9.77,299.86,2399.38,97.55
2017-05-09,1214.3,1134.84,45.84,114.77,9.96,,2396.92,97.55
2017-05-10,1217.3,1132.13,47.28,114.77,10.21,296.19,2399.63,97.55
2017-05-11,1222.7,1127.51,47.81,114.77,10.6,299.75,2394.44,97.55
2017-05-12,1226.2,1121.68,47.83,114.75,10.4,298.25,2390.9,97.55
2017-05-13,,,,114.75,,,,97.55
2017-05-14,,,,114.75,,,,97.55
2017-05-15,1228.6,1115.01,48.86,114.75,10.42,298.87,2402.32,97.55
2017-05-16,1235.0,1115.0,48.64,114.75,10.65,299.67,2400.67,97.55
2017-05-17,1257.5,1118.67,49.04,114.75,15.59,299.34,2357.03,97.55
2017-05-18,1251.7,1129.17,49.36,114.75,14.66,298.47,2365.72,97.55
2017-05-19,1252.7,1116.71,50.32,113.7,12.04,298.08,2381.73,97.55
2017-05-20,,,,113.7,,,,97.55
2017-05-21,,,,113.7,,,,97.55
2017-05-22,1260.7,1114.71,50.81,113.7,10.93,300.63,2394.02,97.55
2017-05-23,1254.8,1125.02,51.12,113.7,10.72,301.36,2398.42,97.55
2017-05-24,1252.4,1122.83,50.99,113.7,10.02,301.71,2404.39,97.55
2017-05-25,1255.8,1119.71,48.57,113.7,9.99,305.22,2415.07,97.55
2017-05-26,1267.6,1118.67,49.58,113.48,9.81,306.96,2415.82,97.55
2017-05-27,,,,113.48,,,,97.55
2017-05-28,,,,113.48,,,,97.55
2017-05-29,,,,113.48,,306.52,,97.55
2017-05-30,1262.1,1122.87,49.63,113.48,10.38,304.59,2412.91,97.55
2017-05-31,1272.0,1119.58,48.29,113.48,10.41,304.67,2411.8,97.55
2017-06-01,1267.0,1120.85,48.32,113.48,9.89,304.03,2430.06,97.34
2017-06-02,1276.8,1117.49,47.68,113.19,9.75,307.83,2439.07,97.34
2017-06-03,,,,113.19,,,,97.34
2017-06-04,,,,113.19,,,,97.34
2017-06-05,1279.3,1118.44,47.4,113.19,10.07,307.33,2436.1,97.34
2017-06-06,1294.4,1118.53,48.13,113.19,10.45,,2429.33,97.34
2017-06-07,1290.1,1124.16,45.8,113.19,10.39,305.68,2433.14,97.34
2017-06-08,1276.3,1122.73,45.68,113.19,10.16,306.25,2433.79,97.34
2017-06-09,1268.5,1123.51,45.82,112.96,10.7,309.38,2431.77,97.34
2017-06-10,,,,112.96,,,,97.34
2017-06-11,,,,112.96,,,,97.34
2017-06-12,1266.1,1130.55,46.1,112.96,11.46,306.24,2429.39,97.34
2017-06-13,1265.8,1127.79,46.41,112.96,10.42,308.02,2440.35,97.34
2017-06-14,1272.8,1116.45,44.79,112.96,10.64,307.95,2437.92,97.34
2017-06-15,1252.2,1129.91,44.47,112.96,10.9,306.69,2432.46,97.34
2017-06-16,1254.0,1133.2,44.73,112.62,10.38,306.79,2433.15,97.34
2017-06-17,,,,112.62,,,,97.34
2017-06-18,,,,112.62,,,,97.34
2017-06-19,1244.2,1134.69,44.24,112.62,10.37,308.61,2453.46,97.34
2017-06-20,1241.0,1141.33,43.34,112.62,10.86,309.31,2437.03,97.34
2017-06-21,1243.4,1143.01,42.48,112.62,10.75,307.52,2435.61,97.34
2017-06-22,1247.6,1143.01,42.53,112.62,10.48,309.47,2434.5,97.34
2017-06-23,1256.2,1132.99,42.86,112.87,10.02,310.26,2438.3,97.34
2017-06-24,,,,112.87,,,,97.34
2017-06-25,,,,112.87,,,,97.34
2017-06-26,1246.3,1132.48,43.24,112.87,9.9,311.89,2439.07,97.34
2017-06-27,1246.4,1137.77,44.25,112.87,11.06,312.12,2419.38,97.34
2017-06-28,1248.0,1141.91,44.74,112.87,10.03,310.84,2440.69,97.34
2017-06-29,1244.2,1144.07,44.88,112.87,11.44,312.56,2419.7,97.34
2017-06-30,1240.7,1143.75,46.02,111.99,11.18,311.76,2423.41,97.34
2017-07-01,,,,111.99,,,,97.5
2017-07-02,,,,111.99,,,,97.5
2017-07-03,1217.9,1149.26,,111.99,11.22,312.39,2429.01,97.5
2017-07-04,,,,111.99,,310.46,,97.5
2017-07-05,1220.4,1153.06,45.11,111.99,11.07,311.77,2432.54,97.5
2017-07-06,1222.2,1156.55,45.52,111.99,12.54,311.88,2409.75,97.5
2017-07-07,1208.6,1153.85,44.25,112.31,11.19,310.66,2425.18,97.5
2017-07-08,,,,112.31,,,,97.5
2017-07-09,,,,112.31,,,,97.5
2017-07-10,1212.1,1149.35,44.4,112.31,11.11,311.46,2427.43,97.5
2017-07-11,1213.6,1149.83,45.06,112.31,10.89,313.59,2425.53,97.5
2017-07-12,1218.1,1138.32,45.48,112.31,10.3,313.58,2443.25,97.5
2017-07-13,1216.3,1137.22,46.06,112.31,9.9,316.35,2447.83,97.5
2017-07-14,1226.6,1127.79,46.53,110.91,9.51,317.35,2459.27,97.5
2017-07-15,,,,110.91,,,,97.5
2017-07-16,,,,110.91,,,,97.5
2017-07-17,1232.8,1127.74,46.02,110.91,9.82,318.52,2459.14,97.5
2017-07-18,1241.1,1123.69,46.4,110.91,9.89,318.65,2460.61,97.5
2017-07-19,1241.2,1122.92,47.1,110.91,9.79,318.91,2473.83,97.5
2017-07-20,1244.8,1120.77,46.73,110.91,9.58,320.61,2473.45,97.5
2017-07-21,1254.3,1117.47,45.78,110.19,9.36,321.79,2472.54,97.5
2017-07-22,,,,110.19,,,,97.5
2017-07-23,,,,110.19,,,,97.5
2017-07-24,1253.9,1113.82,46.21,110.19,9.43,322.01,2469.91,97.5
2017-07-25,1251.7,1117.02,47.77,110.19,9.43,320.15,2477.13,97.5
2017-07-26,1249.0,1117.76,48.58,110.19,9.6,319.46,2477.83,97.5
2017-07-27,1259.6,1115.15,49.05,110.19,10.11,320.51,2475.42,97.5
2017-07-28,1268.4,1121.49,49.72,109.92,10.29,314.13,2472.1,97.5
2017-07-29,,,,109.92,,,,97.5
2017-07-30,,,,109.92,,,,97.5
2017-07-31,1266.6,1121.86,50.21,109.92,10.26,314.6,2470.3,97.5
2017-08-01,1272.6,1121.09,49.19,109.92,10.09,317.04,2476.35,98.06
2017-08-02,1271.8,1121.55,49.6,109.92,10.28,317.69,2477.57,98.06
2017-08-03,1267.8,1127.73,49.03,109.92,10.44,312.29,2472.16,98.06
2017-08-04,1258.3,1128.02,49.57,110.28,10.03,313.46,2476.83,98.06
2017-08-05,,,,110.28,,,,98.06
2017-08-06,,,,110.28,,,,98.06
2017-08-07,1258.2,1127.39,49.37,110.28,9.93,313.96,2480.91,98.06
2017-08-08,1256.4,1125.6,49.07,110.28,10.96,313.4,2474.92,98.06
2017-08-09,1273.0,1138.69,49.59,110.28,11.11,309.52,2474.02,98.06
2017-08-10,1283.7,1144.36,48.54,110.28,16.04,308.37,2438.21,98.06
2017-08-11,1287.7,1141.57,48.81,110.04,15.51,302.72,2441.32,98.06
2017-08-12,,,,110.04,,,,98.06
2017-08-13,,,,110.04,,,,98.06
2017-08-14,1284.2,1137.22,47.59,110.04,12.33,304.93,2465.84,98.06
2017-08-15,1273.7,1135.47,47.57,110.04,12.04,,2464.61,98.06
2017-08-16,1276.9,1137.75,46.8,110.04,11.74,307.16,2468.11,98.06
2017-08-17,1286.4,1138.23,47.07,110.04,15.55,309.02,2430.01,98.06
2017-08-18,1285.7,1139.83,48.59,110.04,14.26,308.39,2425.55,98.06
2017-08-19,,,,110.04,,,,98.06
2017-08-20,,,,110.04,,,,98.06
2017-08-21,1290.8,1137.14,47.39,110.04,13.19,308.14,2428.37,98.06
2017-08-22,1285.1,1131.79,47.65,110.04,11.35,309.34,2452.51,98.06
2017-08-23,1288.9,1128.59,48.45,110.04,12.25,309.71,2444.04,98.06
2017-08-24,1286.5,1127.8,47.24,110.04,12.23,310.73,2438.97,98.06
2017-08-25,1292.5,1121.73,47.65,109.34,11.28,311.21,2443.05,98.06
2017-08-26,,,,109.34,,,,98.06
2017-08-27,,,,109.34,,,,98.06
2017-08-28,1309.7,1117.75,46.4,109.34,11.32,309.53,2444.24,98.06
2017-08-29,1313.1,1122.5,46.46,109.34,11.7,308.64,2446.3,98.06
2017-08-30,1308.1,1122.05,45.96,109.34,11.22,309.65,2457.59,98.06
2017-08-31,1316.2,1122.36,47.26,109.34,10.59,308.28,2471.65,98.06
2017-09-01,1324.5,1119.12,47.32,109.05,10.13,307.78,2476.55,98.17
2017-09-02,,,,109.05,,,,98.17
2017-09-03,,,,109.05,,,,98.17
2017-09-04,,,,109.05,,,,98.17
2017-09-05,1339.2,1130.01,48.63,109.05,12.23,304.06,2457.85,98.17
2017-09-06,1333.9,1132.49,49.13,109.05,11.63,303.18,2465.54,98.17
2017-09-07,1345.1,1125.49,49.1,109.05,11.55,306.97,2465.1,98.17
2017-09-08,1346.0,1133.08,47.44,107.81,12.12,307.43,2461.43,98.17
2017-09-09,,,,107.81,,,,98.17
2017-09-10,,,,107.81,,,,98.17
2017-09-11,1331.0,1129.75,48.06,107.81,10.73,309.83,2488.11,98.17
2017-09-12,1328.0,1126.56,48.21,107.81,10.58,310.42,2496.48,98.17
2017-09-13,1323.4,1129.37,49.3,107.81,10.5,310.0,2498.37,98.17
2017-09-14,1324.7,1132.59,49.86,107.81,10.44,312.52,2495.62,98.17
2017-09-15,1320.4,1130.68,49.9,108.31,10.17,313.69,2500.23,98.17
2017-09-16,,,,108.31,,,,98.17
2017-09-17,,,,108.31,,,,98.17
2017-09-18,1306.3,1127.07,49.88,108.31,10.15,318.93,2503.87,98.17
2017-09-19,1306.2,1128.83,49.54,108.31,10.18,318.51,2506.65,98.17
2017-09-20,1312.0,1125.53,50.29,108.31,9.78,318.48,2508.24,98.17
2017-09-21,1290.6,1130.87,50.58,108.31,9.67,318.25,2500.6,98.17
2017-09-22,1293.3,1130.39,50.33,108.75,9.59,,2502.22,98.17
2017-09-23,,,,108.75,,,,98.17
2017-09-24,,,,108.75,,,,98.17
2017-09-25,1306.8,1134.59,51.85,108.75,10.21,316.4,2496.66,98.17
2017-09-26,1297.0,1136.29,51.59,108.75,10.17,314.29,2496.84,98.17
2017-09-27,1283.4,1141.62,52.14,108.75,9.87,313.82,2507.04,98.17
2017-09-28,1285.5,1145.08,51.62,108.75,9.55,313.85,2510.06,98.17
2017-09-29,1281.5,1142.57,51.67,110.09,9.51,316.27,2519.36,98.17
2017-09-30,,,,110.09,,,,98.17
2017-10-01,,,,110.09,,,,98.08
2017-10-02,1272.7,1146.18,50.59,110.09,9.45,,2529.12,98.08
2017-10-03,1271.5,1140.5,50.44,110.09,9.51,,2534.58,98.08
2017-10-04,1273.7,1140.44,50.0,110.09,9.63,,2537.74,98.08
2017-10-05,1269.9,1139.03,50.79,110.09,9.19,,2552.07,98.08
2017-10-06,1271.6,1143.46,49.34,110.78,9.65,,2549.33,98.08
2017-10-07,,,,110.78,,,,98.08
2017-10-08,,,,110.78,,,,98.08
2017-10-09,1281.8,,49.58,110.78,10.33,,2544.73,98.08
2017-10-10,1290.6,1132.08,50.93,110.78,10.08,322.49,2550.64,98.08
2017-10-11,1285.8,1131.04,51.3,110.78,9.85,326.12,2555.24,98.08
2017-10-12,1293.3,1129.71,50.61,110.78,9.91,328.11,2550.93,98.08
2017-10-13,1301.5,1125.01,51.43,110.27,9.61,327.35,2553.17,98.08
2017-10-14,,,,110.27,,,,98.08
2017-10-15,,,,110.27,,,,98.08
2017-10-16,1299.9,1127.72,51.86,110.27,9.91,327.82,2557.64,98.08
2017-10-17,1283.0,1129.86,51.87,110.27,10.31,328.51,2559.36,98.08
2017-10-18,1279.9,1130.94,52.05,110.27,10.07,328.4,2561.26,98.08
2017-10-19,1286.9,1129.06,51.29,110.27,10.05,326.47,2562.1,98.08
2017-10-20,1277.4,1130.69,51.63,111.04,9.97,328.89,2575.21,98.08
2017-10-21,,,,111.04,,,,98.08
2017-10-22,,,,111.04,,,,98.08
2017-10-23,1277.7,1129.73,51.91,111.04,11.07,329.45,2564.98,98.08
2017-10-24,1275.0,1128.36,52.32,111.04,11.16,328.96,2569.13,98.08
2017-10-25,1275.4,1126.49,51.97,111.04,11.23,329.31,2557.15,98.08
2017-10-26,1266.3,1123.0,52.41,111.04,11.3,326.99,2560.4,98.08
2017-10-27,1268.5,1124.79,53.92,112.15,9.8,329.23,2581.07,98.08
2017-10-28,,,,112.15,,,,98.08
2017-10-29,,,,112.15,,,,98.08
2017-10-30,1274.1,1124.79,54.11,112.15,10.5,330.38,2572.83,98.08
2017-10-31,1267.0,1115.68,54.36,112.15,10.18,333.57,2575.26,98.08
2017-11-01,1274.1,1110.03,54.32,112.15,10.2,338.76,2579.36,97.35
2017-11-02,1274.9,1111.54,54.55,112.15,9.93,337.53,2579.85,97.35
2017-11-03,1266.5,1114.86,55.63,111.94,9.14,338.83,2587.84,97.35
2017-11-04,,,,111.94,,,,97.35
2017-11-05,,,,111.94,,,,97.35
2017-11-06,1279.4,1110.09,57.34,111.94,9.4,337.4,2591.13,97.35
2017-11-07,1273.7,1113.1,57.19,111.94,9.89,336.76,2590.64,97.35
2017-11-08,1281.6,1111.14,56.82,111.94,9.78,337.8,2594.38,97.35
2017-11-09,1285.6,1118.13,57.16,111.94,10.5,337.14,2584.62,97.35
2017-11-10,1272.4,,56.75,111.56,11.29,335.96,2582.3,97.35
2017-11-11,,,,111.56,,,,97.35
2017-11-12,,,,111.56,,,,97.35
2017-11-13,1277.3,1119.96,56.77,111.56,11.5,334.33,2584.84,97.35
2017-11-14,1281.5,1113.65,55.67,111.56,11.59,333.62,2578.87,97.35
2017-11-15,1276.5,1103.9,55.28,111.56,13.13,332.17,2564.62,97.35
2017-11-16,1277.4,1094.49,55.14,111.56,11.76,334.36,2585.64,97.35
2017-11-17,1295.8,1093.15,56.21,111.0,11.43,334.18,2578.85,97.35
2017-11-18,,,,111.0,,,,97.35
2017-11-19,,,,111.0,,,,97.35
2017-11-20,1274.6,1093.15,56.21,111.0,10.65,332.92,2582.14,97.35
2017-11-21,1281.1,1088.1,56.84,111.0,9.73,333.51,2599.03,97.35
2017-11-22,1291.6,1085.66,57.88,111.0,9.88,335.49,2597.08,97.35
2017-11-23,,,,111.0,,334.51,,97.35
2017-11-24,1286.7,1082.59,58.94,110.03,9.67,335.44,2602.42,97.35
2017-11-25,,,,110.03,,,,97.35
2017-11-26,,,,110.03,,,,97.35
2017-11-27,1293.8,1088.36,58.1,110.03,9.87,329.53,2601.42,97.35
2017-11-28,1294.7,1079.87,57.96,110.03,10.03,330.99,2627.04,97.35
2017-11-29,1282.1,1079.33,57.25,110.03,10.7,330.68,2626.07,97.35
2017-11-30,1273.2,1084.79,57.4,110.03,11.28,325.25,2647.58,97.35
2017-12-01,1278.8,1082.36,58.35,110.14,11.43,324.78,2642.22,97.7
2017-12-02,,,,110.14,,,,97.7
2017-12-03,,,,110.14,,,,97.7
2017-12-04,1274.3,1082.36,57.48,110.14,11.68,328.77,2639.44,97.7
2017-12-05,1261.6,1086.85,57.66,110.14,11.33,329.61,2629.57,97.7
2017-12-06,1262.8,1094.55,55.79,110.14,11.02,324.52,2629.27,97.7
2017-12-07,1249.8,1090.68,56.5,110.14,10.16,323.59,2636.98,97.7
2017-12-08,1245.2,1092.03,57.15,111.23,9.58,324.68,2651.5,97.7
2017-12-09,,,,111.23,,,,97.7
2017-12-10,,,,111.23,,,,97.7
2017-12-11,1243.7,1092.03,57.84,111.23,9.34,325.09,2659.99,97.7
2017-12-12,1238.5,1090.09,57.12,111.23,9.92,324.07,2664.11,97.7
2017-12-13,1245.4,1088.01,56.59,111.23,10.18,326.18,2662.85,97.7
2017-12-14,1253.8,1088.09,57.0,111.23,10.49,324.74,2652.01,97.7
2017-12-15,1254.3,1086.39,57.29,111.13,9.42,326.23,2675.81,97.7
2017-12-16,,,,111.13,,,,97.7
2017-12-17,,,,111.13,,,,97.7
2017-12-18,1262.2,1084.28,57.17,111.13,9.53,326.6,2690.16,97.7
2017-12-19,1260.7,1084.29,57.49,111.13,10.03,326.76,2681.47,97.7
2017-12-20,1266.1,1078.14,58.09,111.13,9.72,,2679.25,97.7
2017-12-21,1267.3,1078.08,58.34,111.13,9.62,319.72,2684.57,97.7
2017-12-22,1275.4,1076.87,58.25,111.1,9.9,321.21,2683.34,97.7
2017-12-23,,,,111.1,,,,97.7
2017-12-24,,,,111.1,,,,97.7
2017-12-25,,,,111.1,,,,97.7
2017-12-26,1284.1,1073.75,59.55,111.1,10.25,318.89,2680.5,97.7
2017-12-27,1287.0,1073.13,59.67,111.1,10.47,320.25,2682.62,97.7
2017-12-28,1294.1,1068.64,59.84,111.1,10.18,324.74,2687.54,97.7
2017-12-29,1306.3,1067.42,60.46,110.08,11.04,,2673.61,97.7
2017-12-30,,,,110.08,,,,97.7
2017-12-31,,,,110.08,,,,97.7
2018-01-01,,,,110.08,,,,98.11
2018-01-02,1313.7,1059.39,60.37,110.08,9.77,326.0,2695.81,98.11
2018-01-03,1316.2,1063.11,61.61,110.08,9.15,327.13,2713.06,98.11
2018-01-04,1319.4,1061.5,61.98,110.08,9.22,324.58,2723.99,98.11
2018-01-05,1320.3,1060.07,61.49,109.35,9.22,328.97,2743.15,98.11
2018-01-06,,,,109.35,,,,98.11
2018-01-07,,,,109.35,,,,98.11
2018-01-08,1318.6,1066.26,61.73,109.35,9.52,331.28,2747.71,98.11
2018-01-09,1311.7,1068.8,62.92,109.35,10.08,330.25,2751.29,98.11
2018-01-10,1317.4,1067.55,63.6,109.35,9.82,327.61,2748.23,98.11
2018-01-11,1320.6,1062.67,63.81,109.35,9.88,325.67,2767.56,98.11
2018-01-12,1333.4,1062.09,64.22,108.9,10.16,326.72,2786.24,98.11
2018-01-13,,,,108.9,,,,98.11
2018-01-14,,,,108.9,,,,98.11
2018-01-15,,,,108.9,,327.39,,98.11
2018-01-16,1335.4,1064.19,63.82,108.9,11.66,330.02,2776.42,98.11
2018-01-17,1338.0,1066.72,63.92,108.9,11.91,329.19,2802.56,98.11
2018-01-18,1326.0,1069.35,63.96,108.9,12.22,329.13,2798.03,98.11
2018-01-19,1331.9,1065.81,63.38,107.95,11.27,329.52,2810.3,98.11
2018-01-20,,,,107.95,,,,98.11
2018-01-21,,,,107.95,,,,98.11
2018-01-22,1330.9,1068.06,63.66,107.95,11.03,326.27,2832.97,98.11
2018-01-23,1335.7,1072.59,64.45,107.95,11.1,330.93,2839.13,98.11
2018-01-24,1355.9,1065.39,65.69,107.95,11.47,330.91,2837.54,98.11
2018-01-25,1362.4,1057.57,65.62,107.95,11.58,334.08,2839.25,98.11
2018-01-26,1351.6,1064.12,66.27,106.69,11.08,335.38,2872.87,98.11
2018-01-27,,,,106.69,,,,98.11
2018-01-28,,,,106.69,,,,98.11
2018-01-29,,1071.28,65.71,106.69,13.84,338.05,2853.53,98.11
2018-01-30,1335.4,1073.61,64.64,106.69,14.79,333.4,2822.43,98.11
2018-01-31,1339.0,1068.33,64.82,106.69,13.54,333.38,2823.81,98.11
2018-02-01,1344.3,1069.33,65.92,106.69,13.47,333.36,2821.98,98.86
2018-02-02,1333.7,1086.21,65.5,107.12,17.31,327.01,2762.13,98.86
2018-02-03,,,,107.12,,,,98.86
2018-02-04,,,,107.12,,,,98.86
2018-02-05,1333.0,1086.79,64.18,107.12,37.32,323.29,2648.94,98.86
2018-02-06,1326.1,1081.2,63.48,107.12,29.98,318.01,2695.14,98.86
2018-02-07,1311.6,1082.56,61.91,107.12,27.73,310.48,2681.66,98.86
2018-02-08,1316.9,1093.04,61.3,107.12,33.46,311.62,2581.0,98.86
2018-02-09,1313.1,1087.99,59.2,108.26,29.06,304.83,2619.55,98.86
2018-02-10,,,,108.26,,,,98.86
2018-02-11,,,,108.26,,,,98.86
2018-02-12,1324.2,1082.27,59.41,108.26,25.61,308.13,2656.0,98.86
2018-02-13,1328.1,1083.07,59.33,108.26,24.97,310.87,2662.94,98.86
2018-02-14,1355.5,1076.71,60.7,108.26,19.26,314.4,2698.63,98.86
2018-02-15,1352.1,1065.69,61.48,108.26,19.13,,2731.2,98.86
2018-02-16,1353.2,1065.27,61.89,107.04,19.46,,2732.22,98.86
2018-02-17,,,,107.04,,,,98.86
2018-02-18,,,,107.04,,,,98.86
2018-02-19,,,,107.04,,316.61,,98.86
2018-02-20,1328.8,1072.85,61.91,107.04,20.6,312.83,2716.26,98.86
2018-02-21,1330.0,1076.11,61.73,107.04,20.02,314.47,2701.33,98.86
2018-02-22,1330.6,1077.61,62.72,107.04,18.72,312.17,2703.96,98.86
2018-02-23,1328.2,1075.77,63.52,107.68,16.49,316.81,2747.3,98.86
2018-02-24,,,,107.68,,,,98.86
2018-02-25,,,,107.68,,,,98.86
2018-02-26,1330.7,1069.0,63.81,107.68,15.8,317.34,2779.6,98.86
2018-02-27,1315.5,1077.43,62.94,107.68,18.59,316.83,2744.28,98.86
2018-02-28,1315.5,1082.12,61.43,107.68,19.85,312.86,2713.83,98.86
2018-03-01,1302.9,1081.33,60.98,107.68,22.47,,2677.67,98.75
2018-03-02,1321.1,1080.25,61.19,108.54,19.59,308.35,2691.25,98.75
2018-03-03,,,,108.54,,,,98.75
2018-03-04,,,,108.54,,,,98.75
2018-03-05,1318.1,1076.75,62.49,108.54,18.73,304.58,2720.94,98.75
2018-03-06,1333.6,1061.53,62.54,108.54,18.36,310.46,2728.12,98.75
2018-03-07,1326.0,1067.93,61.09,108.54,17.76,311.14,2726.8,98.75
2018-03-08,1319.9,1074.21,60.13,108.54,16.54,314.78,2738.97,98.75
2018-03-09,1322.4,1066.59,62.02,107.92,14.64,317.67,2786.57,98.75
2018-03-10,,,,107.92,,,,98.75
2018-03-11,,,,107.92,,,,98.75
2018-03-12,1319.4,1063.7,61.35,107.92,15.78,320.7,2783.02,98.75
2018-03-13,1325.9,1062.14,60.69,107.92,16.35,322.98,2765.31,98.75
2018-03-14,1324.4,1063.38,60.89,107.92,17.23,321.99,2749.48,98.75
2018-03-15,1316.8,1065.89,61.16,107.92,16.59,322.74,2747.33,98.75
2018-03-16,1311.3,1068.4,62.29,108.43,15.8,322.88,2752.01,98.75
2018-03-17,,,,108.43,,,,98.75
2018-03-18,,,,108.43,,,,98.75
2018-03-19,1316.8,1072.29,62.01,108.43,19.02,320.35,2712.92,98.75
2018-03-20,1311.1,1070.61,63.37,108.43,18.2,321.79,2716.94,98.75
2018-03-21,1320.7,1070.51,65.1,108.43,17.86,321.6,2711.93,98.75
2018-03-22,1326.6,1079.51,64.25,108.43,23.34,323.32,2643.69,98.75
2018-03-23,1349.3,1081.29,65.8,107.75,24.87,312.42,2588.26,98.75
2018-03-24,,,,107.75,,,,98.75
2018-03-25,,,,107.75,,,,98.75
2018-03-26,1354.4,1076.87,65.49,107.75,21.03,314.89,2658.55,98.75
2018-03-27,1341.3,1071.21,65.21,107.75,22.5,316.34,2612.62,98.75
2018-03-28,1324.2,1063.03,64.3,107.75,22.87,311.81,2605.0,98.75
2018-03-29,1322.8,1060.31,64.87,107.75,19.97,313.82,2640.87,98.75
2018-03-30,,1060.99,,107.48,,314.61,,98.75
2018-03-31,,,,107.48,,,,98.75
2018-04-01,,,,107.48,,,,98.93
2018-04-02,1342.1,1056.03,63.05,107.48,23.62,314.0,2581.88,98.93
2018-04-03,1332.8,1054.63,63.41,107.48,21.1,313.38,2614.45,98.93
2018-04-04,1335.8,1059.5,63.35,107.48,20.06,308.54,2644.69,98.93
2018-04-05,1324.3,1061.56,63.53,107.48,18.94,313.04,2662.84,98.93
2018-04-06,1331.9,1068.73,62.03,107.79,21.49,311.61,2604.47,98.93
2018-04-07,,,,107.79,,,,98.93
2018-04-08,,,,107.79,,,,98.93
2018-04-09,1336.3,1067.11,63.4,107.79,21.77,313.45,2613.16,98.93
2018-04-10,1342.0,1064.53,65.48,107.79,20.47,313.94,2656.87,98.93
2018-04-11,1356.5,1066.76,66.81,107.79,20.24,312.94,2642.19,98.93
2018-04-12,1338.4,1069.84,67.07,107.79,18.49,313.22,2663.99,98.93
2018-04-13,1344.8,1070.55,67.35,107.24,17.41,314.86,2656.3,98.93
2018-04-14,,,,107.24,,,,98.93
2018-04-15,,,,107.24,,,,98.93
2018-04-16,1347.5,1071.59,66.23,107.24,16.56,315.17,2677.84,98.93
2018-04-17,1347.2,1066.56,66.5,107.24,15.25,314.64,2706.39,98.93
2018-04-18,1351.2,1064.51,68.44,107.24,15.6,318.64,2708.64,98.93
2018-04-19,1346.8,1065.68,68.3,107.24,15.96,320.12,2693.13,98.93
2018-04-20,1336.7,1071.0,68.26,108.18,16.88,317.89,2670.14,98.93
2018-04-21,,,,108.18,,,,98.93
2018-04-22,,,,108.18,,,,98.93
2018-04-23,1322.5,1077.72,67.61,108.18,16.34,317.89,2670.29,98.93
2018-04-24,1331.4,1074.8,67.66,108.18,18.02,315.86,2634.56,98.93
2018-04-25,1321.2,1082.99,68.0,108.18,17.84,313.99,2639.4,98.93
2018-04-26,1316.3,1078.2,68.18,108.18,16.24,318.08,2666.94,98.93
2018-04-27,1320.3,1067.59,68.11,109.17,15.41,320.8,2669.91,98.93
2018-04-28,,,,109.17,,,,98.93
2018-04-29,,,,109.17,,,,98.93
2018-04-30,1316.2,1069.07,68.56,109.17,15.93,323.56,2648.05,98.93
2018-05-01,1303.8,1071.91,67.28,109.17,15.49,,2654.8,98.98
2018-05-02,1302.6,1076.52,67.91,109.17,15.97,322.53,2635.67,98.98
2018-05-03,1310.7,1078.33,68.45,109.17,15.9,320.55,2629.73,98.98
2018-05-04,1312.7,1074.09,69.71,110.25,14.77,316.75,2663.42,98.98
2018-05-05,,,,110.25,,,,98.98
2018-05-06,,,,110.25,,,,98.98
2018-05-07,1312.2,1079.72,70.74,110.25,14.75,,2672.63,98.98
2018-05-08,1312.0,1078.35,68.83,110.25,14.71,315.87,2671.92,98.98
2018-05-09,1311.3,1078.22,71.16,110.25,13.42,314.42,2697.79,98.98
2018-05-10,1320.8,1065.41,71.36,110.25,13.23,317.31,2723.07,98.98
2018-05-11,1319.0,1067.14,70.69,110.28,12.65,318.51,2727.72,98.98
2018-05-12,,,,110.28,,,,98.98
2018-05-13,,,,110.28,,,,98.98
2018-05-14,1316.5,1068.83,71.01,110.28,12.93,317.72,2730.13,98.98
2018-05-15,1288.9,1076.46,71.34,110.28,14.63,314.94,2711.45,98.98
2018-05-16,1290.2,1076.66,71.43,110.28,13.42,315.97,2722.46,98.98
2018-05-17,1288.2,1082.37,71.47,110.28,13.43,314.29,2720.13,98.98
2018-05-18,1290.2,1080.91,71.23,111.72,13.42,315.37,2712.97,98.98
2018-05-19,,,,111.72,,,,98.98
2018-05-20,,,,111.72,,,,98.98
2018-05-21,1290.2,1079.33,72.26,111.72,13.08,316.25,2733.01,98.98
2018-05-22,1291.7,1073.3,72.09,111.72,13.22,,2724.44,98.98
2018-05-23,1289.3,1078.88,71.85,111.72,12.58,318.31,2733.29,98.98
2018-05-24,1303.7,1082.77,70.77,111.72,12.53,317.48,2727.76,98.98
2018-05-25,1303.3,1076.35,67.92,111.58,13.22,318.05,2721.33,98.98
2018-05-26,,,,111.58,,,,98.98
2018-05-27,,,,111.58,,,,98.98
2018-05-28,,,,111.58,,318.99,,98.98
2018-05-29,1298.7,1082.59,66.8,111.58,17.02,316.2,2689.86,98.98
2018-05-30,1301.5,1077.62,68.24,111.58,14.94,309.26,2724.01,98.98
2018-05-31,1300.1,1080.75,66.98,111.58,15.43,310.92,2705.27,98.98
2018-06-01,1294.8,1071.27,65.81,111.83,13.46,313.22,2734.62,98.78
2018-06-02,,,,111.83,,,,98.78
2018-06-03,,,,111.83,,,,98.78
2018-06-04,1293.1,1070.13,64.76,111.83,12.74,314.84,2746.87,98.78
2018-06-05,1297.5,1071.86,65.51,111.83,12.4,315.76,2748.8,98.78
2018-06-06,1297.1,1065.9,64.75,111.83,11.64,,2772.35,98.78
2018-06-07,1298.7,1071.11,65.96,111.83,12.13,317.67,2770.37,98.78
2018-06-08,1298.1,1075.0,65.77,112.11,12.18,314.97,2779.03,98.78
2018-06-09,,,,112.11,,,,98.78
2018-06-10,,,,112.11,,,,98.78
2018-06-11,1298.9,1075.08,66.1,112.11,12.35,317.22,2782.0,98.78
2018-06-12,1295.1,1077.14,66.38,112.11,12.34,316.84,2786.85,98.78
2018-06-13,1296.9,1082.59,66.63,112.11,12.94,,2775.63,98.78
2018-06-14,1304.0,1084.06,66.91,112.11,12.12,311.2,2782.49,98.78
2018-06-15,1274.6,1101.89,65.01,113.34,11.98,308.73,2779.66,98.78
2018-06-16,,,,113.34,,,,98.78
2018-06-17,,,,113.34,,,,98.78
2018-06-18,1276.2,1105.07,65.91,113.34,12.31,305.35,2773.75,98.78
2018-06-19,1275.6,1110.64,65.09,113.34,13.35,301.35,2762.59,98.78
2018-06-20,1271.2,1107.42,65.92,113.34,12.79,304.02,2767.32,98.78
2018-06-21,1267.2,1110.01,65.68,113.34,14.64,301.02,2749.76,98.78
2018-06-22,1267.4,1114.49,69.02,113.3,13.77,303.69,2754.88,98.78
2018-06-23,,,,113.3,,,,98.78
2018-06-24,,,,113.3,,,,98.78
2018-06-25,1265.6,1114.4,69.91,113.3,17.33,303.37,2717.07,98.78
2018-06-26,1256.6,1118.08,75.23,113.3,15.92,302.76,2723.06,98.78
2018-06-27,1252.8,1121.57,77.41,113.3,17.91,302.25,2699.63,98.78
2018-06-28,1247.8,1121.96,73.45,113.3,16.85,298.26,2716.31,98.78
2018-06-29,1251.3,1111.79,74.13,113.26,16.09,299.66,2718.37,98.78
2018-06-30,,,,113.26,,,,98.78
2018-07-01,,,,113.26,,,,98.59
2018-07-02,1239.8,1119.31,73.89,113.26,15.6,292.93,2726.71,98.59
2018-07-03,1251.6,1114.41,74.19,113.26,16.14,293.35,2713.22,98.59
2018-07-04,,,,113.26,,292.26,,98.59
2018-07-05,1257.3,1118.2,73.05,113.26,14.97,291.63,2736.61,98.59
2018-07-06,1254.3,1114.98,73.78,112.64,13.37,293.11,2759.82,98.59
2018-07-07,,,,112.64,,,,98.59
2018-07-08,,,,112.64,,,,98.59
2018-07-09,1258.1,1111.38,73.93,112.64,12.69,295.2,2784.17,98.59
2018-07-10,1253.8,1113.81,74.11,112.64,12.64,296.19,2793.84,98.59
2018-07-11,1242.8,1122.1,70.47,112.64,13.63,294.43,2774.02,98.59
2018-07-12,1245.0,1121.38,70.28,112.64,12.58,294.41,2798.29,98.59
2018-07-13,1239.6,1130.3,71.03,113.07,12.18,298.65,2801.31,98.59
2018-07-14,,,,113.07,,,,98.59
2018-07-15,,,,113.07,,,,98.59
2018-07-16,1238.1,1127.81,68.22,113.07,12.83,297.37,2798.43,98.59
2018-07-17,1225.7,1125.63,68.03,113.07,12.06,296.88,2809.55,98.59
2018-07-18,1226.3,1130.76,68.78,113.07,12.1,296.47,2815.62,98.59
2018-07-19,1222.4,1136.38,69.42,113.07,12.87,295.9,2804.49,98.59
2018-07-20,1229.5,1128.16,70.31,113.32,12.86,296.95,2801.83,98.59
2018-07-21,,,,113.32,,,,98.59
2018-07-22,,,,113.32,,,,98.59
2018-07-23,1224.0,1134.45,67.9,113.32,12.62,294.56,2806.98,98.59
2018-07-24,1223.9,1127.39,70.77,113.32,12.41,295.49,2820.4,98.59
2018-07-25,1231.4,1122.59,71.13,113.32,12.29,294.85,2846.07,98.59
2018-07-26,1225.3,1121.72,71.59,113.32,12.14,296.95,2837.44,98.59
2018-07-27,1222.6,1115.77,68.66,112.81,13.03,297.78,2818.82,98.59
2018-07-28,,,,112.81,,,,98.59
2018-07-29,,,,112.81,,,,98.59
2018-07-30,1221.3,1116.98,71.19,112.81,14.26,297.29,2802.6,98.59
2018-07-31,1223.7,1112.75,69.88,112.81,12.83,297.45,2816.29,98.59
2018-08-01,1217.9,1118.15,68.8,112.81,13.15,298.69,2813.36,99.46
2018-08-02,1210.6,1126.91,68.95,112.81,12.19,293.55,2827.22,99.46
2018-08-03,1214.2,1122.68,68.49,113.01,11.64,295.61,2840.35,99.46
2018-08-04,,,,113.01,,,,99.46
2018-08-05,,,,113.01,,,,99.46
2018-08-06,1208.6,1125.9,69.01,113.01,11.27,295.24,2850.4,99.46
2018-08-07,1209.6,1118.0,69.17,113.01,10.93,297.18,2858.45,99.46
2018-08-08,1212.6,1119.01,66.92,113.01,10.85,297.19,2857.7,99.46
2018-08-09,1211.9,1119.0,66.81,113.01,11.27,297.41,2853.58,99.46
2018-08-10,1211.1,1130.19,67.61,114.3,13.16,293.64,2833.28,99.46
2018-08-11,,,,114.3,,,,99.46
2018-08-12,,,,114.3,,,,99.46
2018-08-13,1191.3,1133.19,67.25,114.3,14.78,289.85,2821.93,99.46
2018-08-14,1193.0,1128.9,67.04,114.3,13.31,291.08,2839.96,99.46
2018-08-15,1177.5,1135.3,65.07,114.3,14.64,,2818.37,99.46
2018-08-16,1176.2,1125.35,65.44,114.3,13.45,288.24,2840.69,99.46
2018-08-17,1176.5,1123.2,65.93,114.53,12.64,288.57,2850.13,99.46
2018-08-18,,,,114.53,,,,99.46
2018-08-19,,,,114.53,,,,99.46
2018-08-20,1186.8,1121.3,66.5,114.53,12.49,288.61,2857.05,99.46
2018-08-21,1192.6,1117.41,67.32,114.53,12.86,291.93,2862.96,99.46
2018-08-22,1196.3,1117.0,67.85,114.53,12.25,293.0,2861.82,99.46
2018-08-23,1187.0,1123.37,69.13,114.53,12.41,294.29,2856.98,99.46
2018-08-24,1206.3,1113.3,69.71,113.6,11.99,295.54,2874.69,99.46
2018-08-25,,,,113.6,,,,99.46
2018-08-26,,,,113.6,,,,99.46
2018-08-27,1209.0,1107.69,69.97,113.6,12.16,296.83,2896.74,99.46
2018-08-28,1207.4,1105.14,68.54,113.6,12.5,297.22,2897.52,99.46
2018-08-29,1204.5,1109.2,69.68,113.6,12.25,298.05,2914.04,99.46
2018-08-30,1197.7,1113.13,70.25,113.6,13.53,298.05,2901.13,99.46
2018-08-31,1200.3,1116.5,69.84,114.28,12.86,300.07,2901.52,99.46
2018-09-01,,,,114.28,,,,100.22
2018-09-02,,,,114.28,,,,100.22
2018-09-03,,,,114.28,,297.49,,100.22
2018-09-04,1192.7,1117.5,69.82,114.28,13.16,298.8,2896.72,100.22
2018-09-05,1194.9,1121.0,68.69,114.28,13.91,294.96,2888.6,100.22
2018-09-06,1197.9,1122.4,67.81,114.28,14.65,294.28,2878.05,100.22
2018-09-07,1193.6,1123.5,67.73,114.58,14.88,292.86,2871.68,100.22
2018-09-08,,,,114.58,,,,100.22
2018-09-09,,,,114.58,,,,100.22
2018-09-10,1193.0,1127.9,67.55,114.58,14.16,293.7,2877.13,100.22
2018-09-11,1195.4,1126.17,69.29,114.58,13.22,292.46,2887.89,100.22
2018-09-12,1204.7,1121.62,70.37,114.58,13.14,292.35,2888.92,100.22
2018-09-13,1202.0,1120.9,68.6,114.58,12.37,292.42,2904.18,100.22
2018-09-14,1195.0,1119.0,68.98,114.07,12.07,297.29,2904.98,100.22
2018-09-15,,,,114.07,,,,100.22
2018-09-16,,,,114.07,,,,100.22
2018-09-17,1199.7,1124.71,68.86,114.07,13.68,295.23,2888.8,100.22
2018-09-18,1196.8,1122.18,69.87,114.07,12.79,296.1,2904.31,100.22
2018-09-19,1202.2,1120.61,71.08,114.07,11.75,296.64,2907.95,100.22
2018-09-20,1206.2,1119.58,70.77,114.07,11.8,299.04,2930.75,100.22
2018-09-21,1196.2,1114.3,70.8,113.51,11.68,300.81,2929.67,100.22
2018-09-22,,,,113.51,,,,100.22
2018-09-23,,,,113.51,,,,100.22
2018-09-24,1199.3,1119.28,73.23,113.51,12.2,,2919.37,100.22
2018-09-25,1200.0,1118.12,73.4,113.51,12.42,,2915.56,100.22
2018-09-26,1194.0,1114.64,72.22,113.51,12.89,,2905.97,100.22
2018-09-27,1182.3,1113.41,72.18,113.51,12.41,302.59,2914.0,100.22
2018-09-28,1191.5,1109.76,73.16,113.81,12.12,300.51,2913.98,100.22
2018-09-29,,,,113.81,,,,100.22
2018-09-30,,,,113.81,,,,100.22
2018-10-01,1187.1,1112.53,75.37,113.81,12.0,300.17,2924.59,100.04
2018-10-02,1202.4,1112.43,75.16,113.81,12.05,296.53,2923.43,100.04
2018-10-03,1198.3,1121.42,76.4,113.81,11.61,,2925.51,100.04
2018-10-04,1197.2,1130.78,74.44,113.81,14.22,291.78,2901.61,100.04
2018-10-05,1201.2,1131.25,74.26,114.56,14.82,291.28,2885.57,100.04
2018-10-06,,,,114.56,,,,100.04
2018-10-07,,,,114.56,,,,100.04
2018-10-08,1184.4,,74.27,114.56,15.69,289.91,2884.43,100.04
2018-10-09,1187.2,1132.87,74.95,114.56,15.95,,2880.34,100.04
2018-10-10,1189.3,1138.9,73.18,114.56,22.96,287.85,2785.68,100.04
2018-10-11,1223.5,1134.16,70.97,114.56,24.98,275.15,2728.37,100.04
2018-10-12,1218.1,1130.82,71.41,114.37,21.31,279.37,2767.13,100.04
2018-10-13,,,,114.37,,,,100.04
2018-10-14,,,,114.37,,,,100.04
2018-10-15,1226.4,1129.3,71.84,114.37,21.3,277.19,2750.79,100.04
2018-10-16,1227.3,1123.88,71.93,114.37,17.62,276.9,2809.92,100.04
2018-10-17,1223.7,1126.2,69.63,114.37,17.4,280.05,2809.21,100.04
2018-10-18,1226.5,1138.06,68.63,114.37,20.06,277.48,2768.78,100.04
2018-10-19,1225.3,1131.13,69.16,114.86,19.89,278.63,2767.78,100.04
2018-10-20,,,,114.86,,,,100.04
2018-10-21,,,,114.86,,,,100.04
2018-10-22,1221.2,1132.7,69.25,114.86,19.64,279.4,2755.88,100.04
2018-10-23,1233.4,1137.53,66.49,114.86,20.71,272.54,2740.69,100.04
2018-10-24,1227.8,1136.66,66.56,114.86,25.23,271.36,2656.1,100.04
2018-10-25,1229.1,1134.9,67.25,114.86,24.22,266.72,2705.57,100.04
2018-10-26,1232.5,1141.74,67.58,115.47,24.16,262.69,2658.69,100.04
2018-10-27,,,,115.47,,,,100.04
2018-10-28,,,,115.47,,,,100.04
2018-10-29,1224.5,1139.81,67.0,115.47,24.7,260.19,2641.25,100.04
2018-10-30,1222.6,1137.68,66.18,115.47,23.35,262.47,2682.63,100.04
2018-10-31,1212.3,1140.78,65.31,115.47,21.23,264.01,2711.74,100.04
2018-11-01,1236.0,1126.19,63.67,115.47,19.34,262.95,2740.37,99.33
2018-11-02,1230.9,1117.72,63.12,115.64,19.51,272.56,2723.06,99.33
2018-11-03,,,,115.64,,,,99.33
2018-11-04,,,,115.64,,,,99.33
2018-11-05,1229.8,1122.13,63.12,115.64,19.96,270.07,2738.31,99.33
2018-11-06,1223.8,1121.31,62.16,115.64,19.91,271.57,2755.45,99.33
2018-11-07,1226.2,1117.52,61.69,115.64,16.36,270.45,2813.89,99.33
2018-11-08,1222.9,1118.99,60.71,115.64,16.72,272.11,2806.83,99.33
2018-11-09,1206.4,1131.4,60.19,116.48,17.36,271.33,2781.01,99.33
2018-11-10,,,,116.48,,,,99.33
2018-11-11,,,,116.48,,,,99.33
2018-11-12,1201.3,,59.85,116.48,20.45,271.57,2726.22,99.33
2018-11-13,1199.2,1132.29,55.63,116.48,20.02,269.7,2722.18,99.33
2018-11-14,1207.9,1132.1,56.16,116.48,21.25,268.88,2701.58,99.33
2018-11-15,1212.8,1127.2,56.45,116.48,19.98,271.54,2730.2,99.33
2018-11-16,1220.8,1124.81,56.49,115.93,18.14,271.65,2736.27,99.33
2018-11-17,,,,115.93,,,,99.33
2018-11-18,,,,115.93,,,,99.33
2018-11-19,1223.1,1126.08,57.16,115.93,20.1,272.31,2690.73,99.33
2018-11-20,1219.0,1128.53,53.39,115.93,22.48,269.58,2641.89,99.33
2018-11-21,1225.8,1127.3,54.41,115.93,20.8,268.27,2649.93,99.33
2018-11-22,,,,115.93,,267.76,,99.33
2018-11-23,1221.0,1130.9,,116.47,21.52,266.33,2632.56,99.33
2018-11-24,,,,116.47,,,,99.33
2018-11-25,,,,116.47,,,,99.33
2018-11-26,1220.2,1126.69,51.46,116.47,18.9,269.79,2673.45,99.33
2018-11-27,1211.2,1129.41,51.31,116.47,19.02,272.08,2682.17,99.33
2018-11-28,1221.4,1127.81,50.06,116.47,18.49,273.45,2743.79,99.33
2018-11-29,1224.1,1119.91,51.46,116.47,18.79,274.16,2737.8,99.33
2018-11-30,1220.2,1118.61,50.78,116.41,18.07,271.35,2760.17,99.33
2018-12-01,,,,116.41,,,,98.99
2018-12-02,,,,116.41,,,,98.99
2018-12-03,1233.9,1110.2,52.98,116.41,16.44,276.18,2790.37,98.99
2018-12-04,1241.1,1108.82,53.21,116.41,20.74,273.29,2700.06,98.99
2018-12-05,,,52.64,116.41,,271.49,,98.99
2018-12-06,1238.1,1122.07,51.54,116.41,21.19,267.18,2695.95,98.99
2018-12-07,1246.8,1121.8,52.76,116.08,23.23,268.28,2633.08,98.99
2018-12-08,,,,116.08,,,,98.99
2018-12-09,,,,116.08,,,,98.99
2018-12-10,1243.7,1128.3,51.07,116.08,22.64,265.35,2637.72,98.99
2018-12-11,1241.9,1128.6,51.65,116.08,21.76,264.69,2636.78,98.99
2018-12-12,1244.4,1124.51,51.04,116.08,21.46,268.47,2651.07,98.99
2018-12-13,1242.7,1124.73,52.69,116.08,20.65,269.41,2650.54,98.99
2018-12-14,1237.0,1133.2,51.26,116.79,21.63,265.55,2599.95,98.99
2018-12-15,,,,116.79,,,,98.99
2018-12-16,,,,116.79,,,,98.99
2018-12-17,1247.4,1130.17,49.8,116.79,24.52,266.33,2545.94,98.99
2018-12-18,1249.2,1127.76,46.12,116.79,25.58,265.18,2546.16,98.99
2018-12-19,1252.1,1120.96,47.96,116.79,25.58,267.31,2506.96,98.99
2018-12-20,1263.6,1123.87,45.64,116.79,28.38,264.81,2467.42,98.99
2018-12-21,1253.8,1125.3,45.38,116.22,30.11,265.06,2416.62,98.99
2018-12-22,,,,116.22,,,,98.99
2018-12-23,,,,116.22,,,,98.99
2018-12-24,1267.5,,,116.22,36.07,264.45,2351.1,98.99
2018-12-25,,,,116.22,,,,98.99
2018-12-26,1269.2,1124.23,46.04,116.22,30.41,260.98,2467.7,98.99
2018-12-27,1277.3,1121.37,44.48,116.22,29.96,260.57,2488.83,98.99
2018-12-28,1279.9,1114.9,45.15,115.72,28.34,261.98,2485.74,98.99
2018-12-29,,,,115.72,,,,98.99
2018-12-30,,,,115.72,,,,98.99
2018-12-31,1278.3,1112.85,,115.72,25.42,,2506.85,98.99
2019-01-01,,,,115.72,,,,98.88
2019-01-02,1281.0,1119.11,46.31,115.72,23.22,258.23,2510.03,98.88
2019-01-03,1291.8,1124.64,46.92,115.72,25.45,255.77,2447.89,98.88
2019-01-04,1282.7,1116.73,47.76,114.98,21.38,257.89,2531.94,98.88
2019-01-05,,,,114.98,,,,98.88
2019-01-06,,,,114.98,,,,98.88
2019-01-07,1286.8,1117.5,48.27,114.98,21.4,261.57,2549.69,98.88
2019-01-08,1283.2,1122.93,49.58,114.98,20.47,259.65,2574.41,98.88
2019-01-09,1289.3,1117.7,52.19,114.98,19.98,265.6,2584.96,98.88
2019-01-10,1284.7,1116.1,52.42,114.98,19.5,265.55,2596.64,98.88
2019-01-11,1287.1,1117.18,51.44,114.04,18.19,267.13,2596.26,98.88
2019-01-12,,,,114.04,,,,98.88
2019-01-13,,,,114.04,,,,98.88
2019-01-14,1289.1,,50.31,114.04,19.07,264.99,2582.61,98.88
2019-01-15,1286.2,1122.59,51.8,114.04,18.6,269.93,2610.3,98.88
2019-01-16,1291.6,1119.1,52.08,114.04,19.04,271.23,2616.1,98.88
2019-01-17,1291.0,1123.34,51.83,114.04,18.06,271.88,2635.96,98.88
2019-01-18,1281.3,1122.8,53.6,114.56,17.8,273.88,2670.71,98.88
2019-01-19,,,,114.56,,,,98.88
2019-01-20,,,,114.56,,,,98.88
2019-01-21,,,,114.56,,274.0,,98.88
2019-01-22,1282.5,1129.52,52.59,114.56,20.8,272.71,2632.9,98.88
2019-01-23,1283.1,1127.89,52.44,114.56,19.52,273.87,2638.7,98.88
2019-01-24,1279.1,1126.33,52.94,114.56,18.89,276.61,2642.33,98.88
2019-01-25,1297.4,1117.58,53.53,114.02,17.42,281.67,2664.76,98.88
2019-01-26,,,,114.02,,,,98.88
2019-01-27,,,,114.02,,,,98.88
2019-01-28,1302.4,1118.7,51.79,114.02,18.87,281.64,2643.85,98.88
2019-01-29,1308.2,1117.75,53.07,114.02,19.13,283.0,2640.0,98.88
2019-01-30,1309.9,1117.29,54.18,114.02,17.66,286.62,2681.05,98.88
2019-01-31,1319.7,1111.82,53.84,114.02,16.57,285.89,2704.1,98.88
2019-02-01,1316.9,1118.31,55.29,113.75,16.14,285.79,2706.53,99.31
2019-02-02,,,,113.75,,,,99.31
2019-02-03,,,,113.75,,,,99.31
2019-02-04,1314.3,1119.15,54.57,113.75,15.73,,2724.87,99.31
2019-02-05,1314.2,1117.2,53.69,113.75,15.57,,2737.7,99.31
2019-02-06,1309.5,1119.35,53.94,113.75,15.38,,2731.61,99.31
2019-02-07,1309.4,1124.11,52.68,113.75,16.37,285.65,2706.05,99.31
2019-02-08,1313.7,1123.14,52.75,114.5,15.72,281.49,2707.88,99.31
2019-02-09,,,,114.5,,,,99.31
2019-02-10,,,,114.5,,,,99.31
2019-02-11,1307.0,1126.05,52.43,114.5,15.97,282.1,2709.8,99.31
2019-02-12,1309.2,1122.27,53.14,114.5,15.43,283.69,2744.73,99.31
2019-02-13,1310.8,1123.32,53.84,114.5,15.65,284.97,2753.03,99.31
2019-02-14,1309.8,1128.0,54.4,114.5,16.22,288.68,2745.73,99.31
2019-02-15,1318.1,1125.59,55.58,114.99,14.91,283.98,2775.6,99.31
2019-02-16,,,,114.99,,,,99.31
2019-02-17,,,,114.99,,,,99.31
2019-02-18,,,,114.99,,285.9,,99.31
2019-02-19,1340.1,1124.54,56.12,114.99,14.88,284.91,2779.76,99.31
2019-02-20,1343.3,,56.9,114.99,14.02,288.4,2784.7,99.31
2019-02-21,1323.5,1125.53,56.95,114.99,14.46,288.41,2774.88,99.31
2019-02-22,1329.2,1121.07,57.01,114.27,13.51,288.74,2792.67,99.31
2019-02-23,,,,114.27,,,,99.31
2019-02-24,,,,114.27,,,,99.31
2019-02-25,1325.9,1116.1,55.32,114.27,14.85,289.0,2796.11,99.31
2019-02-26,1325.1,1116.88,55.4,114.27,15.17,287.89,2793.9,99.31
2019-02-27,1317.7,1117.74,56.92,114.27,14.7,288.76,2792.38,99.31
2019-02-28,1312.8,1124.65,57.21,114.27,14.78,283.8,2784.49,99.31
2019-03-01,1296.4,1126.76,55.76,114.54,13.57,,2803.69,99.12
2019-03-02,,,,114.54,,,,99.12
2019-03-03,,,,114.54,,,,99.12
2019-03-04,1284.8,1126.73,56.6,114.54,14.63,282.51,2792.81,99.12
2019-03-05,1282.0,1126.46,56.55,114.54,14.74,280.45,2789.65,99.12
2019-03-06,1284.9,1127.18,56.22,114.54,15.74,279.85,2771.45,99.12
2019-03-07,1283.8,1133.18,56.6,114.54,16.59,278.87,2748.93,99.12
2019-03-08,1297.0,1131.74,55.77,115.36,16.05,274.84,2743.07,99.12
2019-03-09,,,,115.36,,,,99.12
2019-03-10,,,,115.36,,,,99.12
2019-03-11,1288.8,1133.05,56.79,115.36,14.33,275.06,2783.3,99.12
2019-03-12,1296.3,1127.89,56.89,115.36,13.77,277.73,2791.52,99.12
2019-03-13,1307.5,1130.47,58.27,115.36,13.41,276.0,2810.92,99.12
2019-03-14,1293.4,1135.05,58.59,115.36,13.5,276.64,2808.48,99.12
2019-03-15,1301.8,1134.44,58.51,114.58,12.88,279.87,2822.48,99.12
2019-03-16,,,,114.58,,,,99.12
2019-03-17,,,,114.58,,,,99.12
2019-03-18,1300.3,1131.74,59.09,114.58,13.1,279.93,2832.94,99.12
2019-03-19,1305.0,1129.0,59.12,114.58,13.56,279.82,2832.57,99.12
2019-03-20,1300.5,1128.25,60.12,114.58,13.91,279.92,2824.23,99.12
2019-03-21,1306.1,1128.4,59.98,114.58,13.63,282.38,2854.88,99.12
2019-03-22,1311.6,1136.8,58.87,114.69,16.48,283.13,2800.71,99.12
2019-03-23,,,,114.69,,,,99.12
2019-03-24,,,,114.69,,,,99.12
2019-03-25,1321.9,1131.88,58.71,114.69,16.33,277.45,2798.36,99.12
2019-03-26,1314.3,1133.55,59.87,114.69,14.68,277.6,2818.46,99.12
2019-03-27,1309.9,1138.09,59.39,114.69,15.15,277.28,2805.37,99.12
2019-03-28,1289.8,1136.65,59.29,114.69,14.43,275.08,2815.44,99.12
2019-03-29,1293.0,1136.3,60.19,115.14,13.71,276.48,2834.4,99.12
2019-03-30,,,,115.14,,,,99.12
2019-03-31,,,,115.14,,,,99.12
2019-04-01,1288.4,1133.0,61.59,115.14,13.4,280.32,2867.19,99.48
2019-04-02,1290.0,1137.16,62.53,115.14,13.36,281.72,2867.24,99.48
2019-04-03,1289.9,1134.29,62.46,115.14,13.74,285.65,2873.4,99.48
2019-04-04,1289.0,1136.05,62.12,115.14,13.58,286.15,2879.39,99.48
2019-04-05,1290.4,1136.87,63.1,114.97,12.82,286.68,2892.74,99.48
2019-04-06,,,,114.97,,,,99.48
2019-04-07,,,,114.97,,,,99.48
2019-04-08,1297.1,1143.25,64.37,114.97,13.18,286.38,2895.77,99.48
2019-04-09,1303.5,1140.25,64.05,114.97,14.28,286.71,2878.2,99.48
2019-04-10,1309.1,1137.26,64.62,114.97,13.3,287.92,2888.21,99.48
2019-04-11,1288.6,1140.73,63.61,114.97,13.02,287.42,2888.32,99.48
2019-04-12,1290.6,1133.0,63.86,114.35,12.01,288.37,2907.41,99.48
2019-04-13,,,,114.35,,,,99.48
2019-04-14,,,,114.35,,,,99.48
2019-04-15,1286.8,1133.6,63.43,114.35,12.32,289.38,2905.58,99.48
2019-04-16,1272.6,1136.13,64.01,114.35,12.18,290.62,2907.06,99.48
2019-04-17,1272.2,1131.7,63.74,114.35,12.6,290.33,2900.45,99.48
2019-04-18,1271.9,1136.2,64.02,114.35,12.09,285.82,2905.03,99.48
2019-04-19,,1135.4,,114.7,,285.89,,99.48
2019-04-20,,,,114.7,,,,99.48
2019-04-21,,,,114.7,,,,99.48
2019-04-22,1273.5,1140.52,65.66,114.7,12.42,285.87,2907.97,99.48
2019-04-23,1269.3,1143.22,66.24,114.7,12.28,286.47,2933.68,99.48
2019-04-24,1275.5,1155.65,65.96,114.7,13.14,283.7,2927.25,99.48
2019-04-25,1275.8,1160.15,65.23,114.7,13.25,282.83,2926.17,99.48
2019-04-26,1284.9,1158.1,63.29,115.48,12.73,281.34,2939.88,99.48
2019-04-27,,,,115.48,,,,99.48
2019-04-28,,,,115.48,,,,99.48
2019-04-29,1278.6,1160.0,63.39,115.48,13.11,286.79,2943.03,99.48
2019-04-30,1282.8,1165.1,63.83,115.48,13.12,284.92,2945.83,99.48
2019-05-01,1281.4,1161.61,63.55,115.48,14.8,,2923.73,99.65
2019-05-02,1269.7,1166.62,61.75,115.48,14.42,286.12,2917.52,99.65
2019-05-03,1279.2,1165.95,61.98,115.26,12.87,283.67,2945.64,99.65
2019-05-04,,,,115.26,,,,99.65
2019-05-05,,,,115.26,,,,99.65
2019-05-06,1281.7,1169.2,62.3,115.26,15.44,,2932.47,99.65
2019-05-07,1283.5,1172.5,61.41,115.26,19.32,281.31,2884.05,99.65
2019-05-08,1279.4,1170.2,62.13,115.26,19.4,280.15,2879.42,99.65
2019-05-09,1283.5,1183.1,61.58,115.26,19.1,271.0,2870.72,99.65
2019-05-10,1285.7,1176.62,61.65,115.53,16.04,272.06,2881.4,99.65
2019-05-11,,,,115.53,,,,99.65
2019-05-12,,,,115.53,,,,99.65
2019-05-13,1300.1,1186.94,60.97,115.53,20.55,268.72,2811.87,99.65
2019-05-14,1294.7,1186.94,61.82,115.53,18.06,268.57,2834.41,99.65
2019-05-15,1296.3,1188.74,62.03,115.53,16.44,269.64,2850.96,99.65
2019-05-16,1285.0,1190.52,62.93,115.53,15.29,265.99,2876.32,99.65
2019-05-17,1274.5,1195.07,62.77,116.45,15.96,264.35,2859.53,99.65
2019-05-18,,,,116.45,,,,99.65
2019-05-19,,,,116.45,,,,99.65
2019-05-20,1276.1,1193.81,63.12,116.45,16.31,264.96,2840.23,99.65
2019-05-21,1272.0,1194.31,63.02,116.45,14.95,266.12,2864.36,99.65
2019-05-22,1273.6,1194.36,61.42,116.45,14.75,266.65,2856.27,99.65
2019-05-23,1284.8,1189.31,57.65,116.45,16.92,266.38,2822.24,99.65
2019-05-24,1283.0,1186.2,58.4,116.08,15.85,264.42,2826.06,99.65
2019-05-25,,,,116.08,,,,99.65
2019-05-26,,,,116.08,,,,99.65
2019-05-27,,,,116.08,,264.4,,99.65
2019-05-28,1276.5,1186.66,58.91,116.08,17.5,264.7,2802.39,99.65
2019-05-29,1280.6,1186.66,58.84,116.08,17.9,261.37,2783.02,99.65
2019-05-30,1287.1,1189.14,56.47,116.08,17.3,263.93,2788.86,99.65
2019-05-31,1305.8,1190.5,53.49,116.73,18.71,263.89,2752.06,99.65
2019-06-01,,,,116.73,,,,99.49
2019-06-02,,,,116.73,,,,99.49
2019-06-03,1322.7,1180.97,53.25,116.73,18.86,268.16,2744.45,99.49
2019-06-04,1323.4,1180.58,53.5,116.73,16.97,267.66,2803.27,99.49
2019-06-05,1328.3,1178.24,51.57,116.73,16.09,267.99,2826.15,99.49
2019-06-06,1337.6,1179.51,52.59,116.73,15.93,,2843.49,99.49
2019-06-07,1341.2,1181.27,53.95,115.74,16.3,268.27,2873.34,99.49
2019-06-08,,,,115.74,,,,99.49
2019-06-09,,,,115.74,,,,99.49
2019-06-10,1324.7,1185.01,53.33,115.74,15.94,272.1,2886.73,99.49
2019-06-11,1326.4,1178.88,53.3,115.74,15.99,273.21,2885.72,99.49
2019-06-12,1331.9,1182.82,51.13,115.74,15.91,272.74,2879.84,99.49
2019-06-13,1339.2,1183.23,52.38,115.74,15.82,271.13,2891.64,99.49
2019-06-14,1340.1,1184.7,52.47,115.91,15.28,270.48,2886.98,99.49
2019-06-15,,,,115.91,,,,99.49
2019-06-16,,,,115.91,,,,99.49
2019-06-17,1338.7,1186.53,51.94,115.91,15.35,270.09,2889.67,99.49
2019-06-18,1346.6,1185.37,53.86,115.91,15.15,271.36,2917.75,99.49
2019-06-19,1344.6,1185.37,53.74,115.91,14.33,275.31,2926.46,99.49
2019-06-20,1392.9,1159.05,56.88,115.91,14.75,276.01,2954.18,99.49
2019-06-21,1396.2,1163.25,57.35,114.84,15.4,275.48,2950.46,99.49
2019-06-22,,,,114.84,,,,99.49
2019-06-23,,,,114.84,,,,99.49
2019-06-24,1414.3,1156.14,57.73,114.84,15.26,275.58,2945.35,99.49
2019-06-25,1414.9,1155.97,57.63,114.84,16.28,275.28,2917.38,99.49
2019-06-26,1411.6,1156.36,59.17,114.84,16.21,275.53,2913.78,99.49
2019-06-27,1408.4,1157.86,59.18,114.84,15.82,277.75,2924.92,99.49
2019-06-28,1409.7,1154.58,58.2,114.58,15.08,277.5,2941.76,99.49
2019-06-29,,,,114.58,,,,99.49
2019-06-30,,,,114.58,,,,99.49
2019-07-01,1385.6,1158.5,58.91,114.58,14.06,277.27,2964.33,99.19
2019-07-02,1404.6,1166.31,56.0,114.58,12.93,275.97,2973.01,99.19
2019-07-03,1417.7,1171.14,57.06,114.58,12.57,272.37,2995.82,99.19
2019-07-04,,,,114.58,,274.54,,99.19
2019-07-05,1396.7,1170.26,,115.11,13.28,274.35,2990.41,99.19
2019-07-06,,,,115.11,,,,99.19
2019-07-07,,,,115.11,,,,99.19
2019-07-08,1397.0,1181.31,57.35,115.11,13.96,268.55,2975.95,99.19
2019-07-09,1397.5,1180.2,57.57,115.11,14.09,267.72,2979.63,99.19
2019-07-10,1410.1,1181.58,60.28,115.11,13.03,268.75,2993.07,99.19
2019-07-11,1404.3,1173.35,59.93,115.11,12.93,271.78,2999.91,99.19
2019-07-12,1409.9,1178.71,59.99,114.77,12.39,272.68,3013.77,99.19
2019-07-13,,,,114.77,,,,99.19
2019-07-14,,,,114.77,,,,99.19
2019-07-15,1411.4,1179.04,59.3,114.77,12.68,272.64,3014.3,99.19
2019-07-16,1409.2,1177.31,57.44,114.77,12.86,274.05,3004.04,99.19
2019-07-17,1421.3,1181.09,56.5,114.77,13.97,271.48,2984.42,99.19
2019-07-18,1426.1,1178.29,55.08,114.77,13.53,270.67,2995.11,99.19
2019-07-19,1425.1,1173.92,55.42,114.87,14.45,274.55,2976.61,99.19
2019-07-20,,,,114.87,,,,99.19
2019-07-21,,,,114.87,,,,99.19
2019-07-22,1425.3,1178.17,55.87,114.87,13.53,274.55,2985.03,99.19
2019-07-23,1420.1,1178.72,56.58,114.87,12.61,275.92,3005.47,99.19
2019-07-24,1422.8,1177.54,55.9,114.87,12.07,273.22,3019.56,99.19
2019-07-25,1413.9,1181.17,55.88,114.87,12.74,273.04,3003.67,99.19
2019-07-26,1418.5,1184.51,56.04,115.54,12.16,272.25,3025.86,99.19
2019-07-27,,,,115.54,,,,99.19
2019-07-28,,,,115.54,,,,99.19
2019-07-29,1419.6,1183.36,56.85,115.54,12.83,267.75,3020.97,99.19
2019-07-30,1429.7,1181.94,58.04,115.54,13.94,268.95,3013.18,99.19
2019-07-31,1426.1,1182.74,58.53,115.54,16.12,266.34,2980.38,99.19
2019-08-01,1420.9,1187.0,53.64,115.54,17.87,265.73,2953.56,99.43
2019-08-02,1445.6,1196.59,55.67,116.19,17.61,262.99,2932.05,99.43
2019-08-03,,,,116.19,,,,99.43
2019-08-04,,,,116.19,,,,99.43
2019-08-05,1464.6,1215.5,54.63,116.19,24.59,257.19,2844.74,99.43
2019-08-06,1472.4,1214.83,53.6,116.19,20.17,253.41,2881.77,99.43
2019-08-07,1507.3,1214.46,51.14,116.19,19.49,252.0,2883.98,99.43
2019-08-08,1497.7,1208.77,52.6,116.19,16.91,252.4,2938.09,99.43
2019-08-09,1496.6,1214.15,54.41,116.44,17.97,254.85,2918.65,99.43
2019-08-10,,,,116.44,,,,99.43
2019-08-11,,,,116.44,,,,99.43
2019-08-12,1505.3,1215.7,54.98,116.44,21.09,255.35,2882.7,99.43
2019-08-13,1502.2,1220.7,57.05,116.44,17.52,252.83,2926.32,99.43
2019-08-14,1515.9,1212.44,55.16,116.44,22.1,254.86,2840.6,99.43
2019-08-15,1519.6,1214.34,54.51,116.44,21.18,,2847.6,99.43
2019-08-16,1512.5,1205.75,54.83,117.08,18.47,253.9,2888.68,99.43
2019-08-17,,,,117.08,,,,99.43
2019-08-18,,,,117.08,,,,99.43
2019-08-19,1500.4,1210.6,56.24,117.08,16.88,255.11,2923.65,99.43
2019-08-20,1504.6,1207.93,56.18,117.08,17.5,258.05,2900.51,99.43
2019-08-21,1504.6,1202.0,55.65,117.08,15.8,258.38,2924.43,99.43
2019-08-22,1497.3,1206.96,55.33,117.08,16.68,256.28,2922.95,99.43
2019-08-23,1526.6,1210.5,54.08,117.3,19.87,256.11,2847.11,99.43
2019-08-24,,,,117.3,,,,99.43
2019-08-25,,,,117.3,,,,99.43
2019-08-26,1526.3,1217.51,53.54,117.3,19.32,252.19,2878.38,99.43
2019-08-27,1541.0,1211.38,54.99,117.3,20.31,253.5,2869.16,99.43
2019-08-28,1537.8,1213.75,55.76,117.3,19.35,255.53,2887.94,99.43
2019-08-29,1526.5,1216.14,56.67,117.3,17.88,254.31,2924.58,99.43
2019-08-30,1519.1,1211.32,55.07,118.16,18.98,259.0,2926.46,99.43
2019-08-31,,,,118.16,,,,99.43
2019-09-01,,,,118.16,,,,99.79
2019-09-02,,,,118.16,,259.08,,99.79
2019-09-03,1545.9,1212.44,53.91,118.16,19.66,258.25,2906.27,99.79
2019-09-04,1550.3,1207.84,56.22,118.16,17.33,261.69,2937.78,99.79
2019-09-05,1515.4,1200.18,56.33,118.16,16.27,264.44,2976.0,99.79
2019-09-06,1506.2,1196.81,56.45,117.13,15.0,265.53,2978.71,99.79
2019-09-07,,,,117.13,,,,99.79
2019-09-08,,,,117.13,,,,99.79
2019-09-09,1502.2,1192.33,57.88,117.13,15.27,267.4,2978.43,99.79
2019-09-10,1490.3,1191.22,57.37,117.13,15.2,268.76,2979.39,99.79
2019-09-11,1494.4,1191.51,55.66,117.13,14.61,270.84,3000.93,99.79
2019-09-12,1498.7,1180.7,55.13,117.13,14.22,,3009.57,99.79
2019-09-13,1490.9,1176.62,54.76,116.77,13.74,,3007.39,99.79
2019-09-14,,,,116.77,,,,99.79
2019-09-15,,,,116.77,,,,99.79
2019-09-16,1503.1,1182.96,63.1,116.77,14.67,272.02,2997.96,99.79
2019-09-17,1505.1,1186.1,59.26,116.77,14.44,271.68,3005.7,99.79
2019-09-18,1507.5,1191.51,58.19,116.77,13.95,273.06,3006.73,99.79
2019-09-19,1498.4,1193.87,58.19,116.77,14.05,274.92,3006.79,99.79
2019-09-20,1507.3,1188.16,57.92,117.18,15.32,276.44,2992.07,99.79
2019-09-21,,,,117.18,,,,99.79
2019-09-22,,,,117.18,,,,99.79
2019-09-23,1523.7,1195.48,58.69,117.18,14.91,276.65,2991.78,99.79
2019-09-24,1532.1,1196.52,57.22,117.18,17.05,277.97,2966.6,99.79
2019-09-25,1504.6,1200.17,56.38,117.18,15.96,274.42,2984.87,99.79
2019-09-26,1507.5,1201.99,56.24,117.18,16.07,274.89,2977.62,99.79
2019-09-27,1499.1,1200.03,55.95,117.72,17.22,271.33,2961.79,99.79
2019-09-28,,,,117.72,,,,99.79
2019-09-29,,,,117.72,,,,99.79
2019-09-30,1465.7,1195.85,54.09,117.72,16.24,273.55,2976.74,99.79
2019-10-01,1482.0,1198.96,53.6,117.72,18.56,274.42,2940.25,100.04
2019-10-02,1501.0,1205.47,52.67,117.72,20.56,268.55,2887.61,100.04
2019-10-03,1507.1,1204.67,52.41,117.72,19.12,,2910.63,100.04
2019-10-04,1506.2,1192.93,52.84,117.53,17.04,267.39,2952.01,100.04
2019-10-05,,,,117.53,,,,100.04
2019-10-06,,,,117.53,,,,100.04
2019-10-07,1497.7,1196.49,52.76,117.53,17.86,267.67,2938.79,100.04
2019-10-08,1497.2,1193.24,52.64,117.53,20.28,271.36,2893.06,100.04
2019-10-09,1506.1,1197.29,52.63,117.53,18.64,,2919.4,100.04
2019-10-10,1494.8,1190.06,53.57,117.53,17.57,268.8,2938.13,100.04
2019-10-11,1482.7,1195.61,54.76,116.82,15.58,271.3,2970.27,100.04
2019-10-12,,,,116.82,,,,100.04
2019-10-13,,,,116.82,,,,100.04
2019-10-14,1491.7,,53.57,116.82,14.57,274.23,2966.15,100.04
2019-10-15,1477.6,1184.67,52.81,116.82,13.54,274.34,2995.68,100.04
2019-10-16,1488.0,1186.38,53.42,116.82,13.68,276.32,2989.69,100.04
2019-10-17,1492.3,1179.05,53.89,116.82,13.79,275.57,2997.95,100.04
2019-10-18,1488.2,1181.06,53.75,116.13,14.25,272.81,2986.2,100.04
2019-10-19,,,,116.13,,,,100.04
2019-10-20,,,,116.13,,,,100.04
2019-10-21,1482.4,1172.57,53.28,116.13,14.0,273.79,3006.72,100.04
2019-10-22,1481.7,1170.49,54.21,116.13,14.46,277.41,2995.99,100.04
2019-10-23,1489.9,1172.07,55.9,116.13,14.01,276.23,3004.52,100.04
2019-10-24,1498.9,1173.19,56.11,116.13,13.71,276.7,3010.29,100.04
2019-10-25,1499.5,1171.58,56.52,116.08,12.65,277.07,3022.55,100.04
2019-10-26,,,,116.08,,,,100.04
2019-10-27,,,,116.08,,,,100.04
2019-10-28,1490.0,1170.17,55.6,116.08,13.11,277.78,3039.42,100.04
2019-10-29,1487.0,1163.03,55.34,116.08,13.2,277.55,3036.89,100.04
2019-10-30,1493.2,1167.76,54.85,116.08,12.33,275.51,3046.77,100.04
2019-10-31,1511.4,1169.1,54.02,116.08,13.22,275.82,3037.56,100.04
2019-11-01,1508.0,1165.45,56.04,115.73,12.3,278.43,3066.91,99.48
2019-11-02,,,,115.73,,,,99.48
2019-11-03,,,,115.73,,,,99.48
2019-11-04,1508.0,1159.29,56.33,115.73,12.83,282.54,3078.27,99.48
2019-11-05,1480.8,1157.64,57.04,115.73,13.1,284.38,3074.62,99.48
2019-11-06,1490.2,1156.73,56.15,115.73,12.62,284.52,3076.78,99.48
2019-11-07,1464.2,1154.44,56.91,115.73,12.73,284.37,3085.18,99.48
2019-11-08,1461.3,1157.14,57.02,116.34,12.07,283.13,3093.08,99.48
2019-11-09,,,,116.34,,,,99.48
2019-11-10,,,,116.34,,,,99.48
2019-11-11,1455.5,,,116.34,12.69,280.85,3087.01,99.48
2019-11-12,1452.1,1160.8,56.67,116.34,12.68,283.65,3091.84,99.48
2019-11-13,1461.7,1167.76,56.88,116.34,13.0,281.28,3094.04,99.48
2019-11-14,1471.8,1169.82,56.57,116.34,13.05,283.93,3096.63,99.48
2019-11-15,1467.3,1166.98,57.54,116.44,12.05,287.29,3120.46,99.48
2019-11-16,,,,116.44,,,,99.48
2019-11-17,,,,116.44,,,,99.48
2019-11-18,1470.9,1163.76,56.82,116.44,12.46,287.18,3122.03,99.48
2019-11-19,1473.3,1167.13,54.93,116.44,12.86,286.23,3120.18,99.48
2019-11-20,1473.3,1169.8,56.71,116.44,12.78,282.21,3108.46,99.48
2019-11-21,1463.1,1175.71,58.36,116.44,13.13,278.28,3103.54,99.48
2019-11-22,1463.1,1179.33,57.68,116.91,12.34,279.43,3110.29,99.48
2019-11-23,,,,116.91,,,,99.48
2019-11-24,,,,116.91,,,,99.48
2019-11-25,1456.6,1173.09,57.79,116.91,11.87,282.19,3133.64,99.48
2019-11-26,1459.8,1175.59,58.25,116.91,11.54,281.83,3140.52,99.48
2019-11-27,1453.4,1176.89,58.12,116.91,11.75,282.85,3153.63,99.48
2019-11-28,,,,116.91,,281.23,,99.48
2019-11-29,1465.6,1181.33,58.12,117.12,12.62,276.78,3140.98,99.48
2019-11-30,,,,117.12,,,,99.48
2019-12-01,,,,117.12,,,,99.72
2019-12-02,1462.3,1182.84,55.97,117.12,14.91,277.44,3113.87,99.72
2019-12-03,1478.2,1190.31,56.15,117.12,15.96,276.19,3093.2,99.72
2019-12-04,1474.0,1194.45,58.46,117.12,14.8,274.15,3112.76,99.72
2019-12-05,1476.9,1189.23,58.42,117.12,14.52,273.3,3117.43,99.72
2019-12-06,1459.1,1189.86,59.2,116.54,13.62,276.56,3145.91,99.72
2019-12-07,,,,116.54,,,,99.72
2019-12-08,,,,116.54,,,,99.72
2019-12-09,1459.3,1189.45,58.99,116.54,15.86,278.03,3135.96,99.72
2019-12-10,1462.6,1191.01,59.22,116.54,15.68,279.31,3132.52,99.72
2019-12-11,1469.4,1192.2,58.74,116.54,14.99,280.28,3141.63,99.72
2019-12-12,1466.7,1186.41,59.18,116.54,13.94,285.11,3168.57,99.72
2019-12-13,1475.6,1171.97,60.11,115.7,12.63,290.11,3168.8,99.72
2019-12-14,,,,115.7,,,,99.72
2019-12-15,,,,115.7,,,,99.72
2019-12-16,1475.0,1171.8,60.21,115.7,12.14,289.76,3191.45,99.72
2019-12-17,1474.6,1165.81,60.88,115.7,12.29,294.4,3192.52,99.72
2019-12-18,1472.6,1168.02,60.93,115.7,12.58,294.22,3191.14,99.72
2019-12-19,1478.2,1165.04,61.3,115.7,12.5,294.31,3205.37,99.72
2019-12-20,1474.7,1160.3,60.43,115.76,12.51,295.31,3221.22,99.72
2019-12-21,,,,115.76,,,,99.72
2019-12-22,,,,115.76,,,,99.72
2019-12-23,1482.5,1163.64,60.51,115.76,12.61,294.87,3224.01,99.72
2019-12-24,1499.1,1163.21,61.17,115.76,12.67,292.9,3223.38,99.72
2019-12-25,,,,115.76,,,,99.72
2019-12-26,1509.3,1161.18,61.72,115.76,12.65,294.06,3239.91,99.72
2019-12-27,1513.8,1160.87,61.76,115.22,13.43,295.2,3240.02,99.72
2019-12-28,,,,115.22,,,,99.72
2019-12-29,,,,115.22,,,,99.72
2019-12-30,1514.5,1155.75,61.66,115.22,14.82,293.77,3221.29,99.72
2019-12-31,1519.5,1155.46,61.14,115.22,13.78,,3230.78,99.72
2020-01-01,,,,115.22,,,,100.09
2020-01-02,1524.5,1157.95,61.17,115.22,12.47,290.35,3257.85,100.09
2020-01-03,1549.2,1165.15,63.0,114.99,14.02,290.74,3234.85,100.09
2020-01-04,,,,114.99,,,,100.09
2020-01-05,,,,114.99,,,,100.09
2020-01-06,1566.2,1167.49,63.27,114.99,13.85,288.43,3246.28,100.09
2020-01-07,1571.8,1166.21,62.7,114.99,13.79,291.23,3237.18,100.09
2020-01-08,1557.4,1170.61,59.65,114.99,13.45,289.42,3253.05,100.09
2020-01-09,1551.7,1158.63,59.56,114.99,12.54,294.41,3274.7,100.09
2020-01-10,1557.5,1161.18,59.02,115.07,12.56,297.06,3265.35,100.09
2020-01-11,,,,115.07,,,,100.09
2020-01-12,,,,115.07,,,,100.09
2020-01-13,1548.4,1156.25,58.17,115.07,12.32,300.13,3288.13,100.09
2020-01-14,1542.4,1156.28,58.34,115.07,12.39,301.53,3283.15,100.09
2020-01-15,1552.1,1156.84,57.86,115.07,12.42,299.74,3289.29,100.09
2020-01-16,1549.0,1160.86,58.52,115.07,12.32,302.78,3316.81,100.09
2020-01-17,1558.8,1159.08,58.55,115.07,12.1,303.3,3329.62,100.09
2020-01-18,,,,115.07,,,,100.09
2020-01-19,,,,115.07,,,,100.09
2020-01-20,,,,115.07,,305.58,,100.09
2020-01-21,1556.4,1166.56,58.25,115.07,12.85,302.11,3320.79,100.09
2020-01-22,1555.3,1165.68,56.76,115.07,12.91,306.08,3321.75,100.09
2020-01-23,1564.6,1168.38,55.51,115.07,12.98,302.33,3325.54,100.09
2020-01-24,1571.1,1166.91,54.09,115.56,14.56,,3295.47,100.09
2020-01-25,,,,115.56,,,,100.09
2020-01-26,,,,115.56,,,,100.09
2020-01-27,1576.8,1176.2,53.09,115.56,18.23,,3243.63,100.09
2020-01-28,1569.2,1176.23,53.33,115.56,16.28,292.77,3276.24,100.09
2020-01-29,1569.8,1176.98,53.29,115.56,16.39,293.98,3273.4,100.09
2020-01-30,1583.5,1191.94,52.19,115.56,15.49,288.37,3283.66,100.09
2020-01-31,1582.9,1191.3,51.58,115.73,18.84,284.53,3225.52,100.09
2020-02-01,,,,115.73,,,,100.16
2020-02-02,,,,115.73,,,,100.16
2020-02-03,1577.2,1194.8,50.06,115.73,17.97,285.05,3248.92,100.16
2020-02-04,1550.4,1184.51,49.59,115.73,16.05,290.68,3297.59,100.16
2020-02-05,1557.8,1187.25,50.87,115.73,15.15,292.02,3334.69,100.16
2020-02-06,1565.1,1179.64,50.94,115.73,14.96,300.65,3345.78,100.16
2020-02-07,1568.6,1186.24,50.34,116.51,15.47,298.21,3327.71,100.16
2020-02-08,,,,116.51,,,,100.16
2020-02-09,,,,116.51,,,,100.16
2020-02-10,1574.7,1186.96,49.59,116.51,15.04,296.24,3352.09,100.16
2020-02-11,1565.6,1181.32,50.0,116.51,15.18,299.28,3357.75,100.16
2020-02-12,1567.4,1178.98,51.13,116.51,13.74,301.54,3379.45,100.16
2020-02-13,1575.1,1182.02,51.41,116.51,14.15,300.93,3373.94,100.16
2020-02-14,1582.7,1183.2,52.03,116.42,13.68,303.01,3380.16,100.16
2020-02-15,,,,116.42,,,,100.16
2020-02-16,,,,116.42,,,,100.16
2020-02-17,,,,116.42,,302.76,,100.16
2020-02-18,1600.0,1190.6,52.1,116.42,14.83,297.74,3370.29,100.16
2020-02-19,1607.5,1191.1,53.31,116.42,14.38,298.33,3386.15,100.16
2020-02-20,1616.6,1198.34,53.77,116.42,15.56,296.65,3373.23,100.16
2020-02-21,1644.6,1207.91,53.36,117.05,17.08,292.42,3337.75,100.16
2020-02-22,,,,117.05,,,,100.16
2020-02-23,,,,117.05,,,,100.16
2020-02-24,1672.4,1218.5,51.36,117.05,25.03,281.02,3225.89,100.16
2020-02-25,1646.9,1214.45,49.78,117.05,27.85,284.24,3128.21,100.16
2020-02-26,1640.0,1213.61,48.67,117.05,27.56,279.94,3116.39,100.16
2020-02-27,1640.0,1217.03,47.17,117.05,39.16,277.09,2978.76,100.16
2020-02-28,1564.1,1214.92,44.83,117.66,40.11,268.02,2954.22,100.16
2020-02-29,,,,117.66,,,,100.16
2020-03-01,,,,117.66,,,,99.94
2020-03-02,1592.3,1190.89,46.78,117.66,33.42,270.37,3090.23,99.94
2020-03-03,1642.1,1194.66,47.27,117.66,36.82,271.56,3003.37,99.94
2020-03-04,1641.1,1187.54,46.78,117.66,31.99,278.13,3130.12,99.94
2020-03-05,1666.4,1181.11,45.9,117.66,39.62,281.38,3023.94,99.94
2020-03-06,1670.8,1192.0,41.14,116.71,41.94,275.1,2972.37,99.94
2020-03-07,,,,116.71,,,,99.94
2020-03-08,,,,116.71,,,,99.94
2020-03-09,1674.5,1203.75,31.05,116.71,54.46,263.11,2746.56,99.94
2020-03-10,1659.1,1193.1,34.47,116.71,47.3,264.67,2882.23,99.94
2020-03-11,1641.4,1194.16,33.13,116.71,53.9,257.01,2741.38,99.94
2020-03-12,1589.3,1206.19,31.56,116.71,75.47,247.62,2480.64,99.94
2020-03-13,1515.7,1211.7,31.72,120.44,57.83,240.65,2711.02,99.94
2020-03-14,,,,120.44,,,,99.94
2020-03-15,,,,120.44,,,,99.94
2020-03-16,1485.9,1225.33,28.96,120.44,82.69,232.97,2386.13,99.94
2020-03-17,1524.9,1240.98,26.96,120.44,75.91,226.89,2529.19,99.94
2020-03-18,1477.3,1245.19,20.48,120.44,76.45,215.83,2398.1,99.94
2020-03-19,1478.6,1250.86,25.09,120.44,72.0,199.28,2409.39,99.94
2020-03-20,1484.0,1250.55,19.48,124.94,66.04,213.67,2304.92,99.94
2020-03-21,,,,124.94,,,,99.94
2020-03-22,,,,124.94,,,,99.94
2020-03-23,1567.0,1267.25,23.33,124.94,61.59,201.87,2237.4,99.94
2020-03-24,1660.2,1249.88,21.03,124.94,61.67,220.34,2447.33,99.94
2020-03-25,1632.3,1228.15,20.75,124.94,63.95,232.89,2475.56,99.94
2020-03-26,1650.1,1233.47,16.6,124.94,61.0,229.34,2630.07,99.94
2020-03-27,1623.9,1210.49,15.48,122.4,65.54,233.79,2541.47,99.94
2020-03-28,,,,122.4,,,,99.94
2020-03-29,,,,122.4,,,,99.94
2020-03-30,1622.0,1224.11,14.1,122.4,57.08,232.45,2626.65,99.94
2020-03-31,1583.4,1218.92,20.51,122.4,53.54,236.82,2584.59,99.94
2020-04-01,1578.2,1229.65,20.28,122.4,57.06,226.35,2470.5,99.5
2020-04-02,1625.7,1229.89,25.18,122.4,50.91,231.84,2526.9,99.5
2020-04-03,1633.7,1230.56,28.36,124.42,46.8,231.7,2488.65,99.5
2020-04-04,,,,124.42,,,,99.5
2020-04-05,,,,124.42,,,,99.5
2020-04-06,1677.0,1224.6,26.21,124.42,45.24,240.81,2663.68,99.5
2020-04-07,1664.8,1220.43,23.54,124.42,46.7,244.87,2659.41,99.5
2020-04-08,1665.4,1220.77,24.97,124.42,43.35,241.89,2749.98,99.5
2020-04-09,1736.2,1219.71,22.9,124.42,41.67,245.61,2789.82,99.5
2020-04-10,,1211.71,,122.16,,248.0,,99.5
2020-04-11,,,,122.16,,,,99.5
2020-04-12,,,,122.16,,,,99.5
2020-04-13,1744.8,1217.72,22.36,122.16,41.17,243.4,2761.63,99.5
2020-04-14,1756.7,1216.85,20.15,122.16,37.76,247.45,2846.06,99.5
2020-04-15,1727.2,1224.55,19.96,122.16,40.84,,2783.36,99.5
2020-04-16,1720.4,1228.21,19.82,122.16,40.11,247.1,2799.55,99.5
2020-04-17,1689.2,1217.81,18.31,122.87,38.15,255.02,2874.56,99.5
2020-04-18,,,,122.87,,,,99.5
2020-04-19,,,,122.87,,,,99.5
2020-04-20,1701.6,1217.29,-36.98,122.87,43.83,252.14,2823.16,99.5
2020-04-21,1678.2,1229.28,8.91,122.87,45.41,249.4,2736.56,99.5
2020-04-22,1728.7,1234.79,13.64,122.87,41.98,251.88,2799.31,99.5
2020-04-23,1733.3,1229.04,15.06,122.87,41.38,253.74,2797.8,99.5
2020-04-24,1723.5,1233.88,15.99,124.16,35.93,250.28,2836.74,99.5
2020-04-25,,,,124.16,,,,99.5
2020-04-26,,,,124.16,,,,99.5
2020-04-27,1711.9,1224.16,12.17,124.16,33.29,254.84,2878.48,99.5
2020-04-28,1710.5,1224.83,12.4,124.16,33.57,256.39,2863.39,99.5
2020-04-29,1703.4,1219.2,15.04,124.16,31.23,258.15,2939.51,99.5
2020-04-30,1684.2,1203.95,19.23,124.16,34.15,,2912.43,99.5
2020-05-01,1694.5,1223.2,19.72,123.15,37.19,,2830.71,99.44
2020-05-02,,,,123.15,,,,99.44
2020-05-03,,,,123.15,,,,99.44
2020-05-04,1706.9,1228.81,20.47,123.15,35.97,250.6,2842.74,99.44
2020-05-05,1704.4,1220.13,24.56,123.15,33.61,,2868.44,99.44
2020-05-06,1684.2,1222.03,23.88,123.15,34.12,255.0,2848.42,99.44
2020-05-07,1721.8,1224.76,23.68,123.15,31.44,254.46,2881.19,99.44
2020-05-08,1709.9,1216.47,24.73,122.54,27.98,256.62,2929.8,99.44
2020-05-09,,,,122.54,,,,99.44
2020-05-10,,,,122.54,,,,99.44
2020-05-11,1695.3,1220.2,24.02,122.54,27.57,254.95,2930.19,99.44
2020-05-12,1704.4,1222.0,25.76,122.54,33.04,253.37,2870.12,99.44
2020-05-13,1713.9,1223.86,25.37,122.54,35.28,255.85,2820.0,99.44
2020-05-14,1738.1,1227.76,27.4,122.54,32.61,253.65,2852.5,99.44
2020-05-15,1753.4,1230.71,29.44,123.6,31.89,253.79,2863.7,99.44
2020-05-16,,,,123.6,,,,99.44
2020-05-17,,,,123.6,,,,99.44
2020-05-18,1731.8,1232.32,31.83,123.6,29.3,255.44,2953.91,99.44
2020-05-19,1744.2,1225.19,32.3,123.6,30.53,261.79,2922.94,99.44
2020-05-20,1750.6,1230.02,33.56,123.6,27.99,262.72,2971.61,99.44
2020-05-21,1720.5,1230.53,34.3,123.6,29.53,263.74,2948.51,99.44
2020-05-22,1734.6,1236.53,33.49,122.32,28.16,259.62,2955.45,99.44
2020-05-23,,,,122.32,,,,99.44
2020-05-24,,,,122.32,,,,99.44
2020-05-25,,,,122.32,,262.76,,99.44
2020-05-26,1704.8,1234.24,34.7,122.32,28.01,267.31,2991.77,99.44
2020-05-27,1710.3,1238.03,32.8,122.32,27.62,267.64,3036.13,99.44
2020-05-28,1713.3,1239.28,33.67,122.32,28.59,268.29,3029.73,99.44
2020-05-29,1736.9,1236.61,35.57,120.95,27.51,268.32,3044.31,99.44
2020-05-30,,,,120.95,,,,99.44
2020-05-31,,,,120.95,,,,99.44
2020-06-01,1737.8,1224.79,35.49,120.95,28.23,273.19,3055.73,99.71
2020-06-02,1725.2,1225.07,36.88,120.95,26.84,276.08,3080.82,99.71
2020-06-03,1697.8,1216.08,37.33,120.95,25.66,285.91,3122.87,99.71
2020-06-04,1718.9,1218.77,37.42,120.95,25.81,286.45,3112.35,99.71
2020-06-05,1676.2,1202.79,39.49,118.81,24.52,290.62,3193.93,99.71
2020-06-06,,,,118.81,,,,99.71
2020-06-07,,,,118.81,,,,99.71
2020-06-08,1698.3,1197.84,38.17,118.81,25.81,290.77,3232.39,99.71
2020-06-09,1714.7,1197.04,38.98,118.81,27.57,291.32,3207.18,99.71
2020-06-10,1713.3,1189.9,39.54,118.81,27.57,291.9,3190.14,99.71
2020-06-11,1732.0,1196.34,36.43,118.81,40.79,288.62,3002.1,99.71
2020-06-12,1729.3,1204.52,36.24,119.66,36.09,281.78,3041.31,99.71
2020-06-13,,,,119.66,,,,99.71
2020-06-14,,,,119.66,,,,99.71
2020-06-15,1720.3,1212.21,37.07,119.66,34.4,267.95,3066.59,99.71
2020-06-16,1729.6,1207.26,38.26,119.66,33.67,282.59,3124.74,99.71
2020-06-17,1729.2,1215.02,37.91,119.66,33.47,283.02,3113.49,99.71
2020-06-18,1724.8,1211.65,38.79,119.66,32.94,281.91,3115.34,99.71
2020-06-19,1745.9,1208.38,39.72,120.22,35.12,283.37,3097.74,99.71
2020-06-20,,,,120.22,,,,99.71
2020-06-21,,,,120.22,,,,99.71
2020-06-22,1756.7,1210.73,40.6,120.22,31.77,281.42,3117.86,99.71
2020-06-23,1772.1,1206.43,40.4,120.22,31.37,281.94,3131.29,99.71
2020-06-24,1765.8,1199.55,37.91,120.22,33.84,286.7,3050.33,99.71
2020-06-25,1762.1,1203.59,38.66,120.22,32.22,279.73,3083.76,99.71
2020-06-26,1772.5,1203.44,38.53,120.53,34.73,283.38,3009.05,99.71
2020-06-27,,,,120.53,,,,99.71
2020-06-28,,,,120.53,,,,99.71
2020-06-29,1774.8,1200.91,39.67,120.53,31.78,278.04,3053.24,99.71
2020-06-30,1793.0,1200.5,39.27,120.53,30.43,280.09,3100.29,99.71
2020-07-01,1773.2,1201.84,39.88,120.53,28.62,280.26,3115.86,99.63
2020-07-02,1784.0,1199.84,40.57,120.53,27.68,283.86,3130.01,99.63
2020-07-03,,,,119.86,,285.89,,99.63
2020-07-04,,,,119.86,,,,99.63
2020-07-05,,,,119.86,,,,99.63
2020-07-06,1788.5,1192.66,40.51,119.86,27.94,290.62,3179.72,99.63
2020-07-07,1804.2,1194.43,40.59,119.86,29.43,286.77,3145.32,99.63
2020-07-08,1815.5,1194.63,40.91,119.86,28.08,285.97,3169.94,99.63
2020-07-09,1799.2,1197.84,39.64,119.86,29.26,287.25,3152.05,99.63
2020-07-10,1798.2,1204.34,40.56,119.35,27.29,285.06,3185.04,99.63
2020-07-11,,,,119.35,,,,99.63
2020-07-12,,,,119.35,,,,99.63
2020-07-13,1811.0,1200.13,40.06,119.35,32.19,289.84,3155.22,99.63
2020-07-14,1810.6,1205.24,40.3,119.35,29.52,289.63,3197.52,99.63
2020-07-15,1811.4,1201.97,41.2,119.35,27.76,292.27,3226.56,99.63
2020-07-16,1798.7,1202.97,40.74,119.35,28.0,289.25,3215.57,99.63
2020-07-17,1808.3,1203.86,40.55,119.12,25.68,291.57,3224.73,99.63
2020-07-18,,,,119.12,,,,99.63
2020-07-19,,,,119.12,,,,99.63
2020-07-20,1815.9,1202.26,40.83,119.12,24.46,290.81,3251.84,99.63
2020-07-21,1842.4,1194.64,41.76,119.12,24.84,295.16,3257.3,99.63
2020-07-22,1864.1,1194.83,41.88,119.12,24.32,294.04,3276.02,99.63
2020-07-23,1889.1,1198.91,40.99,119.12,26.08,292.37,3235.66,99.63
2020-07-24,1897.3,1203.17,41.23,118.13,25.84,290.66,3215.63,99.63
2020-07-25,,,,118.13,,,,99.63
2020-07-26,,,,118.13,,,,99.63
2020-07-27,1931.0,1195.94,41.46,118.13,24.74,293.51,3239.41,99.63
2020-07-28,1944.7,1198.15,40.89,118.13,25.44,300.13,3218.44,99.63
2020-07-29,1953.5,1192.98,41.13,118.13,24.1,301.25,3258.44,99.63
2020-07-30,1942.3,1196.3,39.85,118.13,24.76,301.85,3246.22,99.63
2020-07-31,1962.8,1192.68,40.1,117.21,24.46,299.32,3271.12,99.63
2020-08-01,,,,117.21,,,,100.19
2020-08-02,,,,117.21,,,,100.19
2020-08-03,1966.0,1194.31,40.83,117.21,24.28,299.46,3294.61,100.19
2020-08-04,2001.2,1194.53,41.67,117.21,23.76,303.04,3306.51,100.19
2020-08-05,2031.1,1188.93,42.25,117.21,22.99,306.64,3327.77,100.19
2020-08-06,2051.5,1185.29,41.93,117.21,22.65,311.32,3349.16,100.19
2020-08-07,2010.1,1189.25,41.16,117.62,22.21,312.57,3351.28,100.19
2020-08-08,,,,117.62,,,,100.19
2020-08-09,,,,117.62,,,,100.19
2020-08-10,2024.4,1186.28,41.94,117.62,22.13,316.77,3360.47,100.19
2020-08-11,1932.6,1184.84,41.53,117.62,24.03,321.02,3333.69,100.19
2020-08-12,1934.9,1184.09,42.6,117.62,22.28,322.68,3380.35,100.19
2020-08-13,1956.7,1183.25,42.26,117.62,22.13,323.33,3373.43,100.19
2020-08-14,1937.0,1186.53,42.05,116.94,22.05,319.24,3372.85,100.19
2020-08-15,,,,116.94,,,,100.19
2020-08-16,,,,116.94,,,,100.19
2020-08-17,1985.0,1184.17,42.89,116.94,21.35,,3381.99,100.19
2020-08-18,1999.4,1184.74,42.89,116.94,21.51,312.84,3389.78,100.19
2020-08-19,1958.7,1181.06,42.91,116.94,22.54,313.54,3374.85,100.19
2020-08-20,1933.8,1187.66,42.62,116.94,22.72,301.59,3385.51,100.19
2020-08-21,1934.6,1191.84,42.32,117.06,22.54,306.16,3397.16,100.19
2020-08-22,,,,117.06,,,,100.19
2020-08-23,,,,117.06,,,,100.19
2020-08-24,1927.7,1189.11,42.44,117.06,22.37,309.33,3431.28,100.19
2020-08-25,1911.8,1188.18,43.17,117.06,22.03,313.59,3443.62,100.19
2020-08-26,1940.7,1185.6,43.21,117.06,23.27,314.19,3478.73,100.19
2020-08-27,1921.6,1185.22,42.88,117.06,24.47,311.38,3484.55,100.19
2020-08-28,1964.6,1181.62,42.96,115.94,22.96,312.24,3508.01,100.19
2020-08-29,,,,115.94,,,,100.19
2020-08-30,,,,115.94,,,,100.19
2020-08-31,1967.6,1187.48,42.61,115.94,26.41,307.14,3500.31,100.19
2020-09-01,1968.2,1182.94,42.76,115.94,26.12,309.81,3526.65,100.74
2020-09-02,1934.4,1189.98,42.76,115.94,26.57,311.5,3580.84,100.74
2020-09-03,1927.6,1188.04,41.39,115.94,33.6,316.43,3455.06,100.74
2020-09-04,1923.9,1190.6,39.69,116.03,30.75,312.03,3426.96,100.74
2020-09-05,,,,116.03,,,,100.74
2020-09-06,,,,116.03,,,,100.74
2020-09-07,,,,116.03,,313.67,,100.74
2020-09-08,1933.0,1188.69,36.87,116.03,31.46,317.38,3331.84,100.74
2020-09-09,1944.7,1185.12,38.05,116.03,28.81,313.77,3398.96,100.74
2020-09-10,1954.2,1184.41,37.25,116.03,29.71,316.53,3339.19,100.74
2020-09-11,1937.8,1186.55,37.33,116.09,26.87,316.45,3340.97,100.74
2020-09-12,,,,116.09,,,,100.74
2020-09-13,,,,116.09,,,,100.74
2020-09-14,1953.1,1181.27,37.23,116.09,25.85,320.98,3383.54,100.74
2020-09-15,1956.3,1179.99,38.29,116.09,25.59,323.36,3401.2,100.74
2020-09-16,1960.2,1176.0,40.17,116.09,26.04,322.31,3385.49,100.74
2020-09-17,1940.0,1174.25,40.99,116.09,26.46,318.0,3357.01,100.74
2020-09-18,1952.1,1163.2,41.09,115.24,25.83,318.39,3319.47,100.74
2020-09-19,,,,115.24,,,,100.74
2020-09-20,,,,115.24,,,,100.74
2020-09-21,1901.2,1166.75,39.26,115.24,27.78,315.89,3281.06,100.74
2020-09-22,1898.6,1164.83,39.55,115.24,26.86,308.82,3315.57,100.74
2020-09-23,1859.9,1164.56,39.92,115.24,28.58,309.64,3236.92,100.74
2020-09-24,1868.3,1170.49,40.11,115.24,28.51,302.48,3246.59,100.74
2020-09-25,1857.7,1172.71,40.06,117.87,26.38,303.57,3298.46,100.74
2020-09-26,,,,117.87,,,,100.74
2020-09-27,,,,117.87,,,,100.74
2020-09-28,1872.8,1168.08,40.47,117.87,26.19,307.03,3351.6,100.74
2020-09-29,1894.3,1169.67,39.03,117.87,26.27,309.44,3335.47,100.74
2020-09-30,1887.5,1165.97,40.05,117.87,26.37,,3363.0,100.74
2020-10-01,1908.4,1163.05,38.51,117.87,26.7,,3380.8,100.18
2020-10-02,1900.2,1166.08,36.9,116.73,27.63,,3348.42,100.18
2020-10-03,,,,116.73,,,,100.18
2020-10-04,,,,116.73,,,,100.18
2020-10-05,1912.5,1157.77,39.12,116.73,27.96,313.51,3408.6,100.18
2020-10-06,1901.1,1162.0,40.52,116.73,29.48,314.45,3360.97,100.18
2020-10-07,1883.6,1158.41,39.82,116.73,28.06,317.35,3419.44,100.18
2020-10-08,1888.6,1152.44,41.04,116.73,26.36,317.47,3446.83,100.18
2020-10-09,1919.5,1143.46,40.44,115.28,25.0,,3477.14,100.18
2020-10-10,,,,115.28,,,,100.18
2020-10-11,,,,115.28,,,,100.18
2020-10-12,1922.5,,39.22,115.28,25.07,319.15,3534.22,100.18
2020-10-13,1888.5,1147.4,40.03,115.28,26.07,319.58,3511.93,100.18
2020-10-14,1901.3,1146.58,40.86,115.28,26.4,316.57,3488.67,100.18
2020-10-15,1903.2,1143.03,40.84,115.28,26.97,313.92,3483.34,100.18
2020-10-16,1900.8,1146.82,40.7,115.77,27.41,311.83,3483.81,100.18
2020-10-17,,,,115.77,,,,100.18
2020-10-18,,,,115.77,,,,100.18
2020-10-19,1906.4,1141.76,40.69,115.77,29.18,312.59,3426.92,100.18
2020-10-20,1910.4,1138.65,41.37,115.77,29.35,314.71,3443.12,100.18
2020-10-21,1924.6,1132.11,39.88,115.77,28.65,315.76,3435.56,100.18
2020-10-22,1901.1,1135.26,40.46,115.77,28.11,313.77,3453.49,100.18
2020-10-23,1902.0,1129.77,39.73,115.01,27.55,314.79,3465.39,100.18
2020-10-24,,,,115.01,,,,100.18
2020-10-25,,,,115.01,,,,100.18
2020-10-26,1902.7,1127.77,38.39,115.01,32.46,313.53,3400.97,100.18
2020-10-27,1908.8,1127.9,39.34,115.01,33.35,311.8,3390.68,100.18
2020-10-28,1876.2,1133.76,37.27,115.01,40.28,313.17,3271.03,100.18
2020-10-29,1865.6,1131.12,35.94,115.01,37.59,309.94,3310.11,100.18
2020-10-30,1877.4,1133.99,35.64,116.14,38.02,301.6,3269.96,100.18
2020-10-31,,,,116.14,,,,100.18
2020-11-01,,,,116.14,,,,100.09
2020-11-02,1890.4,1134.62,36.6,116.14,37.13,305.95,3310.24,100.09
2020-11-03,1908.5,1134.3,37.44,116.14,35.55,312.07,3369.16,100.09
2020-11-04,1894.6,1137.37,38.97,116.14,29.57,313.83,3443.44,100.09
2020-11-05,1945.3,1122.96,38.56,116.14,27.58,321.51,3510.45,100.09
2020-11-06,1950.3,1121.0,36.97,113.99,24.86,322.1,3509.44,100.09
2020-11-07,,,,113.99,,,,100.09
2020-11-08,,,,113.99,,,,100.09
2020-11-09,1853.2,1113.14,40.05,113.99,25.75,325.83,3550.5,100.09
2020-11-10,1875.4,1117.63,41.18,113.99,24.8,326.13,3545.53,100.09
2020-11-11,1860.7,,41.23,113.99,23.45,331.12,3572.66,100.09
2020-11-12,1872.6,1112.95,40.9,113.99,25.35,329.72,3537.01,100.09
2020-11-13,1885.7,1109.47,39.93,114.24,23.1,333.03,3585.15,100.09
2020-11-14,,,,114.24,,,,100.09
2020-11-15,,,,114.24,,,,100.09
2020-11-16,1887.3,1106.88,41.14,114.24,22.45,340.63,3626.91,100.09
2020-11-17,1884.5,1105.33,41.24,114.24,22.71,339.85,3609.53,100.09
2020-11-18,1873.5,1105.72,41.64,114.24,23.84,339.96,3567.79,100.09
2020-11-19,1861.1,1114.93,41.57,114.24,23.11,340.16,3581.87,100.09
2020-11-20,1872.6,1114.48,41.99,113.49,23.7,340.62,3557.54,100.09
2020-11-21,,,,113.49,,,,100.09
2020-11-22,,,,113.49,,,,100.09
2020-11-23,1837.8,1115.42,42.91,113.49,22.66,348.46,3577.59,100.09
2020-11-24,1804.8,1110.93,44.71,113.49,21.64,350.28,3635.41,100.09
2020-11-25,1805.7,1106.84,45.58,113.49,21.25,348.3,3629.65,100.09
2020-11-26,,,,113.49,,352.12,,100.09
2020-11-27,1781.9,,,113.18,20.84,352.73,3638.35,100.09
2020-11-28,,,,113.18,,,,100.09
2020-11-29,,,,113.18,,,,100.09
2020-11-30,1775.7,1105.79,45.2,113.18,20.57,346.05,3621.63,100.09
2020-12-01,1814.1,1107.33,44.54,113.18,20.77,352.4,3662.45,100.33
2020-12-02,1825.7,1100.15,45.23,113.18,21.17,358.66,3669.01,100.33
2020-12-03,1836.8,1096.28,45.65,113.18,21.28,361.66,3666.72,100.33
2020-12-04,1835.9,1081.85,46.23,111.78,20.79,367.63,3699.12,100.33
2020-12-05,,,,111.78,,,,100.33
2020-12-06,,,,111.78,,,,100.33
2020-12-07,1861.8,1082.22,45.72,111.78,21.3,369.86,3691.96,100.33
2020-12-08,1870.8,1085.4,45.64,111.78,20.68,363.45,3702.25,100.33
2020-12-09,1834.6,1083.78,45.48,111.78,22.27,371.47,3672.82,100.33
2020-12-10,1833.6,1086.83,46.76,111.78,22.52,369.37,3668.1,100.33
2020-12-11,1839.8,1091.23,46.59,112.14,23.31,372.24,3663.46,100.33
2020-12-12,,,,112.14,,,,100.33
2020-12-13,,,,112.14,,,,100.33
2020-12-14,1828.7,1093.19,47.02,112.14,24.72,371.56,3647.49,100.33
2020-12-15,1852.3,1092.22,47.58,112.14,22.89,370.88,3694.62,100.33
2020-12-16,1856.1,1093.71,47.86,112.14,22.5,372.53,3701.17,100.33
2020-12-17,1887.2,1092.96,48.34,112.14,21.93,372.0,3722.48,100.33
2020-12-18,1885.7,1099.37,49.04,111.61,21.57,371.55,3709.41,100.33
2020-12-19,,,,111.61,,,,100.33
2020-12-20,,,,111.61,,,,100.33
2020-12-21,1879.2,1107.03,47.79,111.61,25.16,372.18,3694.92,100.33
2020-12-22,1866.6,1107.12,47.02,111.61,24.23,366.43,3687.26,100.33
2020-12-23,1874.7,1106.92,47.94,111.61,23.31,371.32,3690.01,100.33
2020-12-24,1879.9,,48.18,111.61,21.53,379.18,3703.06,100.33
2020-12-25,,,,111.98,,,,100.33
2020-12-26,,,,111.98,,,,100.33
2020-12-27,,,,111.98,,,,100.33
2020-12-28,1877.2,1096.67,47.5,111.98,21.7,379.93,3735.36,100.33
2020-12-29,1879.7,1092.55,47.85,111.98,23.08,381.27,3727.04,100.33
2020-12-30,1891.0,1086.62,48.24,111.98,22.77,389.29,3732.04,100.33
2020-12-31,1893.1,1086.11,48.35,111.98,22.75,,3756.07,100.33
2021-01-01,,,,111.32,,,,101.04
2021-01-02,,,,111.32,,,,101.04
2021-01-03,,,,111.32,,,,101.04
2021-01-04,1944.7,1081.62,47.47,111.32,26.97,399.88,3700.65,101.04
2021-01-05,1952.7,1087.42,49.78,111.32,25.34,406.03,3726.86,101.04
2021-01-06,1906.9,1085.71,50.45,111.32,25.07,402.08,3748.14,101.04
2021-01-07,1912.3,1086.78,50.63,111.32,22.37,410.81,3803.79,101.04
2021-01-08,1834.1,1089.48,52.14,111.28,21.56,430.22,3824.68,101.04
2021-01-09,,,,111.28,,,,101.04
2021-01-10,,,,111.28,,,,101.04
2021-01-11,1849.6,1097.39,52.15,111.28,24.08,431.13,3799.61,101.04
2021-01-12,1842.9,1099.57,53.08,111.28,23.33,427.87,3801.19,101.04
2021-01-13,1853.6,1098.31,52.81,111.28,22.21,430.38,3809.84,101.04
2021-01-14,1850.3,1098.37,53.47,111.28,23.25,429.85,3795.54,101.04
2021-01-15,1829.3,1099.39,52.25,111.51,24.34,420.43,3768.25,101.04
2021-01-16,,,,111.51,,,,101.04
2021-01-17,,,,111.51,,,,101.04
2021-01-18,,,,111.51,,410.5,,101.04
2021-01-19,1839.5,1102.14,52.87,111.51,23.24,421.35,3798.91,101.04
2021-01-20,1865.9,,53.16,111.51,21.58,424.01,3851.85,101.04
2021-01-21,1865.3,1097.91,53.0,111.51,21.32,430.27,3853.07,101.04
2021-01-22,1855.7,1105.5,52.28,111.55,21.91,427.13,3841.47,101.04
2021-01-23,,,,111.55,,,,101.04
2021-01-24,,,,111.55,,,,101.04
2021-01-25,1854.9,1101.02,52.78,111.55,23.19,437.3,3855.36,101.04
2021-01-26,1850.7,1103.26,52.61,111.55,23.02,426.73,3849.62,101.04
2021-01-27,1844.9,1104.09,52.81,111.55,37.21,423.67,3750.77,101.04
2021-01-28,1837.9,1111.95,52.26,111.55,30.21,416.4,3787.38,101.04
2021-01-29,1847.3,1118.35,52.16,111.95,33.09,404.56,3714.24,101.04
2021-01-30,,,,111.95,,,,101.04
2021-01-31,,,,111.95,,,,101.04
2021-02-01,1860.8,1116.48,53.55,111.95,30.24,415.45,3773.86,101.58
2021-02-02,1830.5,1115.88,54.77,111.95,25.56,421.03,3826.31,101.58
2021-02-03,1832.2,1114.47,55.67,111.95,22.91,425.21,3830.17,101.58
2021-02-04,1788.9,1120.02,56.19,111.95,21.77,418.31,3871.74,101.58
2021-02-05,1810.9,1123.7,56.8,112.24,20.87,423.3,3886.83,101.58
2021-02-06,,,,112.24,,,,101.58
2021-02-07,,,,112.24,,,,101.58
2021-02-08,1831.9,1119.22,57.95,112.24,21.24,418.95,3915.59,101.58
2021-02-09,1835.3,1116.42,58.34,112.24,21.63,417.91,3911.23,101.58
2021-02-10,1840.6,1106.9,58.69,112.24,21.99,419.65,3909.88,101.58
2021-02-11,1824.9,1102.7,58.22,112.24,21.25,,3916.38,101.58
2021-02-12,1821.6,1102.16,59.5,111.49,19.97,,3934.83,101.58
2021-02-13,,,,111.49,,,,101.58
2021-02-14,,,,111.49,,,,101.58
2021-02-15,,,,111.49,,427.01,,101.58
2021-02-16,1797.2,1099.61,60.07,111.49,21.46,429.24,3932.59,101.58
2021-02-17,1771.1,1107.44,61.09,111.49,21.5,424.2,3931.33,101.58
2021-02-18,1773.4,1108.56,60.4,111.49,22.49,417.44,3913.97,101.58
2021-02-19,1775.8,1105.81,59.12,111.71,22.05,420.94,3906.71,101.58
2021-02-20,,,,111.71,,,,101.58
2021-02-21,,,,111.71,,,,101.58
2021-02-22,1806.7,1111.56,61.67,111.71,23.45,416.88,3876.5,101.58
2021-02-23,1804.4,1110.25,61.66,111.71,23.11,415.82,3881.37,101.58
2021-02-24,1796.4,1112.19,63.21,111.71,21.34,407.16,3925.43,101.58
2021-02-25,1774.4,1107.73,63.43,111.71,28.89,422.52,3829.34,101.58
2021-02-26,1728.1,1123.36,61.55,112.83,27.95,409.91,3811.15,101.58
2021-02-27,,,,112.83,,,,101.58
2021-02-28,,,,112.83,,,,101.58
2021-03-01,1722.5,1118.59,60.54,112.83,23.35,,3901.82,101.84
2021-03-02,1733.1,1125.61,59.7,112.83,24.1,414.8,3870.29,101.84
2021-03-03,1715.3,1123.96,61.33,112.83,26.67,420.27,3819.72,101.84
2021-03-04,1700.2,1124.45,63.81,112.83,28.57,414.17,3768.47,101.84
2021-03-05,1698.0,1124.85,66.08,113.75,24.66,412.0,3841.94,101.84
2021-03-06,,,,113.75,,,,101.84
2021-03-07,,,,113.75,,,,101.84
2021-03-08,1677.7,1132.64,65.03,113.75,25.47,408.34,3821.35,101.84
2021-03-09,1716.6,1140.63,64.02,113.75,24.03,405.79,3875.44,101.84
2021-03-10,1721.5,1139.85,64.45,113.75,22.56,403.48,3898.81,101.84
2021-03-11,1722.3,1135.19,66.02,113.75,21.91,411.02,3939.34,101.84
2021-03-12,1719.5,1133.09,65.59,113.03,20.69,416.13,3943.34,101.84
2021-03-13,,,,113.03,,,,101.84
2021-03-14,,,,113.03,,,,101.84
2021-03-15,1728.9,1136.37,65.36,113.03,20.03,414.18,3968.94,101.84
2021-03-16,1730.6,1129.69,64.82,113.03,19.79,417.31,3962.71,101.84
2021-03-17,1726.8,1130.24,64.55,113.03,19.23,414.01,3974.12,101.84
2021-03-18,1732.2,1123.51,59.95,113.03,21.58,417.06,3915.46,101.84
2021-03-19,1741.4,1130.38,61.43,112.98,20.95,412.91,3913.1,101.84
2021-03-20,,,,112.98,,,,101.84
2021-03-21,,,,112.98,,,,101.84
2021-03-22,1737.8,1128.19,61.48,112.98,18.88,412.64,3940.59,101.84
2021-03-23,1724.7,1128.96,57.75,112.98,20.3,408.71,3910.52,101.84
2021-03-24,1732.9,1133.35,61.12,112.98,21.2,407.1,3889.14,101.84
2021-03-25,1724.9,1133.31,58.47,112.98,19.81,408.53,3909.52,101.84
2021-03-26,1732.2,1129.26,60.93,113.74,18.86,412.89,3974.54,101.84
2021-03-27,,,,113.74,,,,101.84
2021-03-28,,,,113.74,,,,101.84
2021-03-29,1712.1,1133.57,61.49,113.74,20.74,412.05,3971.09,101.84
2021-03-30,1683.9,1133.44,60.55,113.74,19.61,416.61,3958.55,101.84
2021-03-31,1713.8,1126.72,59.19,113.74,19.4,415.04,3972.89,101.84
2021-04-01,1726.5,1131.63,61.41,113.74,17.33,419.42,4019.87,101.98
2021-04-02,,1127.3,,113.73,,423.74,,101.98
2021-04-03,,,,113.73,,,,101.98
2021-04-04,,,,113.73,,,,101.98
2021-04-05,1727.0,1127.34,58.73,113.73,17.91,424.85,4077.91,101.98
2021-04-06,1741.5,1117.12,59.34,113.73,18.12,425.88,4073.94,101.98
2021-04-07,1740.1,1116.21,59.77,113.73,17.16,426.7,4079.95,101.98
2021-04-08,1756.8,1116.96,59.61,113.73,16.95,426.86,4097.17,101.98
2021-04-09,1743.3,1120.84,59.29,113.2,16.69,424.3,4128.8,101.98
2021-04-10,,,,113.2,,,,101.98
2021-04-11,,,,113.2,,,,101.98
2021-04-12,1731.2,1124.6,59.7,113.2,16.91,424.22,4127.99,101.98
2021-04-13,1746.2,1125.63,60.2,113.2,16.65,429.08,4141.59,101.98
2021-04-14,1734.9,1116.43,63.15,113.2,16.99,430.71,4124.66,101.98
2021-04-15,1765.4,1115.04,63.42,113.2,16.57,432.66,4170.42,101.98
2021-04-16,1779.0,1114.93,63.16,112.48,16.25,432.43,4185.47,101.98
2021-04-17,,,,112.48,,,,101.98
2021-04-18,,,,112.48,,,,101.98
2021-04-19,1769.4,1115.03,63.33,112.48,17.29,431.96,4163.26,101.98
2021-04-20,1777.3,1116.68,62.61,112.48,18.68,434.6,4134.94,101.98
2021-04-21,1792.3,1117.8,61.34,112.48,17.5,426.75,4173.42,101.98
2021-04-22,1781.2,1117.3,61.45,112.48,18.71,427.37,4134.98,101.98
2021-04-23,1777.0,1115.1,62.18,112.09,17.33,427.76,4180.17,101.98
2021-04-24,,,,112.09,,,,101.98
2021-04-25,,,,112.09,,,,101.98
2021-04-26,1779.2,1110.88,62.02,112.09,17.64,432.36,4187.62,101.98
2021-04-27,1778.0,1109.6,63.03,112.09,17.56,432.14,4186.72,101.98
2021-04-28,1773.2,1112.28,63.81,112.09,17.28,427.48,4183.18,101.98
2021-04-29,1768.1,1108.54,65.0,112.09,17.61,426.28,4211.47,101.98
2021-04-30,1767.3,1115.58,63.5,112.08,18.61,422.36,4181.17,101.98
2021-05-01,,,,112.08,,,,102.05
2021-05-02,,,,112.08,,,,102.05
2021-05-03,1791.4,1122.88,64.46,112.08,18.31,420.36,4192.66,102.05
2021-05-04,1775.8,1122.05,65.72,112.08,19.48,423.57,4164.66,102.05
2021-05-05,1784.1,1125.82,65.63,112.08,19.15,,4167.59,102.05
2021-05-06,1815.5,1121.94,64.73,112.08,18.39,424.06,4201.62,102.05
2021-05-07,1831.1,1121.06,64.96,111.02,16.69,428.56,4232.6,102.05
2021-05-08,,,,111.02,,,,102.05
2021-05-09,,,,111.02,,,,102.05
2021-05-10,1837.5,1112.28,64.92,111.02,19.66,435.63,4188.43,102.05
2021-05-11,1835.9,1119.38,65.31,111.02,21.84,428.77,4152.1,102.05
2021-05-12,1822.6,1124.33,65.96,111.02,27.59,421.86,4063.04,102.05
2021-05-13,1823.8,1130.35,63.82,111.02,23.13,416.07,4112.5,102.05
2021-05-14,1837.9,1126.76,65.32,111.14,18.81,420.17,4173.85,102.05
2021-05-15,,,,111.14,,,,102.05
2021-05-16,,,,111.14,,,,102.05
2021-05-17,1867.5,1136.03,66.24,111.14,19.72,418.27,4163.29,102.05
2021-05-18,1867.8,1129.67,65.49,111.14,21.34,423.09,4127.83,102.05
2021-05-19,1881.3,1128.18,63.28,111.14,22.18,,4115.68,102.05
2021-05-20,1881.8,1127.74,61.95,111.14,20.67,421.68,4159.12,102.05
2021-05-21,1876.7,1126.59,63.61,111.06,20.15,422.08,4155.86,102.05
2021-05-22,,,,111.06,,,,102.05
2021-05-23,,,,111.06,,,,102.05
2021-05-24,1884.6,1125.28,66.13,111.06,18.4,420.57,4197.05,102.05
2021-05-25,1898.1,1123.21,66.27,111.06,18.84,424.35,4188.13,102.05
2021-05-26,1901.3,1117.63,66.41,111.06,17.36,423.54,4195.99,102.05
2021-05-27,1895.7,1117.47,66.87,111.06,16.74,423.0,4200.88,102.05
2021-05-28,1902.5,1114.48,66.31,110.76,16.76,425.95,4204.11,102.05
2021-05-29,,,,110.76,,,,102.05
2021-05-30,,,,110.76,,,,102.05
2021-05-31,,,,110.76,,427.91,,102.05
2021-06-01,1902.9,1106.43,67.8,110.76,17.9,430.32,4202.04,102.05
2021-06-02,1907.5,1110.37,68.79,110.76,17.48,430.15,4208.12,102.05
2021-06-03,1871.2,1117.63,68.81,110.76,18.04,433.87,4192.85,102.05
2021-06-04,1889.8,1112.03,69.57,110.75,16.42,432.22,4229.89,102.05
2021-06-05,,,,110.75,,,,102.05
2021-06-06,,,,110.75,,,,102.05
2021-06-07,1896.8,1111.01,69.21,110.75,16.42,433.26,4226.52,102.05
2021-06-08,1892.2,1116.43,70.11,110.75,17.07,432.88,4227.26,102.05
2021-06-09,1893.2,1116.58,69.9,110.75,17.89,428.16,4219.55,102.05
2021-06-10,1894.2,1114.17,70.34,110.75,16.1,429.35,4239.18,102.05
2021-06-11,1877.4,1116.57,71.0,111.09,15.65,432.78,4247.44,102.05
2021-06-12,,,,111.09,,,,102.05
2021-06-13,,,,111.09,,,,102.05
2021-06-14,1864.0,1117.57,70.94,111.09,16.39,433.22,4255.15,102.05
2021-06-15,1854.5,1118.33,72.06,111.09,17.02,434.13,4246.59,102.05
2021-06-16,1859.5,1118.42,72.03,111.09,18.15,436.96,4223.7,102.05
2021-06-17,1773.8,1130.14,71.06,111.09,17.75,434.73,4221.86,102.05
2021-06-18,1767.9,1135.28,71.64,113.04,20.7,435.02,4166.45,102.05
2021-06-19,,,,113.04,,,,102.05
2021-06-20,,,,113.04,,,,102.05
2021-06-21,1781.8,1134.19,73.64,113.04,17.89,431.46,4224.79,102.05
2021-06-22,1776.3,1137.07,73.15,113.04,16.66,434.42,4246.44,102.05
2021-06-23,1782.3,1133.89,73.11,113.04,16.32,436.73,4241.84,102.05
2021-06-24,1775.6,1131.5,73.31,113.04,15.97,438.38,4266.49,102.05
2021-06-25,1776.6,1127.36,74.21,111.97,15.62,440.4,4280.7,102.05
2021-06-26,,,,111.97,,,,102.05
2021-06-27,,,,111.97,,,,102.05
2021-06-28,1779.6,1130.29,72.98,111.97,15.76,439.98,4290.61,102.05
2021-06-29,1762.8,1131.68,73.14,111.97,16.02,437.54,4291.8,102.05
2021-06-30,1770.8,1130.42,73.52,111.97,15.83,438.84,4297.5,102.05
2021-07-01,1775.9,1134.37,75.33,111.97,15.48,436.34,4319.94,102.26
2021-07-02,1782.6,1132.42,75.37,112.54,15.07,436.0,4352.34,102.26
2021-07-03,,,,112.54,,,,102.26
2021-07-04,,,,112.54,,,,102.26
2021-07-05,,,,112.54,,437.66,,102.26
2021-07-06,1793.5,1137.17,73.62,112.54,16.44,439.5,4343.54,102.26
2021-07-07,1801.5,1141.26,72.22,112.54,16.2,436.97,4358.13,102.26
2021-07-08,1799.6,1147.96,72.98,112.54,19.0,432.63,4320.82,102.26
2021-07-09,1810.0,1145.08,74.56,112.84,16.18,427.84,4369.55,102.26
2021-07-10,,,,112.84,,,,102.26
2021-07-11,,,,112.84,,,,102.26
2021-07-12,1805.5,1146.29,74.21,112.84,16.17,431.28,4384.63,102.26
2021-07-13,1809.4,1146.29,75.24,112.84,17.12,434.71,4369.21,102.26
2021-07-14,1824.3,1147.43,73.06,112.84,16.33,433.57,4374.3,102.26
2021-07-15,1828.4,1141.21,71.67,112.84,17.01,436.76,4360.03,102.26
2021-07-16,1814.5,1139.35,71.76,113.04,18.45,434.82,4327.16,102.26
2021-07-17,,,,113.04,,,,102.26
2021-07-18,,,,113.04,,,,102.26
2021-07-19,1808.7,1147.17,66.45,113.04,22.5,429.89,4258.49,102.26
2021-07-20,1810.9,1150.45,67.32,113.04,19.73,428.55,4323.06,102.26
2021-07-21,1802.9,1153.03,70.26,113.04,17.91,426.0,4358.69,102.26
2021-07-22,1805.0,1149.99,72.15,113.04,17.69,431.38,4367.48,102.26
2021-07-23,1801.4,1153.53,72.24,113.44,17.2,431.55,4411.79,102.26
2021-07-24,,,,113.44,,,,102.26
2021-07-25,,,,113.44,,,,102.26
2021-07-26,1798.7,1154.75,72.15,113.44,17.58,427.47,4422.3,102.26
2021-07-27,1799.5,1156.32,71.68,113.44,19.36,428.22,4401.46,102.26
2021-07-28,1799.5,1156.27,72.37,113.44,18.31,429.15,4400.64,102.26
2021-07-29,1831.2,1142.09,73.62,113.44,17.7,429.49,4419.15,102.26
2021-07-30,1812.6,1151.86,73.93,112.67,18.24,423.91,4395.26,102.26
2021-07-31,,,,112.67,,,,102.26
2021-08-01,,,,112.67,,,,102.75
2021-08-02,1818.1,1150.72,71.31,112.67,19.46,426.79,4387.16,102.75
2021-08-03,1810.1,1149.45,70.64,112.67,18.04,429.98,4423.15,102.75
2021-08-04,1810.5,1142.99,68.19,112.67,17.97,436.05,4402.66,102.75
2021-08-05,1805.1,1142.53,69.1,112.67,17.28,434.74,4429.1,102.75
2021-08-06,1760.0,1145.87,68.26,113.31,16.15,433.29,4436.52,102.75
2021-08-07,,,,113.31,,,,102.75
2021-08-08,,,,113.31,,,,102.75
2021-08-09,1723.4,1145.83,66.56,113.31,16.72,431.65,4432.35,102.75
2021-08-10,1728.8,1152.5,68.33,113.31,16.79,428.56,4436.75,102.75
2021-08-11,1750.4,1156.09,69.3,113.31,16.06,424.74,4442.41,102.75
2021-08-12,1749.0,1162.78,69.12,113.31,15.59,422.38,4460.83,102.75
2021-08-13,1775.2,1168.36,68.36,113.06,15.45,416.06,4468.0,102.75
2021-08-14,,,,113.06,,,,102.75
2021-08-15,,,,113.06,,,,102.75
2021-08-16,1786.9,1166.78,67.44,113.06,16.12,,4479.71,102.75
2021-08-17,1785.0,1177.08,66.5,113.06,17.91,411.31,4448.08,102.75
2021-08-18,1781.6,1170.18,65.36,113.06,21.57,413.36,4400.27,102.75
2021-08-19,1780.2,1173.89,63.69,113.06,21.67,404.96,4405.8,102.75
2021-08-20,1781.0,1180.4,62.25,114.5,18.56,400.78,4441.67,102.75
2021-08-21,,,,114.5,,,,102.75
2021-08-22,,,,114.5,,,,102.75
2021-08-23,1803.2,1169.73,65.65,114.5,17.15,404.58,4479.53,102.75
2021-08-24,1805.6,1165.43,67.5,114.5,17.22,412.48,4486.23,102.75
2021-08-25,1788.2,1164.24,68.54,114.5,16.79,413.95,4496.19,102.75
2021-08-26,1792.2,1169.88,67.42,114.5,18.84,410.38,4470.0,102.75
2021-08-27,1816.6,1162.5,68.84,113.34,16.39,410.24,4509.37,102.75
2021-08-28,,,,113.34,,,,102.75
2021-08-29,,,,113.34,,,,102.75
2021-08-30,1809.0,1166.33,69.28,113.34,16.19,411.5,4528.79,102.75
2021-08-31,1815.0,1158.32,68.43,113.34,16.48,419.79,4522.68,102.75
2021-09-01,1813.1,1156.03,68.63,113.34,16.11,419.92,4524.09,103.17
2021-09-02,1808.7,1160.95,70.07,113.34,16.41,415.89,4536.95,103.17
2021-09-03,1830.9,1155.44,69.34,112.55,16.41,419.22,4535.43,103.17
2021-09-04,,,,112.55,,,,103.17
2021-09-05,,,,112.55,,,,103.17
2021-09-06,,,,112.55,,420.37,,103.17
2021-09-07,1795.9,1162.88,68.49,112.55,18.14,417.8,4520.03,103.17
2021-09-08,1790.7,1166.21,69.36,112.55,17.96,414.54,4514.07,103.17
2021-09-09,1797.4,1169.61,68.26,112.55,18.8,407.28,4493.28,103.17
2021-09-10,1789.6,1169.63,69.82,112.94,20.95,408.7,4458.58,103.17
2021-09-11,,,,112.94,,,,103.17
2021-09-12,,,,112.94,,,,103.17
2021-09-13,1792.0,1173.33,70.54,112.94,19.37,409.7,4468.73,103.17
2021-09-14,1804.7,1170.71,70.53,112.94,19.46,412.36,4443.05,103.17
2021-09-15,1792.4,1168.58,72.59,112.94,18.18,412.85,4480.7,103.17
2021-09-16,1754.6,1171.23,72.69,112.94,18.69,409.22,4473.75,103.17
2021-09-17,1749.4,1175.34,72.09,113.6,20.81,410.99,4432.99,103.17
2021-09-18,,,,113.6,,,,103.17
2021-09-19,,,,113.6,,,,103.17
2021-09-20,1761.8,1186.73,70.41,113.6,25.71,,4357.73,103.17
2021-09-21,1776.0,1185.15,70.51,113.6,24.36,,4354.19,103.17
2021-09-22,1776.7,1182.41,72.37,113.6,20.87,,4395.64,103.17
2021-09-23,1747.7,1173.48,73.43,113.6,18.63,410.46,4448.98,103.17
2021-09-24,1749.7,1176.53,74.18,113.76,17.75,409.84,4455.48,103.17
2021-09-25,,,,113.76,,,,103.17
2021-09-26,,,,113.76,,,,103.17
2021-09-27,1750.0,1175.9,75.54,113.76,18.76,410.97,4443.11,103.17
2021-09-28,1735.8,1183.61,75.44,113.76,23.25,406.2,4352.63,103.17
2021-09-29,1721.5,1181.75,75.06,113.76,22.56,400.09,4359.46,103.17
2021-09-30,1755.3,1183.7,75.22,113.76,23.14,401.3,4307.54,103.17
2021-10-01,1757.0,1187.24,76.01,114.38,21.15,394.79,4357.04,103.35
2021-10-02,,,,114.38,,,,103.35
2021-10-03,,,,114.38,,,,103.35
2021-10-04,1766.2,1182.4,77.68,114.38,22.96,,4300.46,103.35
2021-10-05,1759.6,1188.31,79.17,114.38,21.3,388.01,4345.72,103.35
2021-10-06,1760.5,1192.6,77.66,114.38,21.0,381.93,4363.55,103.35
2021-10-07,1757.9,1190.76,78.46,114.38,19.54,388.14,4399.76,103.35
2021-10-08,1756.3,1194.58,79.55,114.6,18.77,387.42,4391.34,103.35
2021-10-09,,,,114.6,,,,103.35
2021-10-10,,,,114.6,,,,103.35
2021-10-11,1754.6,,80.64,114.6,20.0,,4361.19,103.35
2021-10-12,1758.3,1198.72,80.75,114.6,19.85,380.69,4350.65,103.35
2021-10-13,1793.7,1193.89,80.67,114.6,18.64,384.1,4363.8,103.35
2021-10-14,1796.7,1186.3,81.43,114.6,16.86,389.59,4438.26,103.35
2021-10-15,1767.2,1182.34,82.39,114.09,16.3,393.19,4471.37,103.35
2021-10-16,,,,114.09,,,,103.35
2021-10-17,,,,114.09,,,,103.35
2021-10-18,1764.8,1187.55,82.62,114.09,16.31,392.02,4486.46,103.35
2021-10-19,1769.7,1175.32,83.19,114.09,15.7,395.41,4519.63,103.35
2021-10-20,1784.1,1175.05,84.4,114.09,15.49,393.74,4536.19,103.35
2021-10-21,1781.2,1177.25,82.64,114.09,15.01,393.18,4549.78,103.35
2021-10-22,1795.5,1176.85,84.53,113.67,15.43,393.34,4544.9,103.35
2021-10-23,,,,113.67,,,,103.35
2021-10-24,,,,113.67,,,,103.35
2021-10-25,1806.0,1167.59,84.64,113.67,15.24,395.01,4566.48,103.35
2021-10-26,1792.7,1167.58,85.64,113.67,15.98,399.07,4574.79,103.35
2021-10-27,1797.9,1171.19,82.66,113.67,16.98,395.48,4551.68,103.35
2021-10-28,1801.6,1167.34,82.78,113.67,16.53,393.89,4596.42,103.35
2021-10-29,1783.0,1174.94,83.5,114.13,16.26,388.47,4605.38,103.35
2021-10-30,,,,114.13,,,,103.35
2021-10-31,,,,114.13,,,,103.35
2021-11-01,1795.1,1177.73,84.08,114.13,16.41,389.81,4613.67,103.87
2021-11-02,1788.7,1177.04,83.91,114.13,16.03,394.82,4630.65,103.87
2021-11-03,1763.6,1184.56,80.82,114.13,15.1,389.48,4660.57,103.87
2021-11-04,1793.0,1186.77,78.88,114.13,15.44,391.54,4680.06,103.87
2021-11-05,1816.4,1183.28,81.25,114.07,16.48,389.86,4697.53,103.87
2021-11-06,,,,114.07,,,,103.87
2021-11-07,,,,114.07,,,,103.87
2021-11-08,1827.4,1180.64,81.96,114.07,17.22,389.59,4701.7,103.87
2021-11-09,1830.2,1178.64,84.12,114.07,17.78,390.36,4685.25,103.87
2021-11-10,1847.6,1181.16,81.23,114.07,18.73,386.24,4646.71,103.87
2021-11-11,1863.2,,81.47,114.07,17.66,385.97,4649.27,103.87
2021-11-12,1867.9,1179.23,80.87,114.51,16.29,390.38,4682.85,103.87
2021-11-13,,,,114.51,,,,103.87
2021-11-14,,,,114.51,,,,103.87
2021-11-15,1866.1,1181.61,80.85,114.51,16.49,394.36,4682.8,103.87
2021-11-16,1853.6,1183.3,80.76,114.51,16.37,394.07,4700.9,103.87
2021-11-17,1869.7,1182.4,78.32,114.51,17.11,389.44,4688.67,103.87
2021-11-18,1861.0,1183.42,78.92,114.51,17.59,387.44,4704.54,103.87
2021-11-19,1851.2,1184.93,76.11,115.22,17.91,390.53,4697.96,103.87
2021-11-20,,,,115.22,,,,103.87
2021-11-21,,,,115.22,,,,103.87
2021-11-22,1806.0,1185.33,76.74,115.22,19.17,399.07,4682.94,103.87
2021-11-23,1783.5,1190.31,78.32,115.22,19.38,396.44,4690.7,103.87
2021-11-24,1784.1,1186.01,78.32,115.22,18.58,395.4,4701.46,103.87
2021-11-25,,,,115.22,,391.93,,103.87
2021-11-26,1785.3,1194.43,,116.51,28.62,385.07,4594.62,103.87
2021-11-27,,,,116.51,,,,103.87
2021-11-28,,,,116.51,,,,103.87
2021-11-29,1782.3,1192.96,69.88,116.51,22.96,381.63,4655.27,103.87
2021-11-30,1773.6,1187.45,66.14,116.51,27.19,373.24,4567.0,103.87
2021-12-01,1781.6,1187.45,65.44,116.51,31.12,383.13,4513.04,104.04
2021-12-02,1760.7,1175.18,66.6,116.51,27.95,389.64,4577.1,104.04
2021-12-03,1782.0,1179.84,66.39,116.24,30.67,391.96,4538.43,104.04
2021-12-04,,,,116.24,,,,104.04
2021-12-05,,,,116.24,,,,104.04
2021-12-06,1777.5,1182.29,69.62,116.24,27.18,392.85,4591.67,104.04
2021-12-07,1782.6,1179.24,71.94,116.24,21.89,396.31,4686.75,104.04
2021-12-08,1783.4,1175.19,72.43,116.24,19.9,397.27,4701.21,104.04
2021-12-09,1774.6,1173.59,70.87,116.24,21.58,401.13,4667.45,104.04
2021-12-10,1782.9,1180.99,71.71,115.57,18.69,397.97,4712.02,104.04
2021-12-11,,,,115.57,,,,104.04
2021-12-12,,,,115.57,,,,104.04
2021-12-13,1786.3,1184.19,71.19,115.57,20.31,397.27,4668.97,104.04
2021-12-14,1770.4,1182.7,70.57,115.57,21.89,395.41,4634.09,104.04
2021-12-15,1762.6,1186.06,70.89,115.57,19.29,395.66,4709.85,104.04
2021-12-16,1796.6,1183.59,72.34,115.57,20.57,397.68,4668.67,104.04
2021-12-17,1803.8,1181.03,70.93,115.79,21.57,398.96,4620.64,104.04
2021-12-18,,,,115.79,,,,104.04
2021-12-19,,,,115.79,,,,104.04
2021-12-20,1793.7,1191.07,68.69,115.79,22.87,391.37,4568.02,104.04
2021-12-21,1787.9,1192.35,71.1,115.79,21.01,393.95,4649.23,104.04
2021-12-22,1801.6,1190.21,72.82,115.79,18.63,396.07,4696.56,104.04
2021-12-23,1811.2,1187.59,73.89,115.79,17.96,398.15,4725.79,104.04
2021-12-24,,,,115.53,,400.53,,104.04
2021-12-25,,,,115.53,,,,104.04
2021-12-26,,,,115.53,,,,104.04
2021-12-27,1808.1,1186.82,75.49,115.53,17.68,398.61,4791.19,104.04
2021-12-28,1810.2,1188.15,76.01,115.53,17.54,401.21,4786.35,104.04
2021-12-29,1805.1,1185.51,76.58,115.53,16.95,396.72,4793.06,104.04
2021-12-30,1812.7,1188.59,76.83,115.53,17.33,394.19,4778.73,104.04
2021-12-31,1827.5,,75.33,115.28,17.22,,4766.18,104.04
2022-01-01,,,,115.28,,,,104.85
2022-01-02,,,,115.28,,,,104.85
2022-01-03,1799.4,1191.39,75.99,115.28,16.6,,4796.56,104.85
2022-01-04,1814.0,1193.77,77.0,115.28,16.91,395.4,4793.54,104.85
2022-01-05,1824.6,1196.38,77.83,115.28,19.73,390.39,4700.58,104.85
2022-01-06,1788.7,1205.02,79.47,115.28,19.61,386.22,4696.05,104.85
2022-01-07,1797.0,1200.78,79.0,115.05,18.76,390.85,4677.03,104.85
2022-01-08,,,,115.05,,,,104.85
2022-01-09,,,,115.05,,,,104.85
2022-01-10,1798.4,1199.13,78.11,115.05,19.4,387.52,4670.29,104.85
2022-01-11,1818.6,1194.62,81.17,115.05,18.41,388.97,4713.07,104.85
2022-01-12,1827.2,1187.34,82.51,115.05,17.62,394.66,4726.35,104.85
2022-01-13,1821.2,1187.95,81.97,115.05,20.31,393.0,4659.03,104.85
2022-01-14,1816.5,1186.96,83.82,114.38,19.19,387.45,4662.85,104.85
2022-01-15,,,,114.38,,,,104.85
2022-01-16,,,,114.38,,,,104.85
2022-01-17,,,,114.38,,383.81,,104.85
2022-01-18,1812.3,1192.74,85.42,114.38,22.79,381.01,4577.11,104.85
2022-01-19,1843.1,1188.51,86.84,114.38,23.85,378.21,4532.76,104.85
2022-01-20,1842.5,1191.96,86.29,114.38,25.59,380.39,4482.73,104.85
2022-01-21,1831.8,1193.87,85.16,114.61,28.85,376.08,4397.94,104.85
2022-01-22,,,,114.61,,,,104.85
2022-01-23,,,,114.61,,,,104.85
2022-01-24,1841.7,1195.68,84.48,114.61,29.9,371.3,4410.13,104.85
2022-01-25,1852.7,1198.66,86.61,114.61,31.16,362.39,4356.45,104.85
2022-01-26,1829.9,1197.46,88.33,114.61,31.96,360.83,4349.93,104.85
2022-01-27,1793.3,1202.65,87.61,114.61,30.49,348.58,4326.51,104.85
2022-01-28,1784.9,1209.04,87.67,116.04,27.66,357.98,4431.85,104.85
2022-01-29,,,,116.04,,,,104.85
2022-01-30,,,,116.04,,,,104.85
2022-01-31,1795.0,1206.78,89.16,116.04,24.83,,4515.55,104.85
2022-02-01,1800.3,1209.44,88.22,116.04,21.96,,4546.54,105.42
2022-02-02,1809.2,1201.7,88.16,116.04,22.09,,4589.38,105.42
2022-02-03,1803.0,1206.35,90.17,116.04,24.35,361.6,4477.44,105.42
2022-02-04,1806.6,1199.43,92.27,115.14,23.22,366.34,4500.53,105.42
2022-02-05,,,,115.14,,,,105.42
2022-02-06,,,,115.14,,,,105.42
2022-02-07,1820.6,1198.64,91.25,115.14,22.86,362.92,4483.87,105.42
2022-02-08,1826.6,1198.05,89.32,115.14,21.44,363.48,4521.54,105.42
2022-02-09,1835.2,1196.36,89.57,115.14,19.96,368.65,4587.18,105.42
2022-02-10,1836.2,1196.31,89.83,115.14,23.91,371.57,4504.08,105.42
2022-02-11,1840.8,1198.72,93.1,114.84,27.36,368.61,4418.64,105.42
2022-02-12,,,,114.84,,,,105.42
2022-02-13,,,,114.84,,,,105.42
2022-02-14,1868.0,1196.21,95.52,114.84,28.33,362.98,4401.67,105.42
2022-02-15,1854.8,1199.78,92.07,114.84,25.7,360.43,4471.07,105.42
2022-02-16,1870.2,1197.51,93.83,114.84,24.29,367.3,4475.01,105.42
2022-02-17,1900.7,1197.39,91.78,114.84,28.11,369.55,4380.26,105.42
2022-02-18,1898.6,1195.4,91.26,114.8,27.75,368.55,4348.87,105.42
2022-02-19,,,,114.8,,,,105.42
2022-02-20,,,,114.8,,,,105.42
2022-02-21,,,,114.8,,368.29,,105.42
2022-02-22,1906.1,1192.07,92.11,114.8,28.81,363.51,4304.76,105.42
2022-02-23,1909.2,1193.42,92.14,114.8,31.02,364.44,4225.5,105.42
2022-02-24,1925.1,1202.34,92.77,114.8,30.32,355.04,4288.7,105.42
2022-02-25,1886.5,1201.93,91.68,115.26,27.59,358.44,4384.65,105.42
2022-02-26,,,,115.26,,,,105.42
2022-02-27,,,,115.26,,,,105.42
2022-02-28,1899.4,1202.28,96.13,115.26,30.15,361.54,4373.94,105.42
2022-03-01,1942.4,1204.34,103.66,115.26,33.32,,4306.26,106.1
2022-03-02,1920.9,1205.58,110.74,115.26,30.74,360.59,4386.54,106.1
2022-03-03,1934.4,1204.35,107.69,115.26,30.48,367.06,4363.49,106.1
2022-03-04,1965.1,1213.71,115.77,116.65,31.98,361.69,4328.87,106.1
2022-03-05,,,,116.65,,,,106.1
2022-03-06,,,,116.65,,,,106.1
2022-03-07,1993.9,1226.78,119.26,116.65,36.45,353.03,4201.09,106.1
2022-03-08,2040.1,1237.18,123.64,116.65,35.13,349.38,4170.7,106.1
2022-03-09,1985.9,1234.01,108.81,116.65,32.45,,4277.88,106.1
2022-03-10,1998.1,1228.21,105.93,116.65,30.23,358.01,4259.52,106.1
2022-03-11,1982.7,1231.47,109.31,117.02,30.75,355.31,4204.31,106.1
2022-03-12,,,,117.02,,,,106.1
2022-03-13,,,,117.02,,,,106.1
2022-03-14,1959.6,1241.46,103.22,117.02,31.77,354.61,4173.11,106.1
2022-03-15,1928.5,1242.65,96.42,117.02,29.83,351.03,4262.45,106.1
2022-03-16,1908.0,1228.04,94.85,117.02,26.67,356.09,4357.86,106.1
2022-03-17,1942.1,1214.33,102.97,117.02,25.67,361.46,4411.67,106.1
2022-03-18,1928.2,1212.2,104.69,116.14,23.87,362.33,4463.12,106.1
2022-03-19,,,,116.14,,,,106.1
2022-03-20,,,,116.14,,,,106.1
2022-03-21,1928.6,1216.12,112.14,116.14,23.53,358.77,4461.18,106.1
2022-03-22,1920.7,1217.09,111.03,116.14,22.94,361.66,4511.61,106.1
2022-03-23,1936.6,1217.92,114.89,116.14,23.57,364.84,4456.24,106.1
2022-03-24,1961.6,1220.45,114.2,116.14,21.67,363.38,4520.16,106.1
2022-03-25,1953.8,1218.77,116.2,115.79,20.81,362.06,4543.06,106.1
2022-03-26,,,,115.79,,,,106.1
2022-03-27,,,,115.79,,,,106.1
2022-03-28,1939.6,1225.46,107.55,115.79,19.63,362.06,4575.52,106.1
2022-03-29,1912.0,1219.21,104.25,115.79,18.9,363.77,4631.6,106.1
2022-03-30,1933.5,1208.46,107.81,115.79,19.33,364.5,4602.45,106.1
2022-03-31,1949.2,1211.55,100.53,115.79,20.56,365.61,4530.41,106.1
2022-04-01,1919.1,1215.29,99.32,115.48,19.63,363.19,4545.86,106.83
2022-04-02,,,,115.48,,,,106.83
2022-04-03,,,,115.48,,,,106.83
2022-04-04,1929.2,1214.72,103.29,115.48,18.57,364.94,4582.64,106.83
2022-04-05,1922.9,1212.55,101.98,115.48,21.03,364.74,4525.12,106.83
2022-04-06,1918.4,1212.55,96.39,115.48,22.1,361.01,4481.15,106.83
2022-04-07,1933.8,1218.96,96.05,115.48,21.55,355.73,4500.21,106.83
2022-04-08,1941.6,1225.13,98.35,116.42,21.16,356.01,4488.28,106.83
2022-04-09,,,,116.42,,,,106.83
2022-04-10,,,,116.42,,,,106.83
2022-04-11,1944.3,1233.38,94.22,116.42,24.37,355.78,4412.53,106.83
2022-04-12,1972.1,1236.03,100.52,116.42,24.26,352.32,4397.45,106.83
2022-04-13,1981.0,1227.17,104.26,116.42,21.82,359.0,4446.59,106.83
2022-04-14,1970.9,1224.18,106.84,116.42,22.7,357.38,4392.59,106.83
2022-04-15,,1227.97,,116.7,,353.84,,106.83
2022-04-16,,,,116.7,,,,106.83
2022-04-17,,,,116.7,,,,106.83
2022-04-18,1982.9,1233.73,108.24,116.7,22.17,353.63,4391.69,106.83
2022-04-19,1955.7,1236.53,102.54,116.7,21.37,357.36,4462.21,106.83
2022-04-20,1952.3,1235.28,102.56,116.7,20.32,357.52,4459.45,106.83
2022-04-21,1944.9,1238.13,103.89,116.7,22.68,359.02,4393.66,106.83
2022-04-22,1931.0,1239.66,102.86,118.02,28.21,355.43,4271.78,106.83
2022-04-23,,,,118.02,,,,106.83
2022-04-24,,,,118.02,,,,106.83
2022-04-25,1893.2,1249.87,99.6,118.02,27.02,348.98,4296.12,106.83
2022-04-26,1901.4,1260.37,102.62,118.02,33.52,350.67,4175.2,106.83
2022-04-27,1885.9,1269.35,101.96,118.02,31.6,346.21,4183.96,106.83
2022-04-28,1888.7,1271.5,105.47,118.02,29.99,350.16,4287.5,106.83
2022-04-29,1909.3,1255.87,104.59,119.49,33.4,355.08,4131.93,106.83
2022-04-30,,,,119.49,,,,106.83
2022-05-01,,,,119.49,,,,107.5
2022-05-02,1861.8,1265.24,105.18,119.49,32.34,354.02,4155.38,107.5
2022-05-03,1868.8,1267.82,102.53,119.49,29.25,353.32,4175.48,107.5
2022-05-04,1867.0,1265.22,107.84,119.49,25.42,353.85,4300.17,107.5
2022-05-05,1874.0,1256.05,108.17,119.49,31.2,,4146.87,107.5
2022-05-06,1881.2,1272.58,109.72,119.86,30.19,349.0,4123.34,107.5
2022-05-07,,,,119.86,,,,107.5
2022-05-08,,,,119.86,,,,107.5
2022-05-09,1857.1,1276.29,103.08,119.86,34.75,,3991.24,107.5
2022-05-10,1839.9,1275.02,99.74,119.86,32.99,343.67,4001.05,107.5
2022-05-11,1852.6,1275.04,105.5,119.86,32.56,343.44,3935.18,107.5
2022-05-12,1823.8,1288.65,106.15,119.86,31.77,337.94,3930.08,107.5
2022-05-13,1807.4,1283.51,110.52,120.84,28.87,345.5,4023.89,107.5
2022-05-14,,,,120.84,,,,107.5
2022-05-15,,,,120.84,,,,107.5
2022-05-16,1813.5,1284.79,114.07,120.84,27.47,343.94,4008.01,107.5
2022-05-17,1818.2,1274.33,112.31,120.84,26.1,347.53,4088.85,107.5
2022-05-18,1815.9,1266.36,109.67,120.84,30.96,348.34,3923.68,107.5
2022-05-19,1841.2,1276.91,112.21,120.84,29.35,343.24,3900.79,107.5
2022-05-20,1841.8,1267.87,112.63,119.37,29.43,349.29,3901.36,107.5
2022-05-21,,,,119.37,,,,107.5
2022-05-22,,,,119.37,,,,107.5
2022-05-23,1847.8,1263.85,110.32,119.37,28.48,350.34,3973.75,107.5
2022-05-24,1865.1,1265.97,112.55,119.37,29.45,344.08,3941.48,107.5
2022-05-25,1846.2,1264.58,112.88,119.37,28.37,345.6,3978.73,107.5
2022-05-26,1847.4,1267.83,116.19,119.37,27.5,344.26,4057.84,107.5
2022-05-27,1851.3,1250.13,114.96,118.28,25.72,348.04,4158.24,107.5
2022-05-28,,,,118.28,,,,107.5
2022-05-29,,,,118.28,,,,107.5
2022-05-30,,,,118.28,26.54,352.49,,107.5
2022-05-31,1842.7,1236.93,114.38,118.28,26.19,354.54,4132.15,107.5
2022-06-01,1843.3,1246.52,115.26,118.28,25.69,,4101.23,108.21
2022-06-02,1866.5,1252.03,116.88,118.28,24.72,350.51,4176.82,108.21
2022-06-03,1845.4,1242.23,118.97,118.22,24.79,352.01,4108.54,108.21
2022-06-04,,,,118.22,,,,108.21
2022-06-05,,,,118.22,,,,108.21
2022-06-06,1839.2,1253.52,118.41,118.22,25.07,,4121.43,108.21
2022-06-07,1847.5,1255.32,119.55,118.22,24.02,345.67,4160.68,108.21
2022-06-08,1851.9,1253.5,121.94,118.22,23.96,346.22,4115.77,108.21
2022-06-09,1848.8,1256.91,121.52,118.22,26.09,346.62,4017.82,108.21
2022-06-10,1871.5,1268.01,120.73,120.0,27.75,341.89,3900.86,108.21
2022-06-11,,,,120.0,,,,108.21
2022-06-12,,,,120.0,,,,108.21
2022-06-13,1828.0,1283.69,120.92,120.0,34.02,329.88,3749.63,108.21
2022-06-14,1809.5,1285.87,118.92,120.0,32.69,328.23,3735.48,108.21
2022-06-15,1815.3,1290.05,115.32,120.0,29.62,322.21,3789.99,108.21
2022-06-16,1845.7,1286.76,117.56,120.0,32.95,322.25,3666.77,108.21
2022-06-17,1835.6,1287.36,109.56,121.24,31.13,320.09,3674.84,108.21
2022-06-18,,,,121.24,,,,108.21
2022-06-19,,,,121.24,,,,108.21
2022-06-20,,,,121.24,31.03,314.44,,108.21
2022-06-21,1834.6,1293.25,110.49,121.24,30.19,316.38,3764.79,108.21
2022-06-22,1834.3,1297.21,106.22,121.24,28.95,308.08,3759.89,108.21
2022-06-23,1825.7,1300.86,105.75,121.24,29.05,305.45,3795.73,108.21
2022-06-24,1826.5,1298.71,109.07,120.49,27.23,312.07,3911.74,108.21
2022-06-25,,,,120.49,,,,108.21
2022-06-26,,,,120.49,,,,108.21
2022-06-27,1820.9,1286.2,111.44,120.49,26.95,316.2,3900.11,108.21
2022-06-28,1817.5,1290.18,113.66,120.49,28.36,319.11,3821.55,108.21
2022-06-29,1813.7,1298.39,111.65,120.49,28.16,312.86,3818.83,108.21
2022-06-30,1804.1,1298.95,107.76,120.49,28.71,307.2,3785.38,108.21
2022-07-01,1798.9,1297.18,110.3,121.51,26.7,304.02,3825.33,108.73
2022-07-02,,,,121.51,,,,108.73
2022-07-03,,,,121.51,,,,108.73
2022-07-04,,,,121.51,27.53,304.01,,108.73
2022-07-05,1761.8,1299.69,101.55,121.51,27.54,309.03,3831.39,108.73
2022-07-06,1734.9,1307.1,100.31,121.51,26.73,302.28,3845.08,108.73
2022-07-07,1737.9,1299.51,104.62,121.51,26.08,308.31,3902.62,108.73
2022-07-08,1740.6,1299.51,106.78,122.47,24.64,310.15,3899.38,108.73
2022-07-09,,,,122.47,,,,108.73
2022-07-10,,,,122.47,,,,108.73
2022-07-11,1730.0,1308.9,106.09,122.47,26.17,308.29,3854.43,108.73
2022-07-12,1723.3,1311.91,97.69,122.47,27.29,305.03,3818.8,108.73
2022-07-13,1734.2,1306.65,98.44,122.47,26.82,306.59,3801.78,108.73
2022-07-14,1704.5,1311.76,97.79,122.47,26.4,305.35,3790.38,108.73
2022-07-15,1702.4,1321.15,99.59,123.48,24.23,307.91,3863.16,108.73
2022-07-16,,,,123.48,,,,108.73
2022-07-17,,,,123.48,,,,108.73
2022-07-18,1709.2,1316.7,104.48,123.48,25.3,314.87,3830.85,108.73
2022-07-19,1710.0,1313.52,106.12,123.48,24.5,313.9,3936.69,108.73
2022-07-20,1699.5,1313.1,104.45,123.48,23.88,316.02,3959.9,108.73
2022-07-21,1712.7,1307.58,98.44,123.48,23.11,319.68,3998.95,108.73
2022-07-22,1727.1,1312.82,97.71,122.45,23.03,317.33,3961.63,108.73
2022-07-23,,,,122.45,,,,108.73
2022-07-24,,,,122.45,,,,108.73
2022-07-25,1719.0,1313.27,99.83,122.45,23.36,318.34,3966.84,108.73
2022-07-26,1717.7,1308.33,97.74,122.45,24.69,319.61,3921.05,108.73
2022-07-27,1719.1,1313.14,100.03,122.45,23.24,319.74,4023.61,108.73
2022-07-28,1750.3,1299.69,99.11,122.45,22.33,321.62,4072.43,108.73
2022-07-29,1762.9,1299.08,101.31,121.77,21.33,323.31,4130.29,108.73
2022-07-30,,,,121.77,,,,108.73
2022-07-31,,,,121.77,,,,108.73
2022-08-01,1769.0,1304.18,96.59,121.77,22.84,322.97,4118.63,108.63
2022-08-02,1771.1,1304.89,97.14,121.77,23.93,321.64,4091.19,108.63
2022-08-03,1758.0,1310.69,93.25,121.77,21.95,323.8,4155.17,108.63
2022-08-04,1788.5,1310.2,91.29,121.77,21.44,325.47,4151.94,108.63
2022-08-05,1772.9,1298.22,91.77,122.32,21.15,327.5,4145.19,108.63
2022-08-06,,,,122.32,,,,108.63
2022-08-07,,,,122.32,,,,108.63
2022-08-08,1786.8,1306.11,93.52,122.32,21.29,327.23,4140.06,108.63
2022-08-09,1794.0,1304.5,93.18,122.32,21.77,328.11,4122.47,108.63
2022-08-10,1795.6,1310.54,94.68,122.32,19.74,324.35,4210.24,108.63
2022-08-11,1789.7,1302.72,97.02,122.32,20.2,329.92,4207.27,108.63
2022-08-12,1798.6,1302.13,94.86,121.02,19.53,330.67,4280.15,108.63
2022-08-13,,,,121.02,,,,108.63
2022-08-14,,,,121.02,,,,108.63
2022-08-15,1781.4,1305.85,92.24,121.02,19.95,,4297.14,108.63
2022-08-16,1773.2,1308.54,89.23,121.02,19.69,331.78,4305.2,108.63
2022-08-17,1760.3,1310.16,90.85,121.02,19.9,329.91,4274.04,108.63
2022-08-18,1755.3,1319.94,93.2,121.02,19.56,328.8,4283.74,108.63
2022-08-19,1747.6,1325.5,93.55,123.05,20.6,326.79,4228.48,108.63
2022-08-20,,,,123.05,,,,108.63
2022-08-21,,,,123.05,,,,108.63
2022-08-22,1734.0,1339.4,93.42,123.05,23.8,322.77,4137.99,108.63
2022-08-23,1746.8,1339.4,96.46,123.05,24.11,318.69,4128.73,108.63
2022-08-24,1747.8,1342.05,95.52,123.05,22.82,319.86,4140.77,108.63
2022-08-25,1757.7,1335.46,93.33,123.05,21.78,323.63,4199.12,108.63
2022-08-26,1736.1,1331.17,93.63,123.07,25.56,323.91,4057.66,108.63
2022-08-27,,,,123.07,,,,108.63
2022-08-28,,,,123.07,,,,108.63
2022-08-29,1736.6,1349.8,97.4,123.07,26.21,316.35,4030.61,108.63
2022-08-30,1723.2,1346.37,92.08,123.07,26.21,319.49,3986.16,108.63
2022-08-31,1712.8,1338.66,90.09,123.07,25.87,322.96,3955.0,108.63
2022-09-01,1696.6,1354.34,87.09,123.07,25.56,315.02,3966.85,108.82
2022-09-02,1709.8,1362.2,87.29,123.77,25.47,312.92,3924.26,108.82
2022-09-03,,,,123.77,,,,108.82
2022-09-04,,,,123.77,,,,108.82
2022-09-05,,,,123.77,25.99,312.47,,108.82
2022-09-06,1700.4,1378.95,87.35,123.77,26.91,313.01,3908.19,108.82
2022-09-07,1715.3,1383.72,82.5,123.77,24.64,308.16,3979.87,108.82
2022-09-08,1708.0,1380.51,84.04,123.77,23.61,309.12,4006.18,108.82
2022-09-09,1716.2,1376.74,87.27,123.79,22.79,,4067.36,108.82
2022-09-10,,,,123.79,,,,108.82
2022-09-11,,,,123.79,,,,108.82
2022-09-12,1728.1,1377.38,88.18,123.79,23.87,,4110.41,108.82
2022-09-13,1705.0,1373.76,87.84,123.79,27.27,318.56,3932.69,108.82
2022-09-14,1696.5,1391.1,88.88,123.79,26.16,312.74,3946.01,108.82
2022-09-15,1665.4,1393.93,85.72,123.79,26.27,310.63,3901.35,108.82
2022-09-16,1671.7,1384.48,85.57,124.88,26.3,308.69,3873.33,108.82
2022-09-17,,,,124.88,,,,108.82
2022-09-18,,,,124.88,,,,108.82
2022-09-19,1666.2,1393.05,86.15,124.88,25.76,306.49,3899.89,108.82
2022-09-20,1659.7,1389.86,84.69,124.88,27.16,307.54,3855.93,108.82
2022-09-21,1664.6,1395.92,83.38,124.88,27.99,304.67,3789.93,108.82
2022-09-22,1670.8,1412.29,84.02,124.88,27.35,301.65,3757.99,108.82
2022-09-23,1645.3,1409.42,79.07,127.29,29.92,297.74,3693.23,108.82
2022-09-24,,,,127.29,,,,108.82
2022-09-25,,,,127.29,,,,108.82
2022-09-26,1623.3,1432.47,77.17,127.29,32.26,289.77,3655.04,108.82
2022-09-27,1626.7,1422.39,78.91,127.29,32.6,290.2,3647.29,108.82
2022-09-28,1660.4,1440.5,82.61,127.29,30.18,283.19,3719.04,108.82
2022-09-29,1658.5,1439.15,81.78,127.29,31.84,282.65,3640.47,108.82
2022-09-30,1662.4,1431.67,79.91,127.51,31.62,281.36,3585.62,108.82
2022-10-01,,,,127.51,,,,109.16
2022-10-02,,,,127.51,,,,109.16
2022-10-03,1692.9,1434.83,84.05,127.51,30.1,,3678.43,109.16
2022-10-04,1721.1,1425.75,86.87,127.51,29.07,288.27,3790.93,109.16
2022-10-05,1711.4,1410.74,88.22,127.51,28.55,289.05,3783.28,109.16
2022-10-06,1711.7,1402.33,88.9,127.51,30.52,291.26,3744.52,109.16
2022-10-07,1700.5,1412.54,93.07,127.31,31.36,290.41,3639.66,109.16
2022-10-08,,,,127.31,,,,109.16
2022-10-09,,,,127.31,,,,109.16
2022-10-10,1667.3,,91.6,127.31,32.45,,3612.39,109.16
2022-10-11,1678.7,1435.36,89.75,127.31,33.63,284.96,3588.84,109.16
2022-10-12,1670.3,1423.81,87.83,127.31,33.57,287.09,3577.03,109.16
2022-10-13,1670.0,1430.4,89.59,127.31,31.94,282.57,3669.91,109.16
2022-10-14,1641.7,1428.06,86.1,128.33,32.02,289.36,3583.07,109.16
2022-10-15,,,,128.33,,,,109.16
2022-10-16,,,,128.33,,,,109.16
2022-10-17,1657.0,1434.73,86.0,128.33,31.37,289.57,3677.95,109.16
2022-10-18,1649.0,1422.19,83.29,128.33,30.5,293.59,3719.98,109.16
2022-10-19,1627.5,1426.07,86.0,128.33,30.76,291.29,3695.16,109.16
2022-10-20,1630.8,1431.63,86.02,128.33,29.98,288.61,3665.78,109.16
2022-10-21,1651.0,1440.31,85.47,127.67,29.69,288.57,3752.75,109.16
2022-10-22,,,,127.67,,,,109.16
2022-10-23,,,,127.67,,,,109.16
2022-10-24,1648.7,1439.14,86.12,127.67,29.85,291.47,3797.34,109.16
2022-10-25,1652.8,1432.46,86.93,127.67,28.46,291.58,3859.11,109.16
2022-10-26,1664.0,1425.68,89.39,127.67,27.28,293.85,3830.6,109.16
2022-10-27,1660.7,1419.0,89.06,127.67,27.39,298.82,3807.3,109.16
2022-10-28,1639.6,1421.67,87.85,127.21,25.75,295.06,3901.06,109.16
2022-10-29,,,,127.21,,,,109.16
2022-10-30,,,,127.21,,,,109.16
2022-10-31,1635.9,1424.6,86.54,127.21,25.88,299.58,3871.98,109.16
2022-11-01,1645.0,1416.2,88.36,127.21,25.81,303.88,3856.1,109.07
2022-11-02,1645.7,1418.31,90.06,127.21,25.86,303.87,3759.69,109.07
2022-11-03,1627.3,1423.99,88.14,127.21,25.3,301.66,3719.89,109.07
2022-11-04,1672.5,1423.99,92.58,127.15,24.55,304.33,3770.55,109.07
2022-11-05,,,,127.15,,,,109.07
2022-11-06,,,,127.15,,,,109.07
2022-11-07,1676.5,1402.05,91.8,127.15,24.35,307.87,3806.8,109.07
2022-11-08,1712.1,1384.61,88.8,127.15,25.54,312.01,3828.11,109.07
2022-11-09,1710.1,1364.85,85.79,127.15,26.09,315.23,3748.57,109.07
2022-11-10,1750.3,1377.52,86.52,127.15,23.53,311.13,3956.37,109.07
2022-11-11,1766.0,,89.14,124.7,22.52,323.09,3992.93,109.07
2022-11-12,,,,124.7,,,,109.07
2022-11-13,,,,124.7,,,,109.07
2022-11-14,1773.6,1327.38,85.85,124.7,23.73,321.53,3957.25,109.07
2022-11-15,1773.8,1317.88,86.87,124.7,24.54,322.31,3991.73,109.07
2022-11-16,1773.0,1326.46,85.62,124.7,24.11,321.96,3958.79,109.07
2022-11-17,1760.8,1338.97,81.69,124.7,23.93,316.75,3946.56,109.07
2022-11-18,1751.9,1339.61,80.07,123.85,23.12,317.12,3965.34,109.07
2022-11-19,,,,123.85,,,,109.07
2022-11-20,,,,123.85,,,,109.07
2022-11-21,1737.4,1354.87,79.74,123.85,22.36,314.67,3949.94,109.07
2022-11-22,1738.3,1356.66,80.83,123.85,21.29,312.02,4003.58,109.07
2022-11-23,1744.9,1352.49,77.93,123.85,20.35,314.11,4027.26,109.07
2022-11-24,,,,123.85,20.42,317.3,,109.07
2022-11-25,1753.3,1325.22,76.45,123.34,20.5,316.07,4026.12,109.07
2022-11-26,,,,123.34,,,,109.07
2022-11-27,,,,123.34,,,,109.07
2022-11-28,1740.1,1340.66,77.1,123.34,22.21,312.21,3963.94,109.07
2022-11-29,1748.4,1327.24,77.96,123.34,21.89,315.58,3957.63,109.07
2022-11-30,1746.0,1316.84,80.48,123.34,20.58,321.0,4080.11,109.07
2022-12-01,1801.1,1299.11,81.06,123.34,19.84,322.02,4076.57,109.26
2022-12-02,1795.9,1300.5,79.86,122.01,19.06,315.02,4071.7,109.26
2022-12-03,,,,122.01,,,,109.26
2022-12-04,,,,122.01,,,,109.26
2022-12-05,1767.4,1292.58,76.83,122.01,20.75,313.91,3998.84,109.26
2022-12-06,1769.3,1319.31,74.21,122.01,22.17,310.14,3941.26,109.26
2022-12-07,1785.5,1322.23,71.93,122.01,22.68,308.27,3933.92,109.26
2022-12-08,1788.7,1317.56,71.3,122.01,22.29,308.24,3963.51,109.26
2022-12-09,1798.1,1301.61,71.05,122.42,22.83,311.63,3934.38,109.26
2022-12-10,,,,122.42,,,,109.26
2022-12-11,,,,122.42,,,,109.26
2022-12-12,1780.5,1307.62,72.96,122.42,25.0,309.64,3990.56,109.26
2022-12-13,1813.9,1301.47,75.44,122.42,22.55,309.56,4019.65,109.26
2022-12-14,1807.5,1294.79,77.14,122.42,21.14,313.23,3995.32,109.26
2022-12-15,1777.2,1302.91,75.89,122.42,22.83,307.73,3895.75,109.26
2022-12-16,1790.0,1307.73,74.19,122.65,22.62,307.48,3852.36,109.26
2022-12-17,,,,122.65,,,,109.26
2022-12-18,,,,122.65,,,,109.26
2022-12-19,1787.7,1302.29,75.05,122.65,22.42,306.77,3817.66,109.26
2022-12-20,1815.9,1290.41,75.92,122.65,21.48,304.05,3821.62,109.26
2022-12-21,1815.9,1284.7,78.17,122.65,20.07,303.23,3878.44,109.26
2022-12-22,1787.0,1275.68,77.68,122.65,21.97,307.48,3822.39,109.26
2022-12-23,1795.9,1280.02,79.57,121.97,20.87,302.07,3844.82,109.26
2022-12-24,,,,121.97,,,,109.26
2022-12-25,,,,121.97,,,,109.26
2022-12-26,,,,121.97,,302.27,,109.26
2022-12-27,1814.8,1271.0,79.45,121.97,21.65,304.22,3829.25,109.26
2022-12-28,1807.9,1267.54,78.89,121.97,22.14,297.09,3783.22,109.26
2022-12-29,1819.5,1265.58,78.43,121.97,21.44,291.1,3849.28,109.26
2022-12-30,1819.7,1260.18,80.16,121.43,21.67,,3839.5,109.26
2022-12-31,,,,121.43,,,,109.26
2023-01-01,,,,121.43,,,,110.07
2023-01-02,,,,121.43,,289.79,,110.07
2023-01-03,1839.7,1271.1,76.87,121.43,22.9,289.58,3824.14,110.07
2023-01-04,1852.8,1272.15,72.82,121.43,22.01,295.98,3852.97,110.07
2023-01-05,1834.8,1268.91,73.61,121.43,22.46,297.87,3808.1,110.07
2023-01-06,1864.2,1268.13,73.77,121.09,21.13,301.53,3895.08,110.07
2023-01-07,,,,121.09,,,,110.07
2023-01-08,,,,121.09,,,,110.07
2023-01-09,1872.7,1243.62,74.69,121.09,21.97,309.69,3892.09,110.07
2023-01-10,1871.6,1243.83,75.11,121.09,20.58,309.57,3919.25,110.07
2023-01-11,1874.6,1245.39,77.46,121.09,21.09,310.38,3969.61,110.07
2023-01-12,1895.5,1246.26,78.32,121.09,18.83,310.7,3983.17,110.07
2023-01-13,1918.4,1241.59,79.9,119.17,18.35,313.77,3999.09,110.07
2023-01-14,,,,119.17,,,,110.07
2023-01-15,,,,119.17,,,,110.07
2023-01-16,,,,119.17,19.49,316.04,,110.07
2023-01-17,1907.2,1238.7,80.25,119.17,19.36,313.75,3990.97,110.07
2023-01-18,1904.4,1237.32,79.53,119.17,20.34,311.91,3928.86,110.07
2023-01-19,1922.1,1232.05,80.31,119.17,20.52,313.81,3898.85,110.07
2023-01-20,1926.4,1235.57,81.27,119.35,19.85,315.58,3972.61,110.07
2023-01-21,,,,119.35,,,,110.07
2023-01-22,,,,119.35,,,,110.07
2023-01-23,1927.1,1228.59,81.62,119.35,19.81,,4019.81,110.07
2023-01-24,1933.9,1234.79,79.86,119.35,19.2,,4016.95,110.07
2023-01-25,1941.2,1231.67,79.78,119.35,19.08,320.76,4016.22,110.07
2023-01-26,1929.1,1230.95,80.64,119.35,18.73,325.57,4060.43,110.07
2023-01-27,1928.6,1231.53,79.73,118.92,18.51,327.98,4070.56,110.07
2023-01-28,,,,118.92,,,,110.07
2023-01-29,,,,118.92,,,,110.07
2023-01-30,1922.9,1227.31,77.97,118.92,19.94,322.67,4017.77,110.07
2023-01-31,1929.5,1231.95,78.95,118.92,19.4,317.26,4076.6,110.07
2023-02-01,1927.8,1231.77,76.34,118.92,17.87,321.19,4119.21,110.33
2023-02-02,1916.3,1220.34,75.87,118.92,18.73,323.93,4179.76,110.33
2023-02-03,1862.9,1229.22,73.4,119.51,18.33,325.86,4136.48,110.33
2023-02-04,,,,119.51,,,,110.33
2023-02-05,,,,119.51,,,,110.33
2023-02-06,1866.2,1252.61,74.11,119.51,19.43,318.83,4111.08,110.33
2023-02-07,1871.7,1255.53,77.17,119.51,18.66,320.55,4164.0,110.33
2023-02-08,1877.4,1260.03,78.47,119.51,19.63,325.63,4117.86,110.33
2023-02-09,1866.2,1259.67,78.04,119.51,20.71,324.9,4081.5,110.33
2023-02-10,1862.8,1264.15,79.74,120.14,20.53,323.69,4090.46,110.33
2023-02-11,,,,120.14,,,,110.33
2023-02-12,,,,120.14,,,,110.33
2023-02-13,1851.9,1277.05,80.14,120.14,20.34,321.75,4137.29,110.33
2023-02-14,1854.0,1268.93,79.08,120.14,18.91,323.47,4136.13,110.33
2023-02-15,1834.2,1282.16,78.57,120.14,18.23,317.99,4147.6,110.33
2023-02-16,1842.0,1284.33,78.45,120.14,20.17,324.1,4090.41,110.33
2023-02-17,1840.4,1299.62,76.31,120.55,20.02,320.78,4079.09,110.33
2023-02-18,,,,120.55,,,,110.33
2023-02-19,,,,120.55,,,,110.33
2023-02-20,,,,120.55,21.23,321.79,,110.33
2023-02-21,1833.0,1295.99,76.28,120.55,22.87,321.56,3997.34,110.33
2023-02-22,1832.0,1304.31,73.95,120.55,22.29,315.94,3991.05,110.33
2023-02-23,1818.0,1296.79,75.26,120.55,21.14,319.44,4012.32,110.33
2023-02-24,1808.8,1304.59,76.19,121.57,21.67,316.94,3970.04,110.33
2023-02-25,,,,121.57,,,,110.33
2023-02-26,,,,121.57,,,,110.33
2023-02-27,1817.0,1322.45,75.57,121.57,20.95,313.94,3982.24,110.33
2023-02-28,1828.9,1323.45,76.88,121.57,20.7,314.8,3970.15,110.33
2023-03-01,1837.7,1315.15,77.57,121.57,20.58,,3951.39,110.52
2023-03-02,1833.5,1313.96,78.05,121.57,19.59,316.26,3981.35,110.52
2023-03-03,1847.7,1300.59,79.62,120.77,18.49,316.36,4045.64,110.52
2023-03-04,,,,120.77,,,,110.52
2023-03-05,,,,120.77,,,,110.52
2023-03-06,1847.9,1296.14,80.39,120.77,18.61,320.94,4048.42,110.52
2023-03-07,1813.9,1299.7,77.45,120.77,19.59,319.8,3986.37,110.52
2023-03-08,1812.7,1320.81,76.56,120.77,19.11,315.38,3992.01,110.52
2023-03-09,1829.3,1321.58,75.6,120.77,22.61,314.04,3918.32,110.52
2023-03-10,1862.0,1324.51,76.55,121.24,24.8,310.65,3861.59,110.52
2023-03-11,,,,121.24,,,,110.52
2023-03-12,,,,121.24,,,,110.52
2023-03-13,1911.7,1300.46,74.68,121.24,26.52,313.21,3855.76,110.52
2023-03-14,1906.2,1306.13,71.18,121.24,23.73,305.58,3919.29,110.52
2023-03-15,1926.6,1317.78,67.38,121.24,26.14,309.1,3891.93,110.52
2023-03-16,1919.0,1312.13,68.15,121.24,22.99,308.39,3960.28,110.52
2023-03-17,1969.8,1303.75,66.61,121.56,25.51,312.07,3916.64,110.52
2023-03-18,,,,121.56,,,,110.52
2023-03-19,,,,121.56,,,,110.52
2023-03-20,1979.2,1310.69,67.56,121.56,24.15,309.49,3951.57,110.52
2023-03-21,1938.0,1310.65,69.4,121.56,21.38,310.36,4002.87,110.52
2023-03-22,1946.8,1307.5,70.71,121.56,22.26,314.11,3936.97,110.52
2023-03-23,1993.8,1278.93,69.77,121.56,22.61,315.75,3948.72,110.52
2023-03-24,1982.1,1292.57,69.22,120.46,21.74,314.3,3970.99,110.52
2023-03-25,,,,120.46,,,,110.52
2023-03-26,,,,120.46,,,,110.52
2023-03-27,1952.4,1301.01,72.87,120.46,20.6,312.85,3977.53,110.52
2023-03-28,1972.4,1298.26,73.12,120.46,19.97,316.36,3971.27,110.52
2023-03-29,1966.1,1303.38,72.95,120.46,19.12,317.01,4027.81,110.52
2023-03-30,1980.3,1298.89,74.32,120.46,19.02,318.05,4050.83,110.52
2023-03-31,1969.0,1303.8,75.68,119.36,18.7,322.03,4109.31,110.52
2023-04-01,,,,119.36,,,,110.77
2023-04-02,,,,119.36,,,,110.77
2023-04-03,1983.9,1316.38,80.4,119.36,18.55,320.38,4124.51,110.77
2023-04-04,2022.2,1315.1,80.7,119.36,19.0,321.75,4100.6,110.77
2023-04-05,2020.9,1310.05,80.69,119.36,19.08,323.56,4090.38,110.77
2023-04-06,2011.9,1319.1,80.7,119.36,18.4,317.82,4105.02,110.77
2023-04-07,,1319.1,,119.35,,323.36,,110.77
2023-04-08,,,,119.35,,,,110.77
2023-04-09,,,,119.35,,,,110.77
2023-04-10,1989.1,1319.09,79.79,119.35,18.97,326.38,4109.11,110.77
2023-04-11,2004.8,1322.04,81.54,119.35,19.1,330.87,4108.94,110.77
2023-04-12,2010.9,1325.34,83.26,119.35,19.09,332.09,4091.95,110.77
2023-04-13,2041.3,1310.68,82.16,119.35,17.8,333.09,4146.22,110.77
2023-04-14,2002.2,1299.12,82.58,118.86,17.07,333.68,4137.64,110.77
2023-04-15,,,,118.86,,,,110.77
2023-04-16,,,,118.86,,,,110.77
2023-04-17,1994.2,1311.36,80.93,118.86,16.95,333.92,4151.32,110.77
2023-04-18,2007.4,1318.43,80.85,118.86,16.83,333.5,4154.87,110.77
2023-04-19,1995.2,1325.28,79.18,118.86,16.46,333.77,4154.52,110.77
2023-04-20,2007.6,1323.28,77.27,118.86,17.17,332.66,4129.79,110.77
2023-04-21,1979.5,1327.53,77.86,119.31,16.77,330.94,4133.52,110.77
2023-04-22,,,,119.31,,,,110.77
2023-04-23,,,,119.31,,,,110.77
2023-04-24,1989.1,1334.94,78.64,119.31,16.89,328.7,4137.04,110.77
2023-04-25,1994.0,1331.93,77.05,119.31,18.76,324.48,4071.63,110.77
2023-04-26,1985.7,1336.23,74.33,119.31,18.84,323.97,4055.99,110.77
2023-04-27,1989.9,1337.75,74.77,119.31,17.03,325.09,4135.35,110.77
2023-04-28,1990.1,1338.41,76.78,119.22,15.78,326.46,4169.48,110.77
2023-04-29,,,,119.22,,,,110.77
2023-04-30,,,,119.22,,,,110.77
2023-05-01,1983.4,1339.65,75.65,119.22,16.08,,4167.87,111.13
2023-05-02,2014.3,1341.0,71.71,119.22,17.78,329.09,4119.58,111.13
2023-05-03,2028.6,1337.94,68.62,119.22,18.34,326.52,4090.75,111.13
2023-05-04,2048.0,1322.21,68.52,119.22,20.09,326.17,4061.22,111.13
2023-05-05,2017.4,1318.38,71.32,118.55,17.19,,4136.25,111.13
2023-05-06,,,,118.55,,,,111.13
2023-05-07,,,,118.55,,,,111.13
2023-05-08,2026.3,1320.49,73.13,118.55,16.98,328.9,4138.12,111.13
2023-05-09,2036.2,1323.59,73.68,118.55,17.71,328.22,4119.17,111.13
2023-05-10,2030.5,1324.48,72.53,118.55,16.94,326.04,4137.64,111.13
2023-05-11,2014.7,1325.09,70.81,118.55,16.93,325.28,4130.62,111.13
2023-05-12,2014.5,1333.74,70.02,119.37,17.03,323.61,4124.08,111.13
2023-05-13,,,,119.37,,,,111.13
2023-05-14,,,,119.37,,,,111.13
2023-05-15,2018.0,1336.13,71.07,119.37,17.12,324.46,4136.28,111.13
2023-05-16,1988.4,1338.64,70.85,119.37,17.99,325.31,4109.9,111.13
2023-05-17,1980.7,1337.29,72.78,119.37,16.87,326.61,4158.77,111.13
2023-05-18,1956.5,1333.88,71.82,119.37,16.05,329.84,4198.05,111.13
2023-05-19,1978.7,1326.12,71.57,119.78,16.81,334.23,4191.98,111.13
2023-05-20,,,,119.78,,,,111.13
2023-05-21,,,,119.78,,,,111.13
2023-05-22,1974.8,1317.77,71.81,119.78,17.21,336.27,4192.63,111.13
2023-05-23,1972.4,1312.01,72.87,119.78,18.53,337.09,4145.58,111.13
2023-05-24,1962.8,1316.71,74.37,119.78,20.03,336.49,4115.24,111.13
2023-05-25,1943.1,1325.9,71.68,119.78,19.14,335.35,4151.28,111.13
2023-05-26,1944.1,1324.4,72.35,120.63,17.95,337.11,4205.45,111.13
2023-05-27,,,,120.63,,,,111.13
2023-05-28,,,,120.63,,,,111.13
2023-05-29,,,,120.63,17.46,,,111.13
2023-05-30,1958.0,1324.59,69.45,120.63,17.46,341.5,4205.52,111.13
2023-05-31,1963.9,1324.55,68.11,120.63,17.94,339.12,4179.83,111.13
2023-06-01,1978.0,1321.35,70.09,120.63,15.65,338.08,4221.02,111.16
2023-06-02,1952.4,1305.21,71.76,120.0,14.6,342.67,4282.37,111.16
2023-06-03,,,,120.0,,,,111.16
2023-06-04,,,,120.0,,,,111.16
2023-06-05,1958.0,1308.16,72.14,120.0,14.73,343.91,4273.79,111.16
2023-06-06,1965.5,1297.93,71.71,120.0,13.96,,4283.85,111.16
2023-06-07,1942.7,1303.62,72.52,120.0,13.94,343.22,4267.52,111.16
2023-06-08,1963.6,1304.26,71.28,120.0,13.65,342.75,4293.93,111.16
2023-06-09,1962.2,1291.46,70.16,119.43,13.83,346.79,4298.86,111.16
2023-06-10,,,,119.43,,,,111.16
2023-06-11,,,,119.43,,,,111.16
2023-06-12,1955.3,1288.61,67.08,119.43,15.01,344.57,4338.93,111.16
2023-06-13,1944.6,1271.48,69.39,119.43,14.61,346.39,4369.01,111.16
2023-06-14,1955.3,1278.44,68.22,119.43,13.88,344.65,4372.59,111.16
2023-06-15,1957.8,1279.99,70.61,119.43,14.5,343.19,4425.84,111.16
2023-06-16,1958.4,1272.68,71.81,118.42,13.54,345.17,4409.59,111.16
2023-06-17,,,,118.42,,,,111.16
2023-06-18,,,,118.42,,,,111.16
2023-06-19,,,,118.42,14.19,343.13,,111.16
2023-06-20,1935.5,1280.21,70.94,118.42,13.88,342.58,4388.71,111.16
2023-06-21,1933.3,1291.78,72.55,118.42,13.2,339.44,4365.69,111.16
2023-06-22,1912.7,1294.75,69.22,118.42,12.91,341.12,4381.89,111.16
2023-06-23,1919.1,1304.19,68.91,119.15,13.44,338.45,4348.33,111.16
2023-06-24,,,,119.15,,,,111.16
2023-06-25,,,,119.15,,,,111.16
2023-06-26,1923.7,1304.88,69.09,119.15,14.25,340.38,4328.82,111.16
2023-06-27,1914.0,1299.99,67.68,119.15,13.74,340.32,4378.41,111.16
2023-06-28,1912.3,1307.76,69.54,119.15,13.43,338.41,4376.86,111.16
2023-06-29,1909.2,1317.73,69.85,119.15,13.54,336.39,4396.44,111.16
2023-06-30,1921.1,1317.8,70.66,119.36,13.59,337.95,4450.38,111.16
2023-07-01,,,,119.36,,,,111.29
2023-07-02,,,,119.36,,,,111.29
2023-07-03,1921.7,1308.37,69.71,119.36,13.57,343.08,4455.59,111.29
2023-07-04,,,,119.36,13.7,341.59,,111.29
2023-07-05,1919.6,1298.74,71.78,119.36,14.18,339.04,4446.82,111.29
2023-07-06,1908.7,1300.85,71.76,119.36,15.44,336.2,4411.59,111.29
2023-07-07,1926.2,1304.89,73.91,119.08,14.83,331.57,4398.95,111.29
2023-07-08,,,,119.08,,,,111.29
2023-07-09,,,,119.08,,,,111.29
2023-07-10,1925.0,1306.45,73.05,119.08,15.07,330.84,4409.53,111.29
2023-07-11,1931.3,1293.64,74.87,119.08,14.84,337.02,4439.26,111.29
2023-07-12,1956.2,1288.17,75.77,119.08,13.54,339.46,4472.16,111.29
2023-07-13,1959.2,1273.99,76.86,119.08,13.61,341.13,4510.04,111.29
2023-07-14,1960.1,1266.28,75.44,117.05,13.34,346.93,4505.42,111.29
2023-07-15,,,,117.05,,,,111.29
2023-07-16,,,,117.05,,,,111.29
2023-07-17,1952.4,1267.02,74.17,117.05,13.48,345.75,4522.79,111.29
2023-07-18,1977.2,1260.87,75.76,117.05,13.3,343.38,4554.98,111.29
2023-07-19,1977.5,1265.76,75.4,117.05,13.76,343.11,4565.72,111.29
2023-07-20,1968.3,1269.26,75.65,117.05,13.99,341.67,4534.87,111.29
2023-07-21,1964.3,1283.71,77.06,117.94,13.6,342.39,4536.34,111.29
2023-07-22,,,,117.94,,,,111.29
2023-07-23,,,,117.94,,,,111.29
2023-07-24,1960.3,1280.54,78.81,117.94,13.91,344.32,4554.64,111.29
2023-07-25,1962.1,1275.32,79.76,117.94,13.86,344.92,4567.46,111.29
2023-07-26,1968.9,1274.04,79.11,117.94,13.19,340.56,4566.75,111.29
2023-07-27,1945.4,1277.23,80.17,117.94,14.41,344.76,4537.41,111.29
2023-07-28,1960.4,1276.69,80.55,117.79,13.33,344.03,4582.23,111.29
2023-07-29,,,,117.79,,,,111.29
2023-07-30,,,,117.79,,,,111.29
2023-07-31,1970.5,1273.85,81.8,117.79,13.63,345.62,4588.96,111.29
2023-08-01,1940.7,1283.84,81.37,117.79,13.93,351.0,4576.73,112.28
2023-08-02,1937.4,1297.66,79.5,117.79,16.09,343.8,4513.39,112.28
2023-08-03,1932.0,1298.54,81.56,117.79,15.92,341.54,4501.89,112.28
2023-08-04,1939.6,1309.49,82.76,118.82,17.1,341.25,4478.03,112.28
2023-08-05,,,,118.82,,,,112.28
2023-08-06,,,,118.82,,,,112.28
2023-08-07,1933.5,1305.94,81.94,118.82,15.77,339.68,4518.44,112.28
2023-08-08,1924.1,1316.02,82.94,118.82,15.99,337.95,4499.38,112.28
2023-08-09,1915.4,1315.45,84.35,118.82,15.96,341.61,4467.71,112.28
2023-08-10,1914.4,1315.54,82.81,118.82,15.85,340.46,4468.83,112.28
2023-08-11,1912.9,1324.17,83.17,119.63,14.84,338.98,4464.05,112.28
2023-08-12,,,,119.63,,,,112.28
2023-08-13,,,,119.63,,,,112.28
2023-08-14,1910.6,1330.05,82.5,119.63,14.82,336.33,4489.72,112.28
2023-08-15,1902.5,1335.0,81.06,119.63,16.46,,4437.86,112.28
2023-08-16,1896.1,1336.84,79.4,119.63,16.78,331.28,4404.33,112.28
2023-08-17,1884.1,1341.13,80.43,119.63,17.89,330.23,4370.36,112.28
2023-08-18,1886.1,1337.99,81.25,120.43,17.3,328.42,4369.71,112.28
2023-08-19,,,,120.43,,,,112.28
2023-08-20,,,,120.43,,,,112.28
2023-08-21,1893.3,1342.45,80.71,120.43,17.13,328.84,4399.77,112.28
2023-08-22,1896.4,1335.06,80.25,120.43,16.97,329.7,4387.55,112.28
2023-08-23,1918.5,1339.12,78.91,120.43,15.98,329.15,4436.01,112.28
2023-08-24,1918.2,1321.07,79.52,120.43,17.2,333.82,4376.31,112.28
2023-08-25,1911.1,1324.11,80.47,120.51,15.68,330.25,4405.71,112.28
2023-08-26,,,,120.51,,,,112.28
2023-08-27,,,,120.51,,,,112.28
2023-08-28,1917.9,1323.2,80.65,120.51,15.08,332.53,4433.31,112.28
2023-08-29,1936.5,1321.87,81.14,120.51,14.45,333.76,4497.63,112.28
2023-08-30,1944.3,1323.42,81.64,120.51,13.88,334.94,4514.87,112.28
2023-08-31,1938.2,1322.43,83.55,120.51,13.57,334.75,4507.66,112.28
2023-09-01,1939.8,1318.34,85.52,120.76,13.09,338.28,4515.77,112.85
2023-09-02,,,,120.76,,,,112.85
2023-09-03,,,,120.76,,,,112.85
2023-09-04,,,,120.76,13.82,341.02,,112.85
2023-09-05,1926.2,1330.16,86.74,120.76,14.01,340.29,4496.83,112.85
2023-09-06,1918.1,1330.87,87.55,120.76,14.45,337.85,4465.48,112.85
2023-09-07,1917.5,1335.03,86.87,120.76,14.4,336.74,4451.14,112.85
2023-09-08,1918.4,1332.83,87.51,121.95,13.84,336.4,4457.49,112.85
2023-09-09,,,,121.95,,,,112.85
2023-09-10,,,,121.95,,,,112.85
2023-09-11,1923.3,1331.59,87.3,121.95,13.8,337.58,4487.46,112.85
2023-09-12,1911.3,1327.29,88.87,121.95,14.23,335.54,4461.9,112.85
2023-09-13,1909.1,1329.7,88.59,121.95,13.48,335.99,4467.44,112.85
2023-09-14,1910.0,1325.88,90.13,121.95,12.82,341.19,4505.1,112.85
2023-09-15,1923.7,1325.89,90.83,121.2,13.79,344.98,4450.32,112.85
2023-09-16,,,,121.2,,,,112.85
2023-09-17,,,,121.2,,,,112.85
2023-09-18,1931.5,1323.99,91.47,121.2,14.0,340.67,4453.53,112.85
2023-09-19,1932.0,1328.13,91.16,121.2,14.11,338.82,4443.95,112.85
2023-09-20,1945.6,1330.34,89.2,121.2,15.14,338.75,4402.2,112.85
2023-09-21,1919.2,1340.08,89.56,121.2,17.54,333.04,4330.0,112.85
2023-09-22,1925.4,1336.58,90.0,121.53,17.2,332.02,4320.06,112.85
2023-09-23,,,,121.53,,,,112.85
2023-09-24,,,,121.53,,,,112.85
2023-09-25,1916.6,1336.03,89.68,121.53,16.9,331.58,4337.44,112.85
2023-09-26,1900.4,1348.69,91.43,121.53,18.94,326.9,4273.53,112.85
2023-09-27,1871.6,1349.05,93.67,121.53,18.22,326.71,4274.51,112.85
2023-09-28,1860.4,1356.41,91.65,121.53,17.34,,4299.7,112.85
2023-09-29,1848.1,1347.86,90.77,122.31,17.52,,4288.05,112.85
2023-09-30,,,,122.31,,,,112.85
2023-10-01,,,,122.31,,,,113.27
2023-10-02,1830.0,1351.67,88.81,122.31,17.61,,4288.39,113.27
2023-10-03,1824.6,1360.62,89.26,122.31,19.78,,4229.45,113.27
2023-10-04,1818.5,1362.94,84.32,122.31,18.58,319.45,4263.75,113.27
2023-10-05,1816.6,1350.22,82.3,122.31,18.49,318.58,4258.19,113.27
2023-10-06,1830.2,1350.17,82.83,123.36,17.45,318.94,4308.5,113.27
2023-10-07,,,,123.36,,,,113.27
2023-10-08,,,,123.36,,,,113.27
2023-10-09,1849.5,,,123.36,17.7,,4335.66,113.27
2023-10-10,1861.0,1349.79,85.89,123.36,17.03,319.11,4358.24,113.27
2023-10-11,1872.8,1339.31,83.7,123.36,16.09,324.74,4376.95,113.27
2023-10-12,1869.3,1338.21,82.87,123.36,16.69,328.85,4349.61,113.27
2023-10-13,1927.4,1349.65,87.67,123.6,19.32,325.77,4327.78,113.27
2023-10-14,,,,123.6,,,,113.27
2023-10-15,,,,123.6,,,,113.27
2023-10-16,1921.1,1353.67,86.65,123.6,17.21,323.29,4373.63,113.27
2023-10-17,1922.7,1353.6,86.66,123.6,17.88,327.35,4373.2,113.27
2023-10-18,1955.3,1349.45,88.35,123.6,19.22,328.82,4314.6,113.27
2023-10-19,1968.4,1357.5,89.35,123.6,21.4,322.76,4278.0,113.27
2023-10-20,1982.5,1352.92,89.12,123.61,21.71,317.96,4224.16,113.27
2023-10-21,,,,123.61,,,,113.27
2023-10-22,,,,123.61,,,,113.27
2023-10-23,1976.3,1353.7,85.49,123.61,20.37,315.5,4217.04,113.27
2023-10-24,1975.0,1342.68,84.58,123.61,18.97,318.43,4247.68,113.27
2023-10-25,1984.1,1349.07,86.07,123.61,20.19,316.49,4186.77,113.27
2023-10-26,1987.2,1359.32,83.8,123.61,20.68,307.75,4137.23,113.27
2023-10-27,1988.6,1355.15,86.04,123.62,21.27,308.53,4117.37,113.27
2023-10-28,,,,123.62,,,,113.27
2023-10-29,,,,123.62,,,,113.27
2023-10-30,1996.2,1350.98,83.03,123.62,19.75,308.95,4166.82,113.27
2023-10-31,1985.2,1351.03,81.64,123.62,18.14,305.56,4193.8,113.27
2023-11-01,1978.8,1356.94,81.05,123.62,16.87,309.71,4237.86,112.68
2023-11-02,1985.6,1342.91,83.04,123.62,15.66,315.16,4317.78,112.68
2023-11-03,1991.5,1322.04,81.19,121.76,14.91,318.24,4358.34,112.68
2023-11-04,,,,121.76,,,,112.68
2023-11-05,,,,121.76,,,,112.68
2023-11-06,1981.6,1297.94,81.54,121.76,14.89,334.16,4365.98,112.68
2023-11-07,1966.8,1308.33,77.96,121.76,14.81,327.29,4378.38,112.68
2023-11-08,1951.5,1309.98,75.85,121.76,14.45,324.0,4382.78,112.68
2023-11-09,1964.2,1309.89,76.34,121.76,15.29,325.29,4347.35,112.68
2023-11-10,1932.6,,,122.13,14.17,323.75,4415.24,112.68
2023-11-11,,,,122.13,,,,112.68
2023-11-12,,,,122.13,,,,112.68
2023-11-13,1945.5,1324.97,78.86,122.13,14.76,323.31,4411.55,112.68
2023-11-14,1961.8,1328.74,78.9,122.13,14.16,326.57,4495.7,112.68
2023-11-15,1960.1,1300.34,77.15,122.13,14.18,333.96,4502.88,112.68
2023-11-16,1983.9,1297.1,73.5,122.13,14.32,334.31,4508.24,112.68
2023-11-17,1981.6,1296.21,76.47,120.85,13.8,332.06,4514.02,112.68
2023-11-18,,,,120.85,,,,112.68
2023-11-19,,,,120.85,,,,112.68
2023-11-20,1977.7,1291.48,78.1,120.85,13.41,334.23,4547.38,112.68
2023-11-21,1999.3,1289.34,78.35,120.85,13.35,336.57,4538.19,112.68
2023-11-22,1991.4,1300.06,76.8,120.85,12.85,336.81,4556.62,112.68
2023-11-23,,,,120.85,12.8,336.91,,112.68
2023-11-24,2002.2,1306.08,74.83,120.21,12.46,334.0,4559.34,112.68
2023-11-25,,,,120.21,,,,112.68
2023-11-26,,,,120.21,,,,112.68
2023-11-27,2011.8,1304.33,74.46,120.21,12.69,333.67,4550.43,112.68
2023-11-28,2039.7,1293.71,76.09,120.21,12.69,337.52,4554.89,112.68
2023-11-29,2047.1,1292.74,77.56,120.21,12.98,336.62,4550.58,112.68
2023-11-30,2038.1,1289.95,75.66,120.21,12.92,338.43,4567.8,112.68
2023-12-01,2071.0,1305.45,73.7,119.94,12.63,334.8,4594.63,112.73
2023-12-02,,,,119.94,,,,112.73
2023-12-03,,,,119.94,,,,112.73
2023-12-04,2024.1,1304.43,72.73,119.94,13.08,336.14,4569.78,112.73
2023-12-05,2018.5,1311.47,71.95,119.94,12.85,332.85,4567.18,112.73
2023-12-06,2030.5,1313.03,68.98,119.94,12.97,333.45,4549.34,112.73
2023-12-07,2029.9,1325.27,69.0,119.94,13.06,332.67,4585.59,112.73
2023-12-08,1998.3,1307.11,70.87,120.76,12.35,336.6,4604.37,112.73
2023-12-09,,,,120.76,,,,112.73
2023-12-10,,,,120.76,,,,112.73
2023-12-11,1978.0,1316.38,70.95,120.76,12.63,337.93,4622.44,112.73
2023-12-12,1977.8,1313.75,68.27,120.76,12.07,339.77,4643.7,112.73
2023-12-13,1982.3,1319.76,69.09,120.76,12.19,336.68,4707.09,112.73
2023-12-14,2030.2,1296.11,71.21,120.76,12.48,341.33,4719.55,112.73
2023-12-15,2021.1,1295.92,71.05,119.74,12.28,343.99,4719.19,112.73
2023-12-16,,,,119.74,,,,112.73
2023-12-17,,,,119.74,,,,112.73
2023-12-18,2026.3,1297.63,72.16,119.74,12.56,343.5,4740.56,112.73
2023-12-19,2038.4,1307.95,73.23,119.74,12.53,343.95,4768.37,112.73
2023-12-20,2034.5,1299.22,73.87,119.74,13.67,350.11,4698.35,112.73
2023-12-21,2039.1,1304.82,73.59,119.74,13.65,348.78,4746.75,112.73
2023-12-22,2057.1,1302.54,73.29,119.06,13.03,349.15,4754.63,112.73
2023-12-23,,,,119.06,,,,112.73
2023-12-24,,,,119.06,,,,112.73
2023-12-25,,,,119.06,,,,112.73
2023-12-26,2058.2,1294.25,75.84,119.06,12.99,350.43,4774.75,112.73
2023-12-27,2081.9,1293.38,74.31,119.06,12.43,352.46,4781.58,112.73
2023-12-28,2073.9,1288.45,72.02,119.06,12.47,357.99,4783.35,112.73
2023-12-29,2062.4,1290.97,71.89,118.42,12.45,,4769.83,112.73
2023-12-30,,,,118.42,,,,112.73
2023-12-31,,,,118.42,,,,112.73
2024-01-01,,,,118.42,,,,113.17
2024-01-02,2064.4,1300.52,70.62,118.42,13.2,360.55,4742.83,113.17
2024-01-03,2034.2,1305.1,72.97,118.42,14.04,351.2,4704.81,113.17
2024-01-04,2042.3,1310.39,72.38,118.42,14.13,348.07,4688.68,113.17
2024-01-05,2042.4,1315.62,74.0,119.39,13.35,347.22,4697.24,113.17
2024-01-06,,,,119.39,,,,113.17
2024-01-07,,,,119.39,,,,113.17
2024-01-08,2026.6,1315.58,71.06,119.39,13.08,345.58,4763.54,113.17
2024-01-09,2026.4,1315.92,72.43,119.39,12.76,343.81,4756.5,113.17
2024-01-10,2021.7,1320.42,71.57,119.39,12.69,340.66,4783.45,113.17
2024-01-11,2014.3,1313.04,72.15,119.39,12.44,340.28,4780.24,113.17
2024-01-12,2046.7,1313.41,72.94,119.53,12.7,338.22,4783.83,113.17
2024-01-13,,,,119.53,,,,113.17
2024-01-14,,,,119.53,,,,113.17
2024-01-15,,,,119.53,13.25,339.24,,113.17
2024-01-16,2026.0,1331.5,72.63,119.53,13.84,334.73,4765.98,113.17
2024-01-17,2002.6,1344.23,72.79,119.53,14.79,326.11,4739.21,113.17
2024-01-18,2018.6,1338.73,74.32,119.53,14.13,327.13,4780.94,113.17
2024-01-19,2026.5,1338.53,73.69,120.64,13.3,332.99,4839.81,113.17
2024-01-20,,,,120.64,,,,113.17
2024-01-21,,,,120.64,,,,113.17
2024-01-22,2019.8,1338.25,75.26,120.64,13.19,332.63,4850.43,113.17
2024-01-23,2023.7,1333.76,74.72,120.64,12.55,334.97,4864.6,113.17
2024-01-24,2013.9,1337.74,75.48,120.64,13.14,333.27,4868.55,113.17
2024-01-25,2016.9,1336.0,77.91,120.64,13.45,333.8,4894.16,113.17
2024-01-26,2016.8,1336.08,78.45,120.62,13.26,334.21,4890.97,113.17
2024-01-27,,,,120.62,,,,113.17
2024-01-28,,,,120.62,,,,113.17
2024-01-29,2025.2,1335.5,77.25,120.62,13.6,337.84,4927.93,113.17
2024-01-30,2031.5,1328.93,78.3,120.62,13.31,337.48,4924.97,113.17
2024-01-31,2048.4,1334.9,76.28,120.62,14.35,336.24,4845.65,113.17
2024-02-01,2053.0,1331.78,74.36,120.62,13.88,342.41,4906.19,113.78
2024-02-02,2036.1,1321.9,72.72,120.9,13.85,353.43,4958.61,113.78
2024-02-03,,,,120.9,,,,113.78
2024-02-04,,,,120.9,,,,113.78
2024-02-05,2025.7,1330.98,73.21,120.9,13.67,349.15,4942.81,113.78
2024-02-06,2034.5,1326.83,73.83,120.9,13.06,347.8,4954.23,113.78
2024-02-07,2035.2,1327.37,74.26,120.9,12.83,352.25,4995.06,113.78
2024-02-08,2032.2,1328.07,76.67,120.9,12.79,353.29,4997.91,113.78
2024-02-09,2023.3,1333.1,77.26,121.04,12.93,,5026.61,113.78
2024-02-10,,,,121.04,,,,113.78
2024-02-11,,,,121.04,,,,113.78
2024-02-12,2018.2,1331.37,77.34,121.04,13.93,,5021.84,113.78
2024-02-13,1992.9,1327.88,78.28,121.04,15.85,357.38,4953.17,113.78
2024-02-14,1990.3,1335.06,77.09,121.04,14.38,352.69,5000.62,113.78
2024-02-15,2002.1,1333.84,78.47,121.04,14.01,351.21,5029.73,113.78
2024-02-16,2011.5,1334.96,79.65,121.15,14.24,355.52,5005.57,113.78
2024-02-17,,,,121.15,,,,113.78
2024-02-18,,,,121.15,,,,113.78
2024-02-19,,,,121.15,14.71,360.88,,113.78
2024-02-20,2027.5,1337.25,78.72,121.15,15.42,356.92,4975.51,113.78
2024-02-21,2022.3,1334.95,78.89,121.15,15.34,356.04,4981.8,113.78
2024-02-22,2019.7,1328.71,79.64,121.15,14.54,357.67,5087.03,113.78
2024-02-23,2038.6,1328.71,77.6,121.04,13.75,358.57,5088.8,113.78
2024-02-24,,,,121.04,,,,113.78
2024-02-25,,,,121.04,,,,113.78
2024-02-26,2028.5,1330.86,78.53,121.04,13.74,355.48,5069.53,113.78
2024-02-27,2034.0,1330.86,79.8,121.04,13.43,352.76,5078.18,113.78
2024-02-28,2033.0,1336.02,79.44,121.04,13.84,356.79,5069.76,113.78
2024-02-29,2045.7,1336.19,79.22,121.04,13.4,355.57,5096.27,113.78
2024-03-01,2086.9,1334.8,80.9,121.01,13.11,,5137.08,113.95
2024-03-02,,,,121.01,,,,113.95
2024-03-03,,,,121.01,,,,113.95
2024-03-04,2117.7,1331.29,79.67,121.01,13.49,361.1,5130.95,113.95
2024-03-05,2133.5,1336.51,79.11,121.01,14.46,357.59,5078.65,113.95
2024-03-06,2150.3,1333.99,80.08,121.01,14.5,356.25,5104.76,113.95
2024-03-07,2158.0,1324.3,79.81,121.01,14.44,356.82,5157.36,113.95
2024-03-08,2178.6,1319.28,78.96,119.98,14.74,361.71,5123.69,113.95
2024-03-09,,,,119.98,,,,113.95
2024-03-10,,,,119.98,,,,113.95
2024-03-11,2182.5,1312.55,78.87,119.98,15.22,358.34,5117.94,113.95
2024-03-12,2160.4,1310.82,78.51,119.98,13.84,361.11,5175.27,113.95
2024-03-13,2175.4,1314.67,80.67,119.98,13.75,363.04,5165.31,113.95
2024-03-14,2163.0,1318.2,82.16,119.98,14.4,366.68,5150.48,113.95
2024-03-15,2157.3,1329.35,81.94,120.4,14.41,359.39,5117.09,113.95
2024-03-16,,,,120.4,,,,113.95
2024-03-17,,,,120.4,,,,113.95
2024-03-18,2160.7,1333.59,83.68,120.4,14.33,361.31,5149.42,113.95
2024-03-19,2156.3,1338.28,84.39,120.4,13.82,357.33,5178.51,113.95
2024-03-20,2157.9,1339.02,82.79,120.4,13.04,363.32,5224.62,113.95
2024-03-21,2182.4,1322.11,81.99,120.4,12.92,373.66,5241.53,113.95
2024-03-22,2158.1,1338.14,81.1,121.18,13.06,372.65,5234.18,113.95
2024-03-23,,,,121.18,,,,113.95
2024-03-24,,,,121.18,,,,113.95
2024-03-25,2174.8,1342.61,82.41,121.18,13.19,370.73,5218.19,113.95
2024-03-26,2175.6,1344.0,82.41,121.18,13.24,374.6,5203.58,113.95
2024-03-27,2190.6,1348.58,82.15,121.18,12.78,374.08,5248.49,113.95
2024-03-28,2217.4,1346.01,83.96,121.18,13.01,373.22,5254.35,113.95
2024-03-29,,1347.08,,121.02,,374.63,,113.95
2024-03-30,,,,121.02,,,,113.95
2024-03-31,,,,121.02,,,,113.95
2024-04-01,2236.5,1348.75,84.54,121.02,13.65,374.28,5243.77,114.01
2024-04-02,2261.0,1351.37,85.95,121.02,14.61,376.34,5205.81,114.01
2024-04-03,2294.4,1348.5,86.22,121.02,14.33,369.72,5211.49,114.01
2024-04-04,2288.8,1346.87,87.37,121.02,16.35,375.61,5147.21,114.01
2024-04-05,2325.7,1352.58,87.69,120.96,16.03,371.57,5204.34,114.01
2024-04-06,,,,120.96,,,,114.01
2024-04-07,,,,120.96,,,,114.01
2024-04-08,2331.7,1353.2,87.24,120.96,15.19,372.51,5202.39,114.01
2024-04-09,2343.5,1354.8,86.04,120.96,14.98,370.27,5209.91,114.01
2024-04-10,2329.6,1349.05,86.98,120.96,15.8,,5160.64,114.01
2024-04-11,2354.8,1364.19,85.79,120.96,14.91,370.72,5199.06,114.01
2024-04-12,2356.2,1374.74,86.46,122.29,17.31,367.25,5123.41,114.01
2024-04-13,,,,122.29,,,,114.01
2024-04-14,,,,122.29,,,,114.01
2024-04-15,2365.8,1383.63,86.21,122.29,19.23,365.31,5061.82,114.01
2024-04-16,2390.8,1393.92,86.15,122.29,18.4,356.67,5051.41,114.01
2024-04-17,2371.7,1385.88,83.58,122.29,18.21,352.79,5022.21,114.01
2024-04-18,2382.3,1373.42,83.5,122.29,18.0,359.06,5011.12,114.01
2024-04-19,2398.4,1376.72,83.79,123.11,18.71,352.58,4967.23,114.01
2024-04-20,,,,123.11,,,,114.01
2024-04-21,,,,123.11,,,,114.01
2024-04-22,2332.2,1381.84,83.82,123.11,16.94,356.89,5010.6,114.01
2024-04-23,2327.7,1379.27,84.17,123.11,15.69,355.98,5070.55,114.01
2024-04-24,2324.5,1369.86,84.09,123.11,15.97,363.6,5071.63,114.01
2024-04-25,2329.8,1369.86,84.92,123.11,15.37,356.51,5048.42,114.01
2024-04-26,2334.8,1375.1,85.38,122.95,15.03,361.02,5099.96,114.01
2024-04-27,,,,122.95,,,,114.01
2024-04-28,,,,122.95,,,,114.01
2024-04-29,2345.4,1377.35,84.26,122.95,14.67,364.48,5116.17,114.01
2024-04-30,2291.4,1381.92,83.49,122.95,15.65,365.13,5035.69,114.01
2024-05-01,2299.9,1386.95,80.7,122.95,15.39,,5018.39,114.1
2024-05-02,2299.2,1375.39,80.59,122.95,14.68,364.31,5064.2,114.1
2024-05-03,2299.0,1363.04,79.65,122.14,13.49,363.58,5127.79,114.1
2024-05-04,,,,122.14,,,,114.1
2024-05-05,,,,122.14,,,,114.1
2024-05-06,2321.6,1358.81,80.1,122.14,13.49,,5180.74,114.1
2024-05-07,2315.2,1359.45,79.97,122.14,13.23,372.8,5187.7,114.1
2024-05-08,2313.6,1359.45,80.57,122.14,13.0,374.09,5187.67,114.1
2024-05-09,2332.1,1369.74,80.86,122.14,12.69,368.83,5214.08,114.1
2024-05-10,2367.3,1367.77,79.81,122.01,12.55,371.08,5222.68,114.1
2024-05-11,,,,122.01,,,,114.1
2024-05-12,,,,122.01,,,,114.1
2024-05-13,2336.1,1367.91,80.71,122.01,13.6,370.99,5221.42,114.1
2024-05-14,2353.4,1368.77,79.62,122.01,13.42,371.04,5246.68,114.1
2024-05-15,2388.7,1360.15,80.23,122.01,12.45,,5308.15,114.1
2024-05-16,2380.0,1345.15,80.85,122.01,12.42,374.6,5297.1,114.1
2024-05-17,2412.2,1354.83,81.66,121.24,11.99,370.58,5303.27,114.1
2024-05-18,,,,121.24,,,,114.1
2024-05-19,,,,121.24,,,,114.1
2024-05-20,2433.9,1356.0,81.39,121.24,12.15,373.68,5308.13,114.1
2024-05-21,2421.7,1363.54,80.66,121.24,11.86,371.55,5321.41,114.1
2024-05-22,2389.2,1362.36,79.15,121.24,12.29,371.41,5307.01,114.1
2024-05-23,2335.0,1362.38,77.47,121.24,12.77,371.62,5267.84,114.1
2024-05-24,2332.5,1369.02,78.48,121.62,11.93,366.08,5304.72,114.1
2024-05-25,,,,121.62,,,,114.1
2024-05-26,,,,121.62,,,,114.1
2024-05-27,,,,121.62,12.36,371.16,,114.1
2024-05-28,2355.2,1357.65,80.9,121.62,12.92,371.33,5306.04,114.1
2024-05-29,2340.3,1365.07,80.24,121.62,14.28,364.96,5266.95,114.1
2024-05-30,2342.9,1365.07,78.96,121.62,14.47,358.7,5235.48,114.1
2024-05-31,2322.9,1385.43,77.97,122.1,12.92,358.21,5277.51,114.1
2024-06-01,,,,122.1,,,,113.84
2024-06-02,,,,122.1,,,,113.84
2024-06-03,2346.6,1375.91,75.26,122.1,13.11,365.48,5283.4,113.84
2024-06-04,2325.5,1375.96,74.27,122.1,13.16,362.52,5291.34,113.84
2024-06-05,2354.1,1372.58,75.08,122.1,12.63,366.44,5354.03,113.84
2024-06-06,2370.3,1365.45,76.52,122.1,12.58,,5352.96,113.84
2024-06-07,2305.2,1366.38,76.53,123.55,12.22,371.39,5346.99,113.84
2024-06-08,,,,123.55,,,,113.84
2024-06-09,,,,123.55,,,,113.84
2024-06-10,2307.7,1375.71,78.75,123.55,12.74,367.46,5360.79,113.84
2024-06-11,2307.5,1375.71,78.88,123.55,12.85,367.71,5375.32,113.84
2024-06-12,2336.0,1378.01,79.56,123.55,12.04,371.12,5421.03,113.84
2024-06-13,2300.2,1376.11,79.61,123.55,11.94,374.75,5433.74,113.84
2024-06-14,2331.4,1378.96,79.41,124.17,12.66,376.0,5431.6,113.84
2024-06-15,,,,124.17,,,,113.84
2024-06-16,,,,124.17,,,,113.84
2024-06-17,2312.4,1380.5,81.33,124.17,12.75,373.86,5473.23,113.84
2024-06-18,2330.4,1380.88,82.67,124.17,12.3,377.73,5487.03,113.84
2024-06-19,,,,124.17,12.48,383.01,,113.84
2024-06-20,2353.8,1384.38,83.34,124.17,13.28,384.78,5473.17,113.84
2024-06-21,2316.4,1388.17,81.71,124.11,13.2,380.88,5464.62,113.84
2024-06-22,,,,124.11,,,,113.84
2024-06-23,,,,124.11,,,,113.84
2024-06-24,2330.0,1389.17,82.63,124.11,13.33,378.39,5447.87,113.84
2024-06-25,2316.6,1387.16,81.97,124.11,12.84,379.85,5469.3,113.84
2024-06-26,2299.2,1388.65,82.19,124.11,12.55,383.01,5477.9,113.84
2024-06-27,2324.5,1385.76,83.04,124.11,12.24,382.27,5482.87,113.84
2024-06-28,2327.7,1376.55,82.83,124.21,12.44,384.02,5460.48,113.84
2024-06-29,,,,124.21,,,,113.84
2024-06-30,,,,124.21,,,,113.84
2024-07-01,2327.6,1383.0,84.7,124.21,12.22,384.34,5475.09,114.13
2024-07-02,2323.0,1386.55,84.09,124.21,12.03,381.2,5509.01,114.13
2024-07-03,2359.8,1384.85,85.19,124.21,12.09,383.23,5537.02,114.13
2024-07-04,,,,124.21,12.26,388.53,,114.13
2024-07-05,2388.5,1379.87,84.44,123.48,12.48,395.47,5567.19,114.13
2024-07-06,,,,123.48,,,,114.13
2024-07-07,,,,123.48,,,,114.13
2024-07-08,2355.2,1382.73,83.63,123.48,12.37,394.47,5572.85,114.13
2024-07-09,2360.1,1383.39,82.78,123.48,12.51,395.79,5576.98,114.13
2024-07-10,2372.2,1383.42,83.39,123.48,12.85,395.6,5633.91,114.13
2024-07-11,2415.0,1370.85,83.92,123.48,12.92,398.52,5584.54,114.13
2024-07-12,2414.0,1374.9,83.49,122.44,12.46,392.29,5615.35,114.13
2024-07-13,,,,122.44,,,,114.13
2024-07-14,,,,122.44,,,,114.13
2024-07-15,2422.9,1382.97,83.22,122.44,13.12,393.84,5631.22,114.13
2024-07-16,2462.4,1384.99,81.92,122.44,13.19,395.31,5667.2,114.13
2024-07-17,2454.8,1380.61,84.16,122.44,14.48,391.55,5588.27,114.13
2024-07-18,2451.8,1383.85,84.17,122.44,15.93,389.0,5544.59,114.13
2024-07-19,2395.5,1389.29,81.43,123.15,16.52,383.89,5505.0,114.13
2024-07-20,,,,123.15,,,,114.13
2024-07-21,,,,123.15,,,,114.13
2024-07-22,2392.0,1388.71,81.25,123.15,14.91,379.84,5564.41,114.13
2024-07-23,2404.6,1385.78,78.24,123.15,14.72,381.65,5555.74,114.13
2024-07-24,2413.3,1379.4,78.78,123.15,18.04,378.66,5427.13,114.13
2024-07-25,2351.9,1380.57,79.43,123.15,18.46,371.26,5399.22,114.13
2024-07-26,2380.0,1383.11,78.58,123.67,16.39,374.2,5459.1,114.13
2024-07-27,,,,123.67,,,,114.13
2024-07-28,,,,123.67,,,,114.13
2024-07-29,2377.3,1381.93,77.27,123.67,16.6,378.73,5463.54,114.13
2024-07-30,2405.0,1384.98,76.17,123.67,17.69,374.87,5436.44,114.13
2024-07-31,2426.5,1369.29,79.36,123.67,16.36,380.49,5522.3,114.13
2024-08-01,2435.0,1368.5,77.74,123.67,18.59,380.54,5446.68,114.54
2024-08-02,2425.7,1359.38,74.99,123.47,23.39,365.17,5346.56,114.54
2024-08-03,,,,123.47,,,,114.54
2024-08-04,,,,123.47,,,,114.54
2024-08-05,2401.7,1367.68,74.46,123.47,38.57,331.86,5186.33,114.54
2024-08-06,2389.1,1377.4,74.6,123.47,27.71,341.73,5240.03,114.54
2024-08-07,2390.5,1374.98,76.68,123.47,27.85,349.09,5199.5,114.54
2024-08-08,2422.2,1376.94,77.64,123.47,23.79,346.7,5319.31,114.54
2024-08-09,2432.1,1363.71,78.28,122.93,20.37,351.52,5344.16,114.54
2024-08-10,,,,122.93,,,,114.54
2024-08-11,,,,122.93,,,,114.54
2024-08-12,2462.4,1369.87,81.45,122.93,20.71,355.61,5344.39,114.54
2024-08-13,2466.7,1367.28,79.81,122.93,18.12,357.02,5434.43,114.54
2024-08-14,2439.4,1355.35,78.47,122.93,16.19,360.39,5455.21,114.54
2024-08-15,2453.1,1363.21,79.66,122.93,15.23,,5543.22,114.54
2024-08-16,2498.6,1354.34,78.05,122.4,14.8,369.11,5554.25,114.54
2024-08-17,,,,122.4,,,,114.54
2024-08-18,,,,122.4,,,,114.54
2024-08-19,2501.8,1334.21,75.82,122.4,14.65,365.52,5608.25,114.54
2024-08-20,2511.3,1331.78,75.27,122.4,15.88,368.99,5597.12,114.54
2024-08-21,2508.4,1333.74,72.76,122.4,16.27,368.22,5620.85,114.54
2024-08-22,2478.9,1343.23,73.72,122.4,17.55,369.1,5570.64,114.54
2024-08-23,2508.4,1327.56,75.82,121.46,15.86,367.91,5634.61,114.54
2024-08-24,,,,121.46,,,,114.54
2024-08-25,,,,121.46,,,,114.54
2024-08-26,2517.7,1328.53,78.4,121.46,16.15,366.31,5616.84,114.54
2024-08-27,2516.0,1330.9,76.5,121.46,15.43,364.56,5625.8,114.54
2024-08-28,2501.0,1335.15,75.49,121.46,17.11,365.28,5592.18,114.54
2024-08-29,2525.7,1332.02,76.9,121.46,15.65,360.1,5591.96,114.54
2024-08-30,2493.8,1336.0,74.52,122.33,15.0,361.55,5648.4,114.54
2024-08-31,,,,122.33,,,,114.54
2024-09-01,,,,122.33,,,,114.65
2024-09-02,,,,122.33,15.55,362.09,,114.65
2024-09-03,2489.9,1339.79,71.28,122.33,20.72,358.8,5528.93,114.65
2024-09-04,2493.4,1336.93,70.11,122.33,21.32,346.66,5520.07,114.65
2024-09-05,2511.4,1335.14,70.09,122.33,19.9,345.92,5503.41,114.65
2024-09-06,2493.5,1335.68,68.58,122.5,22.38,342.37,5408.42,114.65
2024-09-07,,,,122.5,,,,114.65
2024-09-08,,,,122.5,,,,114.65
2024-09-09,2501.8,1342.16,69.65,122.5,19.45,340.18,5471.05,114.65
2024-09-10,2512.3,1343.41,66.73,122.5,19.08,338.48,5495.52,114.65
2024-09-11,2512.1,1340.59,68.25,122.5,17.69,335.65,5554.13,114.65
2024-09-12,2551.2,1341.35,69.89,122.5,17.07,343.85,5595.76,114.65
2024-09-13,2581.3,1329.26,69.59,121.66,16.56,343.69,5626.02,114.65
2024-09-14,,,,121.66,,,,114.65
2024-09-15,,,,121.66,,,,114.65
2024-09-16,2580.4,1320.59,71.1,121.66,17.14,,5633.09,114.65
2024-09-17,2564.3,1323.81,72.16,121.66,17.61,,5634.58,114.65
2024-09-18,2570.7,1324.15,71.87,121.66,18.23,,5618.26,114.65
2024-09-19,2588.0,1329.08,72.86,121.66,16.33,343.28,5713.64,114.65
2024-09-20,2619.9,1333.66,72.72,121.41,16.15,344.67,5702.55,114.65
2024-09-21,,,,121.41,,,,114.65
2024-09-22,,,,121.41,,,,114.65
2024-09-23,2626.5,1334.12,71.33,121.41,15.89,345.78,5718.57,114.65
2024-09-24,2651.2,1330.0,72.34,121.41,15.39,349.61,5732.93,114.65
2024-09-25,2659.2,1335.1,70.42,121.41,15.41,344.56,5722.26,114.65
2024-09-26,2669.9,1314.78,68.28,121.41,15.37,356.44,5745.37,114.65
2024-09-27,2644.3,1309.43,68.72,121.11,16.96,353.93,5738.17,114.65
2024-09-28,,,,121.11,,,,114.65
2024-09-29,,,,121.11,,,,114.65
2024-09-30,2636.1,1314.94,68.75,121.11,16.73,344.76,5762.48,114.65
2024-10-01,2667.3,1323.78,70.41,121.11,19.26,,5708.75,114.69
2024-10-02,2647.1,1321.53,70.74,121.11,18.9,340.72,5709.54,114.69
2024-10-03,2657.1,1335.58,74.33,121.11,20.49,,5699.94,114.69
2024-10-04,2645.8,1348.74,74.93,122.22,19.21,341.74,5751.07,114.69
2024-10-05,,,,122.22,,,,114.69
2024-10-06,,,,122.22,,,,114.69
2024-10-07,2644.8,1343.75,77.76,122.22,22.64,347.34,5695.94,114.69
2024-10-08,2615.0,1346.49,74.26,122.22,21.42,344.23,5751.13,114.69
2024-10-09,2606.0,1346.04,73.85,122.22,20.86,,5792.04,114.69
2024-10-10,2620.6,1350.77,76.46,122.22,20.93,345.21,5780.05,114.69
2024-10-11,2657.6,1350.71,76.11,122.98,20.46,345.45,5815.03,114.69
2024-10-12,,,,122.98,,,,114.69
2024-10-13,,,,122.98,,,,114.69
2024-10-14,2647.8,,,122.98,19.7,349.74,5859.85,114.69
2024-10-15,2661.4,1365.17,71.22,122.98,20.64,351.07,5815.26,114.69
2024-10-16,2674.0,1363.76,70.97,122.98,19.58,347.26,5842.47,114.69
2024-10-17,2691.0,1371.08,71.26,122.98,19.11,347.73,5841.47,114.69
2024-10-18,2713.7,1369.65,69.78,123.92,18.03,345.42,5864.67,114.69
2024-10-19,,,,123.92,,,,114.69
2024-10-20,,,,123.92,,,,114.69
2024-10-21,2723.1,1379.14,71.16,123.92,18.37,346.62,5853.98,114.69
2024-10-22,2744.2,1379.22,72.84,123.92,18.2,342.09,5851.2,114.69
2024-10-23,2714.4,1381.61,71.37,123.92,19.24,346.27,5797.42,114.69
2024-10-24,2734.9,1382.11,70.58,123.92,19.08,342.88,5809.86,114.69
2024-10-25,2740.9,1389.24,72.02,124.61,20.33,343.37,5808.12,114.69
2024-10-26,,,,124.61,,,,114.69
2024-10-27,,,,124.61,,,,114.69
2024-10-28,2742.9,1385.57,67.65,124.61,19.8,347.27,5823.52,114.69
2024-10-29,2768.4,1382.2,67.48,124.61,19.34,348.28,5832.92,114.69
2024-10-30,2788.5,1378.41,68.91,124.61,20.35,345.0,5813.67,114.69
2024-10-31,2738.3,1377.57,69.58,124.61,23.16,339.32,5705.45,114.69
2024-11-01,2738.6,1376.95,69.81,124.81,21.88,337.49,5728.8,114.4
2024-11-02,,,,124.81,,,,114.4
2024-11-03,,,,124.81,,,,114.4
2024-11-04,2736.1,1375.17,71.83,124.81,21.98,343.6,5712.69,114.4
2024-11-05,2740.3,1380.26,72.26,124.81,20.49,341.47,5782.76,114.4
2024-11-06,2667.6,1399.98,71.98,124.81,16.27,340.61,5929.04,114.4
2024-11-07,2698.4,1384.66,72.69,124.81,15.2,340.87,5973.1,114.4
2024-11-08,2687.5,1396.69,70.69,125.58,14.94,339.71,5995.54,114.4
2024-11-09,,,,125.58,,,,114.4
2024-11-10,,,,125.58,,,,114.4
2024-11-11,2611.2,,,125.58,14.97,334.64,6001.35,114.4
2024-11-12,2600.0,1408.28,68.43,125.58,14.71,327.31,5983.99,114.4
2024-11-13,2580.8,1404.24,68.76,125.58,14.02,318.84,5985.38,114.4
2024-11-14,2568.2,1402.77,68.99,125.58,14.31,317.7,5949.17,114.4
2024-11-15,2565.7,1397.42,67.33,126.88,16.14,320.53,5870.62,114.4
2024-11-16,,,,126.88,,,,114.4
2024-11-17,,,,126.88,,,,114.4
2024-11-18,2610.6,1394.28,69.46,126.88,15.58,328.44,5893.62,114.4
2024-11-19,2627.1,1392.83,69.75,126.88,16.35,328.11,5916.98,114.4
2024-11-20,2648.2,1399.51,69.25,126.88,17.16,329.02,5917.11,114.4
2024-11-21,2672.1,1401.0,70.39,126.88,16.87,329.49,5948.71,114.4
2024-11-22,2709.9,1405.49,71.68,127.47,15.24,332.36,5969.34,114.4
2024-11-23,,,,127.47,,,,114.4
2024-11-24,,,,127.47,,,,114.4
2024-11-25,2616.8,1401.03,69.41,127.47,14.6,336.63,5987.37,114.4
2024-11-26,2620.3,1396.69,69.05,127.47,14.1,335.6,6021.63,114.4
2024-11-27,2639.9,1391.14,69.03,127.47,14.1,332.32,5998.74,114.4
2024-11-28,,,,127.47,13.9,331.45,,114.4
2024-11-29,2657.0,1396.99,68.26,126.58,13.51,325.45,6032.38,114.4
2024-11-30,,,,126.58,,,,114.4
2024-12-01,,,,126.58,,,,114.91
2024-12-02,2634.9,1406.13,68.35,126.58,13.34,325.34,6047.15,114.91
2024-12-03,2644.7,1427.83,70.15,126.58,13.3,331.44,6049.88,114.91
2024-12-04,2653.8,1412.16,68.81,126.58,13.45,326.59,6086.49,114.91
2024-12-05,2626.6,1415.88,68.58,126.58,13.54,323.87,6075.11,114.91
2024-12-06,2638.6,1422.4,68.58,126.69,12.77,322.07,6090.27,114.91
2024-12-07,,,,126.69,,,,114.91
2024-12-08,,,,126.69,,,,114.91
2024-12-09,2664.9,1430.05,68.65,126.69,14.19,313.74,6052.85,114.91
2024-12-10,2697.6,1432.6,68.85,126.69,14.18,320.79,6034.91,114.91
2024-12-11,2733.8,1428.5,70.57,126.69,13.58,323.86,6084.19,114.91
2024-12-12,2687.5,1429.47,70.25,126.69,13.92,329.04,6051.25,114.91
2024-12-13,2656.0,1434.82,71.54,127.31,13.81,330.49,6051.09,114.91
2024-12-14,,,,127.31,,,,114.91
2024-12-15,,,,127.31,,,,114.91
2024-12-16,2651.4,1437.86,71.03,127.31,14.69,329.61,6074.08,114.91
2024-12-17,2644.4,1436.16,70.31,127.31,15.87,325.25,6050.61,114.91
2024-12-18,2636.5,1438.13,70.8,127.31,27.62,329.72,5872.16,114.91
2024-12-19,2592.2,1446.06,70.1,127.31,24.09,322.38,5867.08,114.91
2024-12-20,2628.7,1444.52,69.71,127.89,18.36,318.33,5930.85,114.91
2024-12-21,,,,127.89,,,,114.91
2024-12-22,,,,127.89,,,,114.91
2024-12-23,2612.3,1451.76,69.5,127.89,16.78,322.98,5974.07,114.91
2024-12-24,2620.0,1457.36,70.87,127.89,14.27,323.39,6040.04,114.91
2024-12-25,,,,127.89,,,,114.91
2024-12-26,2638.8,1467.66,70.38,127.89,14.73,321.45,6037.59,114.91
2024-12-27,2617.2,1470.4,71.28,128.45,15.95,319.03,5970.84,114.91
2024-12-28,,,,128.45,,,,114.91
2024-12-29,,,,128.45,,,,114.91
2024-12-30,2606.1,1472.32,71.73,128.45,17.4,317.82,5906.94,114.91
2024-12-31,2629.2,1477.86,72.44,128.45,17.35,,5881.63,114.91
2025-01-01,,,,128.45,,,,115.71
2025-01-02,2658.9,1472.52,73.79,128.45,17.93,317.77,5868.55,115.71
2025-01-03,2645.0,1470.0,74.64,129.45,16.13,324.0,5942.47,115.71
2025-01-04,,,,129.45,,,,115.71
2025-01-05,,,,129.45,,,,115.71
2025-01-06,2638.4,1459.94,74.31,129.45,16.04,331.52,5975.38,115.71
2025-01-07,2656.7,1452.42,74.99,129.45,17.82,330.89,5909.03,115.71
2025-01-08,2664.5,1459.85,73.99,129.45,17.7,334.95,5918.25,115.71
2025-01-09,2683.8,1459.23,,129.45,18.07,335.4,,115.71
2025-01-10,2708.5,1473.36,77.27,129.87,19.54,334.55,5827.04,115.71
2025-01-11,,,,129.87,,,,115.71
2025-01-12,,,,129.87,,,,115.71
2025-01-13,2673.5,1466.87,79.57,129.87,19.19,330.31,5836.22,115.71
2025-01-14,2677.5,1459.5,78.2,129.87,18.71,330.74,5842.91,115.71
2025-01-15,2712.5,1456.5,80.73,129.87,16.12,330.97,5949.91,115.71
2025-01-16,2746.4,1456.16,79.35,129.87,16.6,335.73,5937.34,115.71
2025-01-17,2744.3,1457.04,78.56,129.49,15.97,335.09,5996.66,115.71
2025-01-18,,,,129.49,,,,115.71
2025-01-19,,,,129.49,,,,115.71
2025-01-20,,,,129.49,15.81,333.94,,115.71
2025-01-21,2755.0,1435.29,76.79,129.49,15.06,334.44,6049.24,115.71
2025-01-22,2767.6,1435.77,76.12,129.49,15.1,338.76,6086.37,115.71
2025-01-23,2763.1,1434.29,75.03,129.49,15.02,334.5,6118.71,115.71
2025-01-24,2777.3,1429.17,74.97,127.46,14.85,336.74,6101.24,115.71
2025-01-25,,,,127.46,,,,115.71
2025-01-26,,,,127.46,,,,115.71
2025-01-27,2737.5,1433.83,73.51,127.46,17.9,,6012.28,115.71
2025-01-28,2766.8,1446.42,74.15,127.46,16.41,,6067.7,115.71
2025-01-29,2769.1,1441.85,72.94,127.46,16.56,,6039.31,115.71
2025-01-30,2823.0,1442.16,73.1,127.46,15.84,,6071.17,115.71
2025-01-31,2812.5,1453.86,72.84,128.48,16.43,333.36,6040.53,115.71
2025-02-01,,,,128.48,,,,116.08
2025-02-02,,,,128.48,,,,116.08
2025-02-03,2833.9,1461.21,73.52,128.48,18.62,324.55,5994.57,116.08
2025-02-04,2853.3,1451.02,73.04,128.48,17.21,328.72,6037.88,116.08
2025-02-05,2871.6,1442.37,71.39,128.48,15.77,332.47,6061.48,116.08
2025-02-06,2856.0,1447.05,70.97,128.48,15.5,336.53,6083.57,116.08
2025-02-07,2867.3,1453.97,71.32,128.43,16.54,333.89,6025.99,116.08
2025-02-08,,,,128.43,,,,116.08
2025-02-09,,,,128.43,,,,116.08
2025-02-10,2914.3,1451.0,72.73,128.43,15.81,334.5,6066.44,116.08
2025-02-11,2912.5,1452.31,73.67,128.43,16.02,336.67,6068.5,116.08
2025-02-12,2909.0,1453.49,71.72,128.43,15.89,337.23,6051.97,116.08
2025-02-13,2925.9,1446.95,71.66,128.43,15.1,341.06,6115.07,116.08
2025-02-14,2883.6,1439.89,71.05,127.15,14.77,342.76,6114.63,116.08
2025-02-15,,,,127.15,,,,116.08
2025-02-16,,,,127.15,,,,116.08
2025-02-17,,,,127.15,15.37,345.11,,116.08
2025-02-18,2931.6,1438.83,72.21,127.15,15.35,347.84,6129.58,116.08
2025-02-19,2919.4,1441.06,72.58,127.15,15.27,354.53,6144.15,116.08
2025-02-20,2940.0,1434.71,72.88,127.15,15.66,352.15,6117.52,116.08
2025-02-21,2937.6,1434.06,70.72,127.14,18.21,351.92,6013.13,116.08
2025-02-22,,,,127.14,,,,116.08
2025-02-23,,,,127.14,,,,116.08
2025-02-24,2947.9,1429.77,71.06,127.14,18.98,349.9,5983.25,116.08
2025-02-25,2904.5,1433.79,69.15,127.14,19.43,347.54,5955.25,116.08
2025-02-26,2916.8,1433.2,68.87,127.14,19.1,349.31,5956.06,116.08
2025-02-27,2883.2,1447.35,70.62,127.14,21.13,346.45,5861.57,116.08
2025-02-28,2836.8,1459.04,69.97,128.28,19.63,334.27,5954.5,116.08
2025-03-01,,,,128.28,,,,116.29
2025-03-02,,,,128.28,,,,116.29
2025-03-03,2890.2,1456.49,68.63,128.28,22.78,,5849.72,116.29
2025-03-04,2909.6,1458.46,68.47,128.28,23.51,334.02,5778.15,116.29
2025-03-05,2915.3,1445.21,66.58,128.28,21.93,337.08,5842.63,116.29
2025-03-06,2916.6,1447.34,66.62,128.28,24.87,340.31,5738.52,116.29
2025-03-07,2904.7,1449.3,67.29,125.98,23.37,338.42,5770.2,116.29
2025-03-08,,,,125.98,,,,116.29
2025-03-09,,,,125.98,,,,116.29
2025-03-10,2891.0,1456.74,66.31,125.98,27.86,338.79,5614.56,116.29
2025-03-11,2912.9,1453.07,66.52,125.98,26.92,334.96,5572.07,116.29
2025-03-12,2939.1,1451.7,67.65,125.98,24.23,340.89,5599.3,116.29
2025-03-13,2984.3,1455.76,66.82,125.98,24.66,341.42,5521.52,116.29
2025-03-14,2994.5,1451.76,67.43,125.69,21.77,340.8,5638.94,116.29
2025-03-15,,,,125.69,,,,116.29
2025-03-16,,,,125.69,,,,116.29
2025-03-17,3000.0,1444.71,67.84,125.69,20.51,348.19,5675.12,116.29
2025-03-18,3035.1,1451.28,67.49,125.69,21.7,347.84,5614.66,116.29
2025-03-19,3035.9,1462.15,67.4,125.69,19.9,350.85,5675.29,116.29
2025-03-20,3040.0,1467.77,68.55,125.69,19.8,353.5,5662.89,116.29
2025-03-21,3018.2,1466.49,68.52,126.27,19.28,355.18,5667.56,116.29
2025-03-22,,,,126.27,,,,116.29
2025-03-23,,,,126.27,,,,116.29
2025-03-24,3013.1,1466.91,69.46,126.27,17.48,353.24,5767.57,116.29
2025-03-25,3023.7,1465.32,69.48,126.27,17.15,351.09,5776.65,116.29
2025-03-26,3020.9,1467.25,70.05,126.27,18.33,355.0,5712.2,116.29
2025-03-27,3060.2,1463.9,70.3,126.27,18.69,350.26,5693.31,116.29
2025-03-28,3086.5,1469.2,69.74,126.42,21.65,342.96,5580.94,116.29
2025-03-29,,,,126.42,,,,116.29
2025-03-30,,,,126.42,,,,116.29
2025-03-31,3122.8,1474.44,71.87,126.42,22.28,332.4,5611.85,116.29
2025-04-01,3118.9,1471.0,71.61,126.42,21.77,338.22,5633.07,116.38
2025-04-02,3139.9,1462.06,72.12,126.42,21.51,336.26,5670.97,116.38
2025-04-03,3097.0,1450.55,67.43,126.42,30.02,332.92,5396.52,116.38
2025-04-04,3012.0,1457.76,62.42,125.81,45.31,328.67,5074.08,116.38
2025-04-05,,,,125.81,,,,116.38
2025-04-06,,,,125.81,,,,116.38
2025-04-07,2951.3,1470.22,61.05,125.81,46.98,309.6,5062.25,116.38
2025-04-08,2968.4,1477.97,60.04,125.81,52.33,310.03,4982.77,116.38
2025-04-09,3056.5,1472.75,62.63,125.81,33.62,304.53,5456.9,116.38
2025-04-10,3155.2,1450.37,60.57,125.81,40.72,325.08,5268.05,116.38
2025-04-11,3222.2,1418.79,61.91,124.02,37.56,322.32,5363.36,116.38
2025-04-12,,,,124.02,,,,116.38
2025-04-13,,,,124.02,,,,116.38
2025-04-14,3204.8,1422.56,61.99,124.02,30.89,325.33,5405.97,116.38
2025-04-15,3218.7,1427.16,61.74,124.02,30.12,328.14,5396.63,116.38
2025-04-16,3326.6,1415.24,62.88,124.02,32.64,323.53,5275.7,116.38
2025-04-17,3308.7,1416.1,65.07,124.02,29.65,326.3,5282.7,116.38
2025-04-18,,1423.49,,122.99,,328.35,,116.38
2025-04-19,,,,122.99,,,,116.38
2025-04-20,,,,122.99,,,,116.38
2025-04-21,3406.2,1420.52,63.48,122.99,33.82,329.31,5158.2,116.38
2025-04-22,3400.8,1425.0,64.6,122.99,30.57,328.61,5287.76,116.38
2025-04-23,3276.3,1425.88,62.64,122.99,28.45,333.94,5375.86,116.38
2025-04-24,3332.0,1432.97,63.55,122.99,26.47,333.72,5484.77,116.38
2025-04-25,3282.4,1440.72,63.85,122.89,24.84,336.87,5525.21,116.38
2025-04-26,,,,122.89,,,,116.38
2025-04-27,,,,122.89,,,,116.38
2025-04-28,3332.5,1436.31,63.3,122.89,25.15,337.08,5528.75,116.38
2025-04-29,3318.8,1432.01,61.84,122.89,24.17,339.06,5560.83,116.38
2025-04-30,3305.0,1425.68,59.55,122.89,24.7,338.74,5569.06,116.38
2025-05-01,3210.0,1437.58,60.59,122.89,24.6,,5604.14,116.27
2025-05-02,3231.9,1398.89,59.67,122.5,22.68,338.79,5686.67,116.27
2025-05-03,,,,122.5,,,,116.27
2025-05-04,,,,122.5,,,,116.27
2025-05-05,3311.3,1375.11,58.5,122.5,23.64,,5650.38,116.27
2025-05-06,3411.4,1377.15,60.42,122.5,24.76,,5606.91,116.27
2025-05-07,3381.4,1391.86,59.42,122.5,23.55,341.31,5631.28,116.27
2025-05-08,3296.6,1403.61,61.25,122.5,22.48,341.47,5663.94,116.27
2025-05-09,3335.4,1398.51,62.37,122.52,21.9,341.49,5659.91,116.27
2025-05-10,,,,122.52,,,,116.27
2025-05-11,,,,122.52,,,,116.27
2025-05-12,3220.0,1417.77,63.32,122.52,18.39,347.08,5844.19,116.27
2025-05-13,3240.3,1418.65,65.04,122.52,18.22,347.17,5886.55,116.27
2025-05-14,3181.4,1398.83,64.48,122.52,18.62,351.79,5892.58,116.27
2025-05-15,3220.7,1397.65,63.03,122.52,17.83,349.16,5916.93,116.27
2025-05-16,3182.0,1401.19,63.84,123.07,17.24,350.45,5958.38,116.27
2025-05-17,,,,123.07,,,,116.27
2025-05-18,,,,123.07,,,,116.27
2025-05-19,3228.9,1388.48,63.98,123.07,18.14,346.57,5963.6,116.27
2025-05-20,3280.3,1393.36,63.97,123.07,18.09,347.02,5940.46,116.27
2025-05-21,3309.3,1371.64,62.93,123.07,20.87,349.38,5844.61,116.27
2025-05-22,3292.3,1381.55,62.55,123.07,20.28,344.8,5842.01,116.27
2025-05-23,3363.6,1365.03,62.89,121.38,22.29,345.28,5802.82,116.27
2025-05-24,,,,121.38,,,,116.27
2025-05-25,,,,121.38,,,,116.27
2025-05-26,,,,121.38,20.57,352.11,,116.27
2025-05-27,3299.1,1375.85,61.61,121.38,18.96,351.28,5921.54,116.27
2025-05-28,3293.6,1374.6,62.54,121.38,19.31,356.36,5888.55,116.27
2025-05-29,3317.1,1371.75,61.66,121.38,19.18,363.08,5912.17,116.27
2025-05-30,3288.9,1381.13,61.46,121.77,18.57,359.62,5911.69,116.27
2025-05-31,,,,121.77,,,,116.27
2025-06-01,,,,121.77,,,,116.31
2025-06-02,3370.6,1376.42,63.27,121.77,18.36,359.69,5935.94,116.31
2025-06-03,3350.2,1378.45,64.1,121.77,17.69,,5970.37,116.31
2025-06-04,3373.5,1364.16,63.57,121.77,17.61,369.9,5970.81,116.31
2025-06-05,3350.7,1355.97,64.06,121.77,18.48,376.54,5939.3,116.31
2025-06-06,3322.7,1360.28,65.3,121.16,16.77,,6000.36,116.31
2025-06-07,,,,121.16,,,,116.31
2025-06-08,,,,121.16,,,,116.31
2025-06-09,3332.1,1354.99,65.99,121.16,17.16,382.99,6005.88,116.31
2025-06-10,3320.9,1367.55,65.66,121.16,16.95,384.79,6038.81,116.31
2025-06-11,3321.3,1368.29,68.91,121.16,17.26,389.79,6022.24,116.31
2025-06-12,3380.9,1356.47,68.73,121.16,18.02,390.62,6045.26,116.31
2025-06-13,3431.2,1364.93,73.84,120.32,20.82,387.3,5976.97,116.31
2025-06-14,,,,120.32,,,,116.31
2025-06-15,,,,120.32,,,,116.31
2025-06-16,3396.4,1357.55,72.53,120.32,19.11,394.16,6033.11,116.31
2025-06-17,3386.6,1370.29,75.62,120.32,21.6,395.18,5982.72,116.31
2025-06-18,3389.8,1372.11,75.89,120.32,20.14,398.86,5980.87,116.31
2025-06-19,,,,120.32,22.17,399.29,,116.31
2025-06-20,3368.1,1372.45,75.72,121.04,20.62,405.32,5967.84,116.31
2025-06-21,,,,121.04,,,,116.31
2025-06-22,,,,121.04,,,,116.31
2025-06-23,3377.7,1382.61,69.36,121.04,19.83,404.32,6025.17,116.31
2025-06-24,3317.4,1359.0,65.45,121.04,17.48,417.76,6092.18,116.31
2025-06-25,3327.1,1362.17,65.98,121.04,16.76,419.51,6092.16,116.31
2025-06-26,3333.5,1355.64,66.44,121.04,16.59,415.66,6141.02,116.31
2025-06-27,3273.7,1360.72,66.66,119.66,16.32,412.72,6173.07,116.31
2025-06-28,,,,119.66,,,,116.31
2025-06-29,,,,119.66,,,,116.31
2025-06-30,3294.4,1353.5,66.3,119.66,16.73,414.6,6204.95,116.31
2025-07-01,3336.7,1358.06,66.64,119.66,16.83,416.26,6198.01,116.52
2025-07-02,3348.0,1356.9,68.66,119.66,16.64,414.43,6227.42,116.52
2025-07-03,3331.6,1364.65,68.13,119.66,16.38,420.94,6279.35,116.52
2025-07-04,3332.5,,,119.24,17.48,412.74,,116.52
2025-07-05,,,,119.24,,,,116.52
2025-07-06,,,,119.24,,,,116.52
2025-07-07,3332.2,1369.6,69.16,119.24,17.79,413.02,6229.98,116.52
2025-07-08,3307.0,1372.74,69.55,119.24,16.81,421.22,6225.52,116.52
2025-07-09,3311.6,1375.04,69.61,119.24,15.94,422.02,6263.26,116.52
2025-07-10,3317.4,1373.37,67.78,119.24,15.78,428.42,6280.46,116.52
2025-07-11,3356.0,1375.37,69.63,119.92,16.4,428.07,6259.75,116.52
2025-07-12,,,,119.92,,,,116.52
2025-07-13,,,,119.92,,,,116.52
2025-07-14,3351.5,1382.51,68.19,119.92,17.2,432.49,6268.56,116.52
2025-07-15,3329.8,1385.39,67.76,119.92,17.38,434.78,6243.76,116.52
2025-07-16,3352.5,1390.84,67.13,119.92,17.16,431.16,6263.7,116.52
2025-07-17,3340.1,1391.04,68.76,119.92,16.52,431.64,6297.36,116.52
2025-07-18,3353.0,1390.29,68.53,120.36,16.41,431.1,6296.79,116.52
2025-07-19,,,,120.36,,,,116.52
2025-07-20,,,,120.36,,,,116.52
2025-07-21,3401.9,1381.22,68.39,120.36,16.65,434.56,6305.6,116.52
2025-07-22,3439.2,1381.58,67.56,120.36,16.5,428.05,6309.62,116.52
2025-07-23,3394.1,1375.38,66.05,120.36,15.37,430.04,6358.91,116.52
2025-07-24,3371.0,1371.0,67.16,120.36,15.39,430.03,6363.35,116.52
2025-07-25,3334.0,1382.92,66.38,119.99,14.93,430.78,6388.64,116.52
2025-07-26,,,,119.99,,,,116.52
2025-07-27,,,,119.99,,,,116.52
2025-07-28,3309.1,1388.21,67.81,119.99,15.03,433.37,6389.77,116.52
2025-07-29,3323.4,1390.63,70.27,119.99,15.98,435.84,6370.86,116.52
2025-07-30,3295.8,1391.58,71.09,119.99,15.48,439.81,6362.9,116.52
2025-07-31,3293.2,1396.19,70.36,119.99,16.72,438.6,6339.39,116.52
2025-08-01,3347.7,1388.34,68.39,121.21,20.38,420.72,6238.01,116.45
2025-08-02,,,,121.21,,,,116.45
2025-08-03,,,,121.21,,,,116.45
2025-08-04,3374.4,1385.71,67.33,121.21,17.52,424.79,6329.94,116.45
2025-08-05,3381.9,1386.64,66.2,121.21,17.85,431.25,6299.19,116.45
2025-08-06,3380.0,1384.64,65.38,121.21,16.77,430.68,6345.06,116.45
2025-08-07,3400.3,1386.05,64.9,121.21,16.57,435.35,6340.0,116.45
2025-08-08,3439.1,1389.7,64.94,120.33,15.15,433.47,6389.45,116.45
2025-08-09,,,,120.33,,,,116.45
2025-08-10,,,,120.33,,,,116.45
2025-08-11,3353.1,1392.74,65.03,120.33,16.25,433.29,6373.45,116.45
2025-08-12,3348.9,1385.4,64.22,120.33,14.73,431.63,6445.76,116.45
2025-08-13,3358.7,1378.9,63.68,120.33,14.49,436.92,6466.58,116.45
2025-08-14,3335.2,1390.59,64.99,120.33,14.83,436.57,6468.54,116.45
2025-08-15,3336.0,1387.87,63.78,120.34,15.09,,6449.8,116.45
2025-08-16,,,,120.34,,,,116.45
2025-08-17,,,,120.34,,,,116.45
2025-08-18,3331.7,1387.34,64.51,120.34,14.99,429.19,6449.15,116.45
2025-08-19,3313.4,1392.04,63.38,120.34,15.57,426.18,6411.37,116.45
2025-08-20,3343.4,1397.7,64.19,120.34,15.69,423.66,6395.78,116.45
2025-08-21,3336.9,1401.88,64.56,120.34,16.6,424.41,6370.17,116.45
2025-08-22,3374.4,1381.71,64.08,120.28,14.22,428.5,6466.91,116.45
2025-08-23,,,,120.28,,,,116.45
2025-08-24,,,,120.28,,,,116.45
2025-08-25,3373.8,1389.06,65.18,120.28,14.79,433.89,6439.32,116.45
2025-08-26,3388.6,1393.52,63.6,120.28,14.62,429.41,6465.94,116.45
2025-08-27,3404.6,1394.54,64.49,120.28,14.85,430.31,6481.4,116.45
2025-08-28,3431.8,1384.85,64.96,120.28,14.43,431.81,6501.86,116.45
2025-08-29,3473.7,1389.76,64.36,120.21,15.36,430.12,6460.26,116.45
2025-08-30,,,,120.21,,,,116.45
2025-08-31,,,,120.21,,,,116.45
2025-09-01,,,,120.21,16.12,423.33,,117.06
2025-09-02,3549.4,1394.76,65.95,120.21,17.17,428.15,6415.54,117.06
2025-09-03,3593.2,1389.21,64.36,120.21,16.35,430.37,6448.26,117.06
2025-09-04,3565.8,1394.8,63.81,120.21,15.3,432.32,6502.08,117.06
2025-09-05,3613.2,1385.28,62.22,120.13,15.18,432.86,6481.5,117.06
2025-09-06,,,,120.13,,,,117.06
2025-09-07,,,,120.13,,,,117.06
2025-09-08,3638.1,1386.29,62.6,120.13,15.11,434.85,6495.15,117.06
2025-09-09,3643.3,1388.16,62.97,120.13,15.04,441.28,6512.61,117.06
2025-09-10,3643.6,1386.97,64.01,120.13,15.35,450.05,6532.04,117.06
2025-09-11,3636.9,1388.97,62.71,120.13,14.71,454.0,6587.47,117.06
2025-09-12,3649.4,1394.06,63.02,120.06,14.76,462.74,6584.29,117.06
2025-09-13,,,,120.06,,,,117.06
2025-09-14,,,,120.06,,,,117.06
2025-09-15,3682.2,1385.09,63.66,120.06,15.69,464.65,6615.28,117.06
2025-09-16,3688.9,1381.49,64.89,120.06,16.36,472.85,6606.76,117.06
2025-09-17,3681.8,1375.5,64.41,120.06,15.72,466.99,6600.35,117.06
2025-09-18,3643.7,1388.51,63.91,120.06,15.7,475.34,6631.96,117.06
2025-09-19,3671.5,1397.43,63.02,119.79,15.45,473.44,6664.36,117.06
2025-09-20,,,,119.79,,,,117.06
2025-09-21,,,,119.79,,,,117.06
2025-09-22,3740.7,1392.4,62.99,119.79,16.1,478.29,6693.75,117.06
2025-09-23,3780.6,1394.28,63.76,119.79,16.64,481.54,6656.92,117.06
2025-09-24,3732.1,1404.7,65.4,119.79,16.18,480.39,6637.97,117.06
2025-09-25,3736.9,1408.67,65.51,119.79,16.74,480.63,6604.72,117.06
2025-09-26,3775.3,1410.05,66.5,120.43,15.29,468.03,6643.7,117.06
2025-09-27,,,,120.43,,,,117.06
2025-09-28,,,,120.43,,,,117.06
2025-09-29,3820.9,1399.76,64.27,120.43,16.12,475.22,6661.21,117.06
2025-09-30,3840.8,1404.63,63.17,120.43,16.28,474.03,6688.46,117.06
2025-10-01,3867.5,1402.45,62.59,120.43,16.29,479.37,6711.2,117.42
2025-10-02,3839.7,1406.72,61.28,120.43,16.63,493.41,6715.35,117.42
2025-10-03,3880.8,1406.16,61.65,120.09,16.65,,6715.79,117.42
2025-10-04,,,,120.09,,,,117.42
2025-10-05,,,,120.09,,,,117.42
2025-10-06,3948.5,1410.47,62.49,120.09,16.37,,6740.28,117.42
2025-10-07,3976.6,1413.12,62.52,120.09,17.24,,6714.59,117.42
2025-10-08,4043.3,1424.17,63.37,120.09,16.3,,6753.72,117.42
2025-10-09,3946.3,1423.68,62.36,120.09,16.43,,6735.11,117.42
2025-10-10,3975.9,1428.39,59.75,121.12,21.66,506.97,6552.51,117.42
2025-10-11,,,,121.12,,,,117.42
2025-10-12,,,,121.12,,,,117.42
2025-10-13,4108.6,,,121.12,19.03,501.87,6654.72,117.42
2025-10-14,4138.7,1429.91,59.52,121.12,20.81,496.89,6644.31,117.42
2025-10-15,4176.9,1423.12,59.08,121.12,20.64,510.55,6671.06,117.42
2025-10-16,4280.2,1416.07,58.29,121.12,25.31,524.45,6629.07,117.42
2025-10-17,4189.9,1421.89,58.3,120.7,20.78,525.48,6664.01,117.42
2025-10-18,,,,120.7,,,,117.42
2025-10-19,,,,120.7,,,,117.42
2025-10-20,4336.4,1420.39,58.34,120.7,18.23,535.28,6735.13,117.42
2025-10-21,4087.7,1430.58,58.66,120.7,17.87,535.28,6735.35,117.42
2025-10-22,4044.4,1429.94,59.3,120.7,18.6,542.59,6699.4,117.42
2025-10-23,4125.5,1437.25,62.44,120.7,17.3,536.37,6738.44,117.42
2025-10-24,4118.4,1438.35,62.27,120.93,16.37,550.01,6791.69,117.42
2025-10-25,,,,120.93,,,,117.42
2025-10-26,,,,120.93,,,,117.42
2025-10-27,4001.9,1432.72,62.13,120.93,15.79,565.69,6875.16,117.42
2025-10-28,3966.2,1432.72,60.97,120.93,16.42,559.51,6890.89,117.42
2025-10-29,3983.7,1420.83,61.26,120.93,16.92,571.51,6890.59,117.42
2025-10-30,4001.3,1430.45,61.36,120.93,16.91,575.21,6822.34,117.42
2025-10-31,3982.2,1428.37,61.75,121.39,17.44,579.46,6840.2,117.42
2025-11-01,,,,121.39,,,,117.2
2025-11-02,,,,121.39,,,,117.2
2025-11-03,4000.3,1430.65,61.79,121.39,17.17,599.03,6851.97,117.2
2025-11-04,3947.7,1440.22,61.38,121.39,19.0,581.94,6771.55,117.2
2025-11-05,3980.3,1440.95,60.4,121.39,18.01,565.4,6796.29,117.2
2025-11-06,3979.9,1449.28,60.24,121.39,19.5,568.38,6720.32,117.2
2025-11-07,3999.4,1461.07,60.54,121.39,19.08,557.98,6728.8,117.2
2025-11-08,,,,121.39,,,,117.2
2025-11-09,,,,121.39,,,,117.2
2025-11-10,4111.8,1456.34,60.94,121.39,17.6,575.31,6832.43,117.2
2025-11-11,4106.8,,,121.39,17.28,581.41,6846.61,117.2
2025-11-12,4204.4,1468.6,59.3,121.39,17.51,586.73,6850.92,117.2
2025-11-13,4186.9,1465.32,59.54,121.39,20.0,588.65,6737.49,117.2
2025-11-14,4087.6,1453.2,60.87,120.97,19.83,563.43,6734.11,117.2
2025-11-15,,,,120.97,,,,117.2
2025-11-16,,,,120.97,,,,117.2
2025-11-17,4068.3,1459.71,60.66,120.97,22.38,576.65,6672.41,117.2
2025-11-18,4061.3,1461.3,61.51,120.97,24.69,556.45,6617.32,117.2
2025-11-19,4077.7,1467.69,60.27,120.97,23.66,552.66,6642.16,117.2
2025-11-20,4056.5,1472.65,60.07,120.97,26.42,564.2,6538.76,117.2
2025-11-21,4076.7,1470.84,58.86,121.87,23.43,540.36,6602.99,117.2
2025-11-22,,,,121.87,,,,117.2
2025-11-23,,,,121.87,,,,117.2
2025-11-24,4091.9,1475.94,59.11,121.87,20.52,540.81,6705.12,117.2
2025-11-25,4139.2,1468.02,58.25,121.87,18.56,544.62,6765.88,117.2
2025-11-26,4165.2,1468.39,58.81,121.87,17.19,559.37,6812.61,117.2
2025-11-27,,,,121.87,17.21,563.36,,117.2
2025-11-28,4218.3,1467.65,58.58,121.05,16.35,554.0,6849.09,117.2
2025-11-29,,,,121.05,,,,117.2
2025-11-30,,,,121.05,,,,117.2
2025-12-01,4239.3,1467.79,59.47,121.05,17.24,553.96,6812.63,117.57
2025-12-02,4186.6,1469.23,58.81,121.05,16.59,565.72,6829.37,117.57
2025-12-03,4199.3,1465.94,59.09,121.05,16.08,570.79,6849.72,117.57
2025-12-04,4211.8,1473.22,59.82,121.05,15.78,569.75,6857.12,117.57
2025-12-05,4212.9,1472.83,60.23,120.69,15.41,580.81,6870.4,117.57
2025-12-06,,,,120.69,,,,117.57
2025-12-07,,,,120.69,,,,117.57
2025-12-08,4187.2,1469.19,59.04,120.69,16.66,589.17,6846.51,117.57
2025-12-09,4206.7,1469.48,58.4,120.69,16.93,585.76,6840.51,117.57
2025-12-10,4196.4,1470.2,58.67,120.69,15.77,585.52,6886.68,117.57
2025-12-11,4285.5,1471.38,57.76,120.69,14.85,580.16,6901.0,117.57
2025-12-12,4300.1,1477.72,57.61,120.14,15.74,587.93,6827.41,117.57
2025-12-13,,,,120.14,,,,117.57
2025-12-14,,,,120.14,,,,117.57
2025-12-15,4306.7,1468.62,56.97,120.14,16.5,574.49,6816.51,117.57
2025-12-16,4304.5,1472.48,55.44,120.14,16.48,561.52,6800.26,117.57
2025-12-17,4347.5,1475.05,56.07,120.14,17.62,572.62,6721.43,117.57
2025-12-18,4339.5,1473.21,56.22,120.14,16.87,565.65,6774.76,117.57
2025-12-19,4361.4,1477.26,56.8,120.17,14.91,568.4,6834.5,117.57
2025-12-20,,,,120.17,,,,117.57
2025-12-21,,,,120.17,,,,117.57
2025-12-22,4444.6,1480.13,58.18,120.17,14.08,582.73,6878.49,117.57
2025-12-23,4482.8,1481.45,58.55,120.17,14.0,584.64,6909.79,117.57
2025-12-24,4480.6,1443.62,58.72,120.17,13.47,584.21,6932.05,117.57
2025-12-25,,,,120.17,,,,117.57
2025-12-26,4529.1,1441.16,56.6,119.47,13.6,590.08,6929.94,117.57
2025-12-27,,,,119.47,,,,117.57
2025-12-28,,,,119.47,,,,117.57
2025-12-29,4325.1,1433.88,57.89,119.47,14.2,605.69,6905.74,117.57
2025-12-30,4370.1,1439.42,57.79,119.47,14.33,605.98,6896.24,117.57
2025-12-31,4325.6,1444.55,57.26,119.47,14.95,,6845.5,117.57
2026-01-01,,,,119.47,,,,118.03
2026-01-02,4314.4,1444.45,57.21,119.61,14.51,624.17,6858.47,118.03
2026-01-03,,,,119.61,,,,118.03
2026-01-04,,,,119.61,,,,118.03
2026-01-05,4436.9,1444.88,58.1,119.61,14.9,648.74,6902.05,118.03
2026-01-06,4482.2,1446.93,56.97,119.61,14.75,659.45,6944.82,118.03
2026-01-07,4449.3,1447.45,56.01,119.61,15.38,664.48,6920.93,118.03
2026-01-08,4449.7,1452.15,57.74,119.61,15.45,664.18,6921.46,118.03
2026-01-09,4490.3,1458.61,58.96,120.22,14.49,668.25,6966.28,118.03
2026-01-10,,,,120.22,,,,118.03
2026-01-11,,,,120.22,,,,118.03
2026-01-12,4604.3,1467.08,59.39,120.22,15.12,672.86,6977.27,118.03
2026-01-13,4589.2,1475.78,60.85,120.22,15.98,680.71,6963.74,118.03
2026-01-14,4626.3,1464.29,61.84,120.22,16.75,685.76,6926.6,118.03
2026-01-15,4616.3,1469.39,59.13,120.22,15.84,696.39,6944.47,118.03
2026-01-16,4588.4,1474.05,59.4,120.08,15.86,704.64,6940.01,118.03
2026-01-17,,,,120.08,,,,118.03
2026-01-18,,,,120.08,,,,118.03
2026-01-19,,,,120.08,18.84,713.96,,118.03
2026-01-20,4759.6,1478.33,60.3,120.08,20.09,708.48,6796.86,118.03
2026-01-21,4831.8,1465.95,60.38,120.08,16.9,714.94,6875.62,118.03
2026-01-22,4908.8,1464.34,59.24,120.08,15.64,722.3,6913.35,118.03
2026-01-23,4976.2,1462.89,60.7,118.9,16.09,727.29,6915.61,118.03
2026-01-24,,,,118.9,,,,118.03
2026-01-25,,,,118.9,,,,118.03
2026-01-26,5079.7,1441.49,60.46,118.9,16.15,720.04,6950.23,118.03
2026-01-27,5079.9,1437.45,62.04,118.9,16.35,745.13,6978.6,118.03
2026-01-28,5301.6,1436.06,62.75,118.9,16.35,758.72,6978.03,118.03
2026-01-29,5318.4,1433.84,64.77,118.9,16.88,765.59,6969.01,118.03
2026-01-30,4713.9,1444.51,64.5,117.9,17.44,768.41,6939.03,118.03
2026-01-31,,,,117.9,,,,118.03
2026-02-01,,,,117.9,,,,118.4
2026-02-02,4622.5,1452.03,61.6,117.9,16.34,725.46,6976.44,118.4
2026-02-03,4903.7,1447.7,62.62,117.9,18.0,779.54,6917.81,118.4
2026-02-04,4920.4,1459.24,64.56,117.9,18.64,790.38,6882.72,118.4
2026-02-05,4861.4,1463.13,62.9,117.9,21.77,756.95,6798.4,118.4
2026-02-06,4951.2,1462.75,63.77,118.24,17.76,748.1,6932.3,118.4
2026-02-07,,,,118.24,,,,118.4
2026-02-08,,,,118.24,,,,118.4
2026-02-09,5050.9,1458.12,64.53,118.24,17.36,780.94,6964.82,118.4
2026-02-10,5003.8,1456.82,64.2,118.24,17.79,780.76,6941.81,118.4
2026-02-11,5071.6,1446.96,64.8,118.24,17.65,788.75,6941.47,118.4
2026-02-12,4923.7,1439.8,63.08,118.24,20.82,816.28,6832.76,118.4
2026-02-13,5022.0,1442.9,63.05,117.53,20.6,814.59,6836.17,118.4
2026-02-14,,,,117.53,,,,118.4
2026-02-15,,,,117.53,,,,118.4
2026-02-16,,,,117.53,21.2,,,118.4
2026-02-17,4882.9,1444.43,62.53,117.53,20.29,,6843.22,118.4
2026-02-18,4986.5,1445.15,65.33,117.53,19.62,,6881.31,118.4
2026-02-19,4975.9,1450.1,66.66,117.53,20.23,840.24,6861.89,118.4
2026-02-20,5059.3,1445.97,66.69,117.99,19.09,859.59,6909.51,118.4
2026-02-21,,,,117.99,,,,118.4
2026-02-22,,,,117.99,,,,118.4
2026-02-23,5204.7,1442.62,66.36,117.99,21.01,865.49,6837.75,118.4
2026-02-24,5155.8,1440.45,65.62,117.99,19.55,886.88,6890.07,118.4
2026-02-25,5206.4,1427.12,65.3,117.99,17.93,903.83,6946.13,118.4
2026-02-26,5176.5,1433.32,65.1,117.99,18.63,944.02,6908.86,118.4
2026-02-27,5230.5,1439.82,66.96,117.82,19.86,933.34,6878.88,118.4
2026-02-28,,,,117.82,,,,118.4
2026-03-01,,,,117.82,,,,118.8
2026-03-02,5294.4,1439.8,71.13,117.82,21.44,,6881.62,118.8
2026-03-03,5107.4,1485.6,74.48,117.82,23.57,859.4,6816.63,118.8
2026-03-04,5120.2,1462.7,74.58,117.82,21.15,756.79,6869.5,118.8
2026-03-05,5065.3,1483.36,80.88,117.82,23.75,831.22,6830.71,118.8
2026-03-06,5146.1,1482.98,90.77,119.49,29.49,828.83,6740.02,118.8
2026-03-07,,,,119.49,,,,118.8
2026-03-08,,,,119.49,,,,118.8
2026-03-09,5091.5,1478.15,94.65,119.49,25.5,775.31,6795.99,118.8
2026-03-10,5229.7,1465.29,83.71,119.49,24.93,823.02,6781.48,118.8
2026-03-11,5167.4,1474.94,86.8,119.49,24.23,834.05,6775.8,118.8
2026-03-12,5115.8,1491.81,95.61,119.49,27.29,827.51,6672.62,118.8
2026-03-13,5052.5,1498.88,98.48,120.55,27.19,812.93,6632.19,118.8
2026-03-14,,,,120.55,,,,118.8
2026-03-15,,,,120.55,,,,118.8
2026-03-16,4994.0,1493.01,93.39,120.55,23.51,826.83,6699.38,118.8
2026-03-17,5001.0,1488.68,96.01,120.55,22.37,840.89,6716.09,118.8
2026-03-18,4889.9,1500.19,96.12,120.55,25.09,888.57,6624.7,118.8
2026-03-19,4600.7,1495.88,96.11,120.55,24.06,862.37,6606.49,118.8
2026-03-20,4570.4,1504.15,98.71,120.28,26.78,862.5,6506.48,118.8
2026-03-21,,,,120.28,,,,118.8
2026-03-22,,,,120.28,,,,118.8
2026-03-23,4404.1,1492.07,89.33,120.28,26.15,804.86,6581.0,118.8
2026-03-24,4399.3,1496.95,93.18,120.28,26.95,827.64,6556.37,118.8
2026-03-25,4549.8,1500.32,91.51,120.28,25.33,838.7,6591.9,118.8
2026-03-26,4375.5,1504.57,96.18,120.28,27.44,808.89,6477.16,118.8
2026-03-27,4492.0,1509.86,101.26,120.89,31.05,805.19,6368.85,118.8
2026-03-28,,,,120.89,,,,118.8
2026-03-29,,,,120.89,,,,118.8
2026-03-30,4526.0,1518.7,104.69,120.89,30.61,780.32,6343.72,118.8
2026-03-31,4647.6,1523.5,102.86,120.89,25.25,744.57,6528.52,118.8
2026-04-01,4783.2,1511.31,101.9,120.89,24.54,813.84,6575.32,119.37
2026-04-02,4651.5,1509.54,113.23,120.89,23.87,774.63,6582.69,119.37
2026-04-03,,1510.17,,120.66,,798.32,,119.37
2026-04-04,,,,120.66,,,,119.37
2026-04-05,,,,120.66,,,,119.37
2026-04-06,4656.8,1507.55,114.01,120.66,24.17,811.84,6611.83,119.37
2026-04-07,4657.1,1501.86,114.58,120.66,25.78,821.1,6616.85,119.37
2026-04-08,4749.5,1477.1,96.17,120.66,21.04,882.81,6782.81,119.37
2026-04-09,4792.2,1472.92,99.62,120.66,19.49,865.75,6824.66,119.37
2026-04-10,4761.9,1483.9,98.34,118.86,19.23,878.78,6816.89,119.37
2026-04-11,,,,118.86,,,,119.37
2026-04-12,,,,118.86,,,,119.37
2026-04-13,4742.4,1486.94,100.72,118.86,19.12,870.78,6886.24,119.37
2026-04-14,4825.0,1471.51,93.07,118.86,18.36,897.0,6967.38,119.37
2026-04-15,4800.0,1474.41,93.04,118.86,18.17,916.6,7022.95,119.37
2026-04-16,4785.4,1478.19,96.46,118.86,17.94,937.87,7041.28,119.37
2026-04-17,4857.6,1461.66,85.91,118.08,17.48,931.41,7126.06,119.37
2026-04-18,,,,118.08,,,,119.37
2026-04-19,,,,118.08,,,,119.37
2026-04-20,4806.6,1470.31,91.06,118.08,18.87,935.75,7109.14,119.37
2026-04-21,4698.4,1478.52,93.64,118.08,19.5,962.26,7064.01,119.37
2026-04-22,4732.5,1480.61,94.76,118.08,18.92,964.52,7137.9,119.37
2026-04-23,4705.1,1479.19,99.27,118.08,19.31,975.62,7108.4,119.37
2026-04-24,4722.3,1476.47,98.42,118.73,18.71,971.87,7165.08,119.37
2026-04-25,,,,118.73,,,,119.37
2026-04-26,,,,118.73,,,,119.37
2026-04-27,4675.4,1473.4,99.89,118.73,18.02,995.33,7173.91,119.37
2026-04-28,4591.5,1472.37,103.45,118.73,17.83,999.03,7138.8,119.37
2026-04-29,4545.2,1487.69,110.47,118.73,18.81,1006.59,7135.95,119.37
2026-04-30,4614.7,1477.93,108.64,118.73,16.89,992.15,7209.01,119.37
2026-05-01,4629.9,1477.22,105.38,118.39,16.99,,7230.12,119.92
2026-05-02,,,,118.39,,,,119.92
2026-05-03,,,,118.39,,,,119.92
2026-05-04,4519.5,1476.01,109.76,118.39,18.29,1049.66,7200.75,119.92
2026-05-05,4555.8,1478.41,105.66,118.39,17.38,,7259.22,119.92
2026-05-06,4681.9,1447.01,98.75,118.39,17.39,1129.63,7365.12,119.92
2026-05-07,4699.8,1453.85,98.38,118.39,17.08,1149.86,7337.11,119.92
2026-05-08,4720.4,1461.06,98.87,118.04,17.19,1151.17,7398.93,119.92
2026-05-09,,,,118.04,,,,119.92
2026-05-10,,,,118.04,,,,119.92
2026-05-11,4718.7,1469.91,101.56,118.04,18.38,1211.44,7412.84,119.92
2026-05-12,4677.6,1490.32,105.78,118.04,17.99,1183.41,7400.96,119.92
2026-05-13,4697.7,1490.11,104.52,118.04,17.87,1220.17,7444.25,119.92
2026-05-14,4678.1,1491.75,104.66,118.04,17.26,1243.17,7501.24,119.92
2026-05-15,4555.8,1499.61,108.99,119.28,18.43,1162.39,7408.5,119.92
2026-05-16,,,,119.28,,,,119.92
2026-05-17,,,,119.28,,,,119.92
2026-05-18,4552.5,1494.67,112.25,119.28,17.82,1171.3,7403.05,119.92
2026-05-19,4506.3,1508.49,112.09,119.28,18.06,1132.42,7353.61,119.92
2026-05-20,4531.3,1498.77,101.69,119.28,17.44,1125.51,7432.97,119.92
2026-05-21,4539.8,1508.47,100.2,119.28,16.76,1225.22,7445.72,119.92
2026-05-22,4521.0,1517.33,100.35,119.29,16.7,1226.03,7473.47,119.92
2026-05-23,,,,119.29,,,,119.92
2026-05-24,,,,119.29,,,,119.92
2026-05-25,,,,119.29,16.59,,,119.92
2026-05-26,4500.4,1506.75,97.63,119.29,17.01,1260.53,7519.12,119.92
2026-05-27,4447.5,1498.28,92.35,119.29,16.29,1298.86,7520.36,119.92
2026-05-28,4499.3,1495.94,92.65,119.29,15.74,1292.57,7563.63,119.92
2026-05-29,4560.5,1503.96,91.16,118.88,15.32,1342.82,7580.06,119.92
2026-05-30,,,,118.88,,,,119.92
2026-05-31,,,,118.88,,,,119.92
2026-06-01,4475.2,,95.96,118.88,16.05,1399.91,7599.96,
2026-06-02,4489.1,,,118.88,15.77,1407.23,7609.78,
2026-06-03,4436.7,,,118.88,16.06,,7553.68,
2026-06-04,4475.8,,,118.88,15.4,1379.56,7584.31,
2026-06-05,4337.1,,,118.88,,1297.02,7383.74,
2026-06-06,,,,118.88,,,,
2026-06-07,,,,118.88,,,,
2026-06-08,4331.5,,,118.88,,1187.4,,
