feature_kr,feature_value,shap_value
한국 소비자물가지수,116.38,0.036145207
한국 소비자물가지수,116.38,0.03584693
한국 소비자물가지수,116.38,0.043390956
한국 소비자물가지수,116.38,0.02212204
한국 소비자물가지수,116.38,0.024280587
한국 소비자물가지수,116.38,0.018674562
한국 소비자물가지수,116.38,0.037807725
한국 소비자물가지수,116.38,0.044903968
한국 소비자물가지수,116.38,0.07020108
한국 소비자물가지수,116.38,0.06761042
한국 소비자물가지수,116.38,0.049097247
한국 소비자물가지수,116.38,0.056833077
한국 소비자물가지수,116.38,0.05150766
한국 소비자물가지수,116.38,0.053467795
한국 소비자물가지수,116.38,0.05816856
한국 소비자물가지수,116.38,0.06045083
한국 소비자물가지수,116.38,0.056491777
한국 소비자물가지수,116.38,0.053151425
한국 소비자물가지수,116.38,0.024032908
한국 소비자물가지수,116.38,0.058117244
한국 소비자물가지수,116.38,0.033804152
한국 소비자물가지수,116.27,0.059208825
한국 소비자물가지수,116.27,0.046120323
한국 소비자물가지수,116.27,0.061805416
한국 소비자물가지수,116.27,0.029101124
한국 소비자물가지수,116.27,0.06647349
한국 소비자물가지수,116.27,0.045459908
한국 소비자물가지수,116.27,0.03959794
한국 소비자물가지수,116.27,0.089348055
한국 소비자물가지수,116.27,0.043843254
한국 소비자물가지수,116.27,0.10521538
한국 소비자물가지수,116.27,0.061583586
한국 소비자물가지수,116.27,0.100472406
한국 소비자물가지수,116.27,0.06772283
한국 소비자물가지수,116.27,0.09711312
한국 소비자물가지수,116.27,0.047208607
한국 소비자물가지수,116.27,0.10542803
한국 소비자물가지수,116.27,0.074555576
한국 소비자물가지수,116.27,0.09424182
한국 소비자물가지수,116.27,0.06545317
한국 소비자물가지수,116.27,0.07624556
한국 소비자물가지수,116.27,0.053728625
한국 소비자물가지수,116.31,0.077455014
한국 소비자물가지수,116.31,0.0888965
한국 소비자물가지수,116.31,0.092651404
한국 소비자물가지수,116.31,0.08955641
한국 소비자물가지수,116.31,0.07403811
한국 소비자물가지수,116.31,0.08854674
한국 소비자물가지수,116.31,0.07150386
한국 소비자물가지수,116.31,0.044934906
한국 소비자물가지수,116.31,0.061088514
한국 소비자물가지수,116.31,0.056991678
한국 소비자물가지수,116.31,0.060461093
한국 소비자물가지수,116.31,0.041153472
한국 소비자물가지수,116.31,0.04404758
한국 소비자물가지수,116.31,0.046222374
한국 소비자물가지수,116.31,0.06111905
한국 소비자물가지수,116.31,0.078043245
한국 소비자물가지수,116.31,0.04873711
한국 소비자물가지수,116.31,0.07783562
한국 소비자물가지수,116.31,0.06407061
한국 소비자물가지수,116.31,0.0850489
한국 소비자물가지수,116.52,0.09450261
한국 소비자물가지수,116.52,0.0690544
한국 소비자물가지수,116.52,0.09381756
한국 소비자물가지수,116.52,0.08908525
한국 소비자물가지수,116.52,0.097673945
한국 소비자물가지수,116.52,0.08920709
한국 소비자물가지수,116.52,0.098322265
한국 소비자물가지수,116.52,0.09786044
한국 소비자물가지수,116.52,0.08247751
한국 소비자물가지수,116.52,0.10240392
한국 소비자물가지수,116.52,0.08214302
한국 소비자물가지수,116.52,0.09845818
한국 소비자물가지수,116.52,0.086510584
한국 소비자물가지수,116.52,0.105508275
한국 소비자물가지수,116.52,0.078188114
한국 소비자물가지수,116.52,0.06497877
한국 소비자물가지수,116.52,0.06972724
한국 소비자물가지수,116.52,0.06028136
한국 소비자물가지수,116.52,0.06529164
한국 소비자물가지수,116.52,0.039164864
한국 소비자물가지수,116.52,0.084714405
한국 소비자물가지수,116.52,0.087811984
한국 소비자물가지수,116.52,0.086512655
한국 소비자물가지수,116.45,0.0687393
한국 소비자물가지수,116.45,0.062166512
한국 소비자물가지수,116.45,0.06804457
한국 소비자물가지수,116.45,0.08014503
한국 소비자물가지수,116.45,0.065615036
한국 소비자물가지수,116.45,0.06741562
한국 소비자물가지수,116.45,0.08720914
한국 소비자물가지수,116.45,0.060725212
한국 소비자물가지수,116.45,0.08517314
한국 소비자물가지수,116.45,0.06328443
한국 소비자물가지수,116.45,0.0868855
한국 소비자물가지수,116.45,0.09045006
한국 소비자물가지수,116.45,0.08859696
한국 소비자물가지수,116.45,0.0874269
한국 소비자물가지수,116.45,0.08570315
한국 소비자물가지수,116.45,0.0641832
한국 소비자물가지수,116.45,0.050424866
한국 소비자물가지수,116.45,0.06938942
한국 소비자물가지수,116.45,0.07234231
한국 소비자물가지수,116.45,0.070333436
한국 소비자물가지수,116.45,0.071540624
한국 소비자물가지수,117.06,0.061546125
한국 소비자물가지수,117.06,0.062657095
한국 소비자물가지수,117.06,0.04126929
한국 소비자물가지수,117.06,0.039722875
한국 소비자물가지수,117.06,0.037413135
한국 소비자물가지수,117.06,0.053830534
한국 소비자물가지수,117.06,0.042919762
한국 소비자물가지수,117.06,0.041319873
한국 소비자물가지수,117.06,0.012586748
한국 소비자물가지수,117.06,0.012576393
한국 소비자물가지수,117.06,0.0006893282
한국 소비자물가지수,117.06,0.031931438
한국 소비자물가지수,117.06,0.02332865
한국 소비자물가지수,117.06,0.020667292
한국 소비자물가지수,117.06,0.045739453
한국 소비자물가지수,117.06,0.04053672
한국 소비자물가지수,117.06,0.036751647
한국 소비자물가지수,117.06,0.03375579
한국 소비자물가지수,117.06,0.047701642
한국 소비자물가지수,117.06,0.03826508
한국 소비자물가지수,117.06,0.061237063
한국 소비자물가지수,117.42,0.054007255
한국 소비자물가지수,117.42,0.053773697
한국 소비자물가지수,117.42,0.05387121
한국 소비자물가지수,117.42,0.05776413
한국 소비자물가지수,117.42,0.051869903
한국 소비자물가지수,117.42,0.048790745
한국 소비자물가지수,117.42,0.036331117
한국 소비자물가지수,117.42,0.0412433
한국 소비자물가지수,117.42,0.0462189
한국 소비자물가지수,117.42,0.026821153
한국 소비자물가지수,117.42,0.054431114
한국 소비자물가지수,117.42,0.049183685
한국 소비자물가지수,117.42,0.055064566
한국 소비자물가지수,117.42,0.045478813
한국 소비자물가지수,117.42,0.055833578
한국 소비자물가지수,117.42,0.0353479
한국 소비자물가지수,117.42,0.0633051
한국 소비자물가지수,117.42,0.04061388
한국 소비자물가지수,117.42,0.05255059
한국 소비자물가지수,117.42,0.055768818
한국 소비자물가지수,117.42,0.060576294
한국 소비자물가지수,117.42,0.046256125
한국 소비자물가지수,117.42,0.058617003
한국 소비자물가지수,117.2,0.082362376
한국 소비자물가지수,117.2,0.104607336
한국 소비자물가지수,117.2,0.095606685
한국 소비자물가지수,117.2,0.08223293
한국 소비자물가지수,117.2,0.052734084
한국 소비자물가지수,117.2,0.07993871
한국 소비자물가지수,117.2,0.108279705
한국 소비자물가지수,117.2,0.08038976
한국 소비자물가지수,117.2,0.085653484
한국 소비자물가지수,117.2,0.08758314
한국 소비자물가지수,117.2,0.059012804
한국 소비자물가지수,117.2,0.08782595
한국 소비자물가지수,117.2,0.045312393
한국 소비자물가지수,117.2,0.07103639
한국 소비자물가지수,117.2,0.09176512
한국 소비자물가지수,117.2,0.06028313
한국 소비자물가지수,117.2,0.05431384
한국 소비자물가지수,117.2,0.064231664
한국 소비자물가지수,117.2,0.05761537
한국 소비자물가지수,117.57,0.055684257
한국 소비자물가지수,117.57,0.059536852
한국 소비자물가지수,117.57,0.0477268
한국 소비자물가지수,117.57,0.058531053
한국 소비자물가지수,117.57,0.041466825
한국 소비자물가지수,117.57,0.072261155
한국 소비자물가지수,117.57,0.07196277
한국 소비자물가지수,117.57,0.06260024
한국 소비자물가지수,117.57,0.06438725
한국 소비자물가지수,117.57,0.06491737
한국 소비자물가지수,117.57,0.057304315
한국 소비자물가지수,117.57,0.05958352
한국 소비자물가지수,117.57,0.05255888
한국 소비자물가지수,117.57,0.06505892
한국 소비자물가지수,117.57,0.05984246
한국 소비자물가지수,117.57,0.042986702
한국 소비자물가지수,117.57,0.052586127
한국 소비자물가지수,117.57,0.05901568
한국 소비자물가지수,117.57,0.03682912
한국 소비자물가지수,117.57,0.046072558
한국 소비자물가지수,117.57,0.046598647
한국 소비자물가지수,117.57,0.043961644
한국 소비자물가지수,118.03,0.040939525
한국 소비자물가지수,118.03,0.058049124
한국 소비자물가지수,118.03,0.052707713
한국 소비자물가지수,118.03,0.062780395
한국 소비자물가지수,118.03,0.0510931
한국 소비자물가지수,118.03,0.05683638
한국 소비자물가지수,118.03,0.06313989
한국 소비자물가지수,118.03,0.05127809
한국 소비자물가지수,118.03,0.044232477
한국 소비자물가지수,118.03,0.057418182
한국 소비자물가지수,118.03,0.055825915
한국 소비자물가지수,118.03,0.054821182
한국 소비자물가지수,118.03,0.061112437
한국 소비자물가지수,118.03,0.059800312
한국 소비자물가지수,118.03,0.058369935
한국 소비자물가지수,118.03,0.07169839
한국 소비자물가지수,118.03,0.043251988
한국 소비자물가지수,118.03,0.04290709
한국 소비자물가지수,118.03,0.037675582
한국 소비자물가지수,118.03,0.045675404
한국 소비자물가지수,118.4,0.027121047
한국 소비자물가지수,118.4,0.027777074
한국 소비자물가지수,118.4,0.038100865
한국 소비자물가지수,118.4,0.03898687
한국 소비자물가지수,118.4,0.057909537
한국 소비자물가지수,118.4,0.06506291
한국 소비자물가지수,118.4,0.04793482
한국 소비자물가지수,118.4,0.061813697
한국 소비자물가지수,118.4,0.052785385
한국 소비자물가지수,118.4,0.052762028
한국 소비자물가지수,118.4,0.066697575
한국 소비자물가지수,118.4,0.038018543
한국 소비자물가지수,118.4,0.07185717
한국 소비자물가지수,118.4,0.046746805
한국 소비자물가지수,118.4,0.07412157
한국 소비자물가지수,118.4,0.075311124
한국 소비자물가지수,118.4,0.060234774
한국 소비자물가지수,118.4,0.07792328
한국 소비자물가지수,118.4,0.0666495
한국 소비자물가지수,118.8,0.0458432
한국 소비자물가지수,118.8,0.04972625
한국 소비자물가지수,118.8,0.050069787
한국 소비자물가지수,118.8,0.05638492
한국 소비자물가지수,118.8,0.035520066
한국 소비자물가지수,118.8,0.07169553
한국 소비자물가지수,118.8,0.048423767
한국 소비자물가지수,118.8,0.06885908
한국 소비자물가지수,118.8,0.040737756
한국 소비자물가지수,118.8,0.051368047
한국 소비자물가지수,118.8,0.058122315
한국 소비자물가지수,118.8,0.060718797
한국 소비자물가지수,118.8,0.069216035
한국 소비자물가지수,118.8,0.055951834
한국 소비자물가지수,118.8,0.0698652
한국 소비자물가지수,118.8,0.058434226
한국 소비자물가지수,118.8,0.04607799
한국 소비자물가지수,118.8,0.09441076
한국 소비자물가지수,118.8,0.066604
한국 소비자물가지수,118.8,0.075359665
한국 소비자물가지수,118.8,0.07646375
한국 소비자물가지수,118.8,0.0442153
S&P 500 지수,5633.07,0.05339079
S&P 500 지수,5670.97,0.057098415
S&P 500 지수,5396.52,0.05252744
S&P 500 지수,5074.08,0.028517863
S&P 500 지수,5062.25,0.034895774
S&P 500 지수,4982.77,0.004185171
S&P 500 지수,5456.9,0.031227374
S&P 500 지수,5268.05,0.049769025
S&P 500 지수,5363.36,0.05519473
S&P 500 지수,5405.97,0.051356796
S&P 500 지수,5396.63,0.037370164
S&P 500 지수,5275.7,0.03568684
S&P 500 지수,5282.7,0.031122696
S&P 500 지수,5158.2,0.038884398
S&P 500 지수,5287.76,0.039179593
S&P 500 지수,5375.86,0.043860693
S&P 500 지수,5484.77,0.040149864
S&P 500 지수,5525.21,0.04445141
S&P 500 지수,5528.75,0.042857286
S&P 500 지수,5560.83,0.04644336
S&P 500 지수,5569.06,0.042843413
S&P 500 지수,5604.14,0.037575845
S&P 500 지수,5686.67,0.04070079
S&P 500 지수,5650.38,0.04827277
S&P 500 지수,5606.91,0.03409208
S&P 500 지수,5631.28,0.06278646
S&P 500 지수,5663.94,0.033588417
S&P 500 지수,5659.91,0.025846003
S&P 500 지수,5844.19,0.05186012
S&P 500 지수,5886.55,0.056538593
S&P 500 지수,5892.58,0.06375445
S&P 500 지수,5916.93,0.061422862
S&P 500 지수,5958.38,0.07002672
S&P 500 지수,5963.6,0.06638284
S&P 500 지수,5940.46,0.073517494
S&P 500 지수,5844.61,0.048436496
S&P 500 지수,5842.01,0.0716797
S&P 500 지수,5802.82,0.062085617
S&P 500 지수,5921.54,0.051343907
S&P 500 지수,5888.55,0.043873418
S&P 500 지수,5912.17,0.05559243
S&P 500 지수,5911.69,0.069004804
S&P 500 지수,5935.94,0.06075423
S&P 500 지수,5970.37,0.060039703
S&P 500 지수,5970.81,0.061453614
S&P 500 지수,5939.3,0.052708108
S&P 500 지수,6000.36,0.046252023
S&P 500 지수,6005.88,0.05583186
S&P 500 지수,6038.81,0.05667449
S&P 500 지수,6022.24,0.046024766
S&P 500 지수,6045.26,0.058157045
S&P 500 지수,5976.97,0.041545574
S&P 500 지수,6033.11,0.0662741
S&P 500 지수,5982.72,0.025794756
S&P 500 지수,5980.87,0.051644098
S&P 500 지수,5967.84,0.05548135
S&P 500 지수,6025.17,0.060812492
S&P 500 지수,6092.18,0.06132841
S&P 500 지수,6092.16,0.058780726
S&P 500 지수,6141.02,0.07376708
S&P 500 지수,6173.07,0.06785966
S&P 500 지수,6204.95,0.06200367
S&P 500 지수,6198.01,0.0716854
S&P 500 지수,6227.42,0.061211575
S&P 500 지수,6279.35,0.071234666
S&P 500 지수,6279.35,0.06852497
S&P 500 지수,6229.98,0.061310384
S&P 500 지수,6225.52,0.06991689
S&P 500 지수,6263.26,0.077862695
S&P 500 지수,6280.46,0.07267161
S&P 500 지수,6259.75,0.06999952
S&P 500 지수,6268.56,0.07419527
S&P 500 지수,6243.76,0.07840178
S&P 500 지수,6263.7,0.071514696
S&P 500 지수,6297.36,0.061244994
S&P 500 지수,6296.79,0.0781932
S&P 500 지수,6305.6,0.069863364
S&P 500 지수,6309.62,0.06914593
S&P 500 지수,6358.91,0.06651932
S&P 500 지수,6363.35,0.04663383
S&P 500 지수,6388.64,0.064762175
S&P 500 지수,6389.77,0.058945347
S&P 500 지수,6370.86,0.053873327
S&P 500 지수,6362.9,0.07281012
S&P 500 지수,6339.39,0.072245575
S&P 500 지수,6238.01,0.073255554
S&P 500 지수,6329.94,0.069271766
S&P 500 지수,6299.19,0.07302274
S&P 500 지수,6345.06,0.072967276
S&P 500 지수,6340.0,0.06881383
S&P 500 지수,6389.45,0.07188609
S&P 500 지수,6373.45,0.055209164
S&P 500 지수,6445.76,0.050887305
S&P 500 지수,6466.58,0.05391368
S&P 500 지수,6468.54,0.052460458
S&P 500 지수,6449.8,0.07612465
S&P 500 지수,6449.15,0.07213681
S&P 500 지수,6411.37,0.07791697
S&P 500 지수,6395.78,0.056368954
S&P 500 지수,6370.17,0.06413608
S&P 500 지수,6466.91,0.059181217
S&P 500 지수,6439.32,0.055430915
S&P 500 지수,6465.94,0.081440255
S&P 500 지수,6481.4,0.0755284
S&P 500 지수,6501.86,0.07467881
S&P 500 지수,6460.26,0.07634874
S&P 500 지수,6415.54,0.0644752
S&P 500 지수,6448.26,0.061078172
S&P 500 지수,6502.08,0.046707254
S&P 500 지수,6481.5,0.049762633
S&P 500 지수,6495.15,0.047893558
S&P 500 지수,6512.61,0.06608207
S&P 500 지수,6532.04,0.05689125
S&P 500 지수,6587.47,0.0663703
S&P 500 지수,6584.29,0.06607831
S&P 500 지수,6615.28,0.066459395
S&P 500 지수,6606.76,0.0565766
S&P 500 지수,6600.35,0.0695726
S&P 500 지수,6631.96,0.06533668
S&P 500 지수,6664.36,0.068467595
S&P 500 지수,6693.75,0.06926448
S&P 500 지수,6656.92,0.06015173
S&P 500 지수,6637.97,0.041728128
S&P 500 지수,6604.72,0.052252185
S&P 500 지수,6643.7,0.054207552
S&P 500 지수,6661.21,0.05329303
S&P 500 지수,6688.46,0.0657329
S&P 500 지수,6711.2,0.063321754
S&P 500 지수,6715.35,0.06317608
S&P 500 지수,6715.79,0.06534286
S&P 500 지수,6740.28,0.06785211
S&P 500 지수,6714.59,0.067481585
S&P 500 지수,6753.72,0.064330235
S&P 500 지수,6735.11,0.05358642
S&P 500 지수,6552.51,0.040394064
S&P 500 지수,6654.72,0.052765843
S&P 500 지수,6644.31,0.040258016
S&P 500 지수,6671.06,0.04488768
S&P 500 지수,6629.07,0.040791746
S&P 500 지수,6664.01,0.046135973
S&P 500 지수,6735.13,0.047440078
S&P 500 지수,6735.35,0.050322313
S&P 500 지수,6699.4,0.040116753
S&P 500 지수,6738.44,0.043701198
S&P 500 지수,6791.69,0.050338585
S&P 500 지수,6875.16,0.043354627
S&P 500 지수,6890.89,0.043641005
S&P 500 지수,6890.59,0.047472183
S&P 500 지수,6822.34,0.0529068
S&P 500 지수,6840.2,0.060692076
S&P 500 지수,6851.97,0.06315097
S&P 500 지수,6771.55,0.06959396
S&P 500 지수,6796.29,0.066257454
S&P 500 지수,6720.32,0.062289502
S&P 500 지수,6728.8,0.07078032
S&P 500 지수,6832.43,0.06479905
S&P 500 지수,6846.61,0.067834534
S&P 500 지수,6850.92,0.06259225
S&P 500 지수,6737.49,0.059554882
S&P 500 지수,6734.11,0.04332839
S&P 500 지수,6672.41,0.041507356
S&P 500 지수,6617.32,0.045913573
S&P 500 지수,6642.16,0.048709724
S&P 500 지수,6538.76,0.046360157
S&P 500 지수,6602.99,0.053895254
S&P 500 지수,6705.12,0.06295485
S&P 500 지수,6765.88,0.055230822
S&P 500 지수,6812.61,0.055676457
S&P 500 지수,6849.09,0.060695764
S&P 500 지수,6812.63,0.058782186
S&P 500 지수,6829.37,0.050592612
S&P 500 지수,6849.72,0.051106658
S&P 500 지수,6857.12,0.058357876
S&P 500 지수,6870.4,0.05045807
S&P 500 지수,6846.51,0.068524286
S&P 500 지수,6840.51,0.071914256
S&P 500 지수,6886.68,0.062387865
S&P 500 지수,6901.0,0.06168085
S&P 500 지수,6827.41,0.059121367
S&P 500 지수,6816.51,0.059589032
S&P 500 지수,6800.26,0.06252671
S&P 500 지수,6721.43,0.060797166
S&P 500 지수,6774.76,0.060385454
S&P 500 지수,6834.5,0.06475361
S&P 500 지수,6878.49,0.05440059
S&P 500 지수,6909.79,0.07097055
S&P 500 지수,6932.05,0.07081355
S&P 500 지수,6929.94,0.066200614
S&P 500 지수,6905.74,0.03598411
S&P 500 지수,6896.24,0.04406021
S&P 500 지수,6845.5,0.049258623
S&P 500 지수,6858.47,0.047230598
S&P 500 지수,6902.05,0.046227228
S&P 500 지수,6944.82,0.054940764
S&P 500 지수,6920.93,0.051182847
S&P 500 지수,6921.46,0.031812217
S&P 500 지수,6966.28,0.04568628
S&P 500 지수,6977.27,0.052057255
S&P 500 지수,6963.74,0.040401775
S&P 500 지수,6926.6,0.03941601
S&P 500 지수,6944.47,0.05118027
S&P 500 지수,6940.01,0.045224216
S&P 500 지수,6796.86,0.04939336
S&P 500 지수,6875.62,0.052444782
S&P 500 지수,6913.35,0.050393324
S&P 500 지수,6915.61,0.039016623
S&P 500 지수,6950.23,0.060659587
S&P 500 지수,6978.6,0.043735944
S&P 500 지수,6978.03,0.050384697
S&P 500 지수,6969.01,0.03547769
S&P 500 지수,6939.03,0.04883944
S&P 500 지수,6976.44,0.049303304
S&P 500 지수,6917.81,0.041971806
S&P 500 지수,6882.72,0.029451806
S&P 500 지수,6798.4,0.04905233
S&P 500 지수,6932.3,0.052543763
S&P 500 지수,6964.82,0.051426355
S&P 500 지수,6941.81,0.048414264
S&P 500 지수,6941.47,0.051845323
S&P 500 지수,6832.76,0.04228426
S&P 500 지수,6836.17,0.049960572
S&P 500 지수,6843.22,0.052974764
S&P 500 지수,6881.31,0.039530408
S&P 500 지수,6861.89,0.055234764
S&P 500 지수,6909.51,0.059068028
S&P 500 지수,6837.75,0.058281925
S&P 500 지수,6890.07,0.06449016
S&P 500 지수,6946.13,0.046980325
S&P 500 지수,6908.86,0.048745796
S&P 500 지수,6878.88,0.039602872
S&P 500 지수,6881.62,0.034722593
S&P 500 지수,6816.63,0.027888143
S&P 500 지수,6869.5,0.03367118
S&P 500 지수,6830.71,0.028315093
S&P 500 지수,6740.02,0.029985415
S&P 500 지수,6795.99,0.040398408
S&P 500 지수,6781.48,0.043718327
S&P 500 지수,6775.8,0.030960884
S&P 500 지수,6672.62,0.03274453
S&P 500 지수,6632.19,0.039952297
S&P 500 지수,6699.38,0.042608608
S&P 500 지수,6716.09,0.041570146
S&P 500 지수,6624.7,0.050057583
S&P 500 지수,6606.49,0.059083074
S&P 500 지수,6506.48,0.05055473
S&P 500 지수,6581.0,0.05465155
S&P 500 지수,6556.37,0.035801448
S&P 500 지수,6591.9,0.055234686
S&P 500 지수,6477.16,0.04420791
S&P 500 지수,6368.85,0.04522142
S&P 500 지수,6343.72,0.047601327
S&P 500 지수,6528.52,0.054104947
금값 변화율 SMA(20일이동평균),0.003499,-0.028256677
금값 변화율 SMA(20일이동평균),0.003737,-0.03112219
금값 변화율 SMA(20일이동평균),0.003032,-0.024780314
금값 변화율 SMA(20일이동평균),0.001864,-0.023483437
금값 변화율 SMA(20일이동평균),0.001092,-0.010650182
금값 변화율 SMA(20일이동평균),0.001003,-0.016563443
금값 변화율 SMA(20일이동평균),0.002037,-0.019867737
금값 변화율 SMA(20일이동평균),0.002883,-0.027794743
금값 변화율 SMA(20일이동평균),0.003773,-0.032331888
금값 변화율 SMA(20일이동평균),0.003412,-0.025187043
금값 변화율 SMA(20일이동평균),0.003043,-0.023537401
금값 변화율 SMA(20일이동평균),0.004706,-0.033088326
금값 변화율 SMA(20일이동평균),0.00437,-0.033091035
금값 변화율 SMA(20일이동평균),0.006202,-0.051933914
금값 변화율 SMA(20일이동평균),0.006207,-0.055473905
금값 변화율 SMA(20일이동평균),0.004201,-0.033797536
금값 변화율 SMA(20일이동평균),0.005097,-0.03593633
금값 변화율 SMA(20일이동평균),0.003702,-0.03213042
금값 변화율 SMA(20일이동평균),0.004036,-0.033383586
금값 변화율 SMA(20일이동평균),0.003242,-0.029618464
금값 변화율 SMA(20일이동평균),0.003097,-0.030318808
금값 변화율 SMA(20일이동평균),0.001323,-0.013516212
금값 변화율 SMA(20일이동평균),0.002347,-0.023244414
금값 변화율 SMA(20일이동평균),0.004948,-0.03226206
금값 변화율 SMA(20일이동평균),0.007467,-0.03602638
금값 변화율 SMA(20일이동평균),0.006737,-0.03610996
금값 변화율 SMA(20일이동평균),0.004,-0.032723892
금값 변화율 SMA(20일이동평균),0.002973,-0.023220582
금값 변화율 SMA(20일이동평균),0.000182,0.01163921
금값 변화율 SMA(20일이동평균),0.000767,-0.01683521
금값 변화율 SMA(20일이동평균),-0.000359,0.014469548
금값 변화율 SMA(20일이동평균),-0.001417,0.039497904
금값 변화율 SMA(20일이동평균),-0.001749,0.05987219
금값 변화율 SMA(20일이동평균),-0.002485,0.05970951
금값 변화율 SMA(20일이동평균),-0.00161,0.057021506
금값 변화율 SMA(20일이동평균),0.000662,-0.014124305
금값 변화율 SMA(20일이동평균),-0.000445,0.013894085
금값 변화율 SMA(20일이동평균),0.001383,-0.010335125
금값 변화율 SMA(20일이동평균),-0.000339,0.01287035
금값 변화율 SMA(20일이동평균),-0.000217,0.006736093
금값 변화율 SMA(20일이동평균),0.000347,-0.01359862
금값 변화율 SMA(20일이동평균),0.00136,-0.015694324
금값 변화율 SMA(20일이동평균),0.002261,-0.025190063
금값 변화율 SMA(20일이동평균),0.00073,-0.014333722
금값 변화율 SMA(20일이동평균),-0.000434,0.014617042
금값 변화율 SMA(20일이동평균),-0.000332,0.013135518
금값 변화율 SMA(20일이동평균),0.000504,-0.0148586
금값 변화율 SMA(20일이동평균),5.7e-05,0.0032403725
금값 변화율 SMA(20일이동평균),0.001618,-0.024437303
금값 변화율 SMA(20일이동평균),0.001309,-0.016418137
금값 변화율 SMA(20일이동평균),0.003115,-0.026523845
금값 변화율 SMA(20일이동평균),0.003242,-0.027672451
금값 변화율 SMA(20일이동평균),0.003335,-0.026503315
금값 변화율 SMA(20일이동평균),0.002454,-0.022221414
금값 변화율 SMA(20일이동평균),0.001705,-0.025401525
금값 변화율 SMA(20일이동평균),0.000943,-0.0098513225
금값 변화율 SMA(20일이동평균),0.001343,-0.014930308
금값 변화율 SMA(20일이동평균),-0.000633,0.0358674
금값 변화율 SMA(20일이동평균),0.000472,-0.014974916
금값 변화율 SMA(20일이동평균),0.000652,-0.016851097
금값 변화율 SMA(20일이동평균),-0.000602,0.030945888
금값 변화율 SMA(20일이동평균),0.000139,0.011744068
금값 변화율 SMA(20일이동평균),-0.000461,0.015900059
금값 변화율 SMA(20일이동평균),1.1e-05,0.0118498225
금값 변화율 SMA(20일이동평균),-0.000582,0.033835866
금값 변화율 SMA(20일이동평균),-0.00023,0.016586455
금값 변화율 SMA(20일이동평균),0.000183,0.010966043
금값 변화율 SMA(20일이동평균),-0.000336,0.014562473
금값 변화율 SMA(20일이동평균),-9.9e-05,0.015577349
금값 변화율 SMA(20일이동평균),-1.7e-05,0.010920229
금값 변화율 SMA(20일이동평균),-0.000333,0.016374314
금값 변화율 SMA(20일이동평균),-0.001144,0.033935566
금값 변화율 SMA(20일이동평균),-0.00096,0.03132517
금값 변화율 SMA(20일이동평균),-0.000475,0.010089151
금값 변화율 SMA(20일이동평균),-0.000707,0.035542514
금값 변화율 SMA(20일이동평균),-0.000194,0.013447268
금값 변화율 SMA(20일이동평균),0.000393,-0.01661582
금값 변화율 SMA(20일이동평균),0.001833,-0.021339133
금값 변화율 SMA(20일이동평균),0.001032,-0.018301021
금값 변화율 SMA(20일이동평균),0.000595,-0.017499855
금값 변화율 SMA(20일이동평균),0.000943,-0.018554363
금값 변화율 SMA(20일이동평균),0.000254,-0.020917036
금값 변화율 SMA(20일이동평균),-0.000172,0.016325789
금값 변화율 SMA(20일이동평균),-0.000757,0.03622476
금값 변화율 SMA(20일이동평균),-0.000551,0.022349698
금값 변화율 SMA(20일이동평균),0.000263,-0.019040102
금값 변화율 SMA(20일이동평균),0.000666,-0.01755448
금값 변화율 SMA(20일이동평균),0.001155,-0.0179264
금값 변화율 SMA(20일이동평균),0.001058,-0.01706998
금값 변화율 SMA(20일이동평균),0.00127,-0.016322667
금값 변화율 SMA(20일이동평균),0.001259,-0.01670565
금값 변화율 SMA(20일이동평균),7.6e-05,0.012012648
금값 변화율 SMA(20일이동평균),0.000337,-0.014629961
금값 변화율 SMA(20일이동평균),0.000142,0.007205101
금값 변화율 SMA(20일이동평균),-2.3e-05,0.012845496
금값 변화율 SMA(20일이동평균),-0.000204,0.019416235
금값 변화율 SMA(20일이동평균),-0.000997,0.02965218
금값 변화율 SMA(20일이동평균),-0.00182,0.06224411
금값 변화율 SMA(20일이동평균),-0.000712,0.037312794
금값 변화율 SMA(20일이동평균),-0.000469,0.01466455
금값 변화율 SMA(20일이동평균),0.000642,-0.017823026
금값 변화율 SMA(20일이동평균),0.001006,-0.017182687
금값 변화율 SMA(20일이동평균),0.00101,-0.01684343
금값 변화율 SMA(20일이동평균),0.001661,-0.02258206
금값 변화율 SMA(20일이동평균),0.0021,-0.02354255
금값 변화율 SMA(20일이동평균),0.001883,-0.022185188
금값 변화율 SMA(20일이동평균),0.002574,-0.025415625
금값 변화율 SMA(20일이동평균),0.00308,-0.028647577
금값 변화율 SMA(20일이동평균),0.002726,-0.019577932
금값 변화율 SMA(20일이동평균),0.003091,-0.03183706
금값 변화율 SMA(20일이동평균),0.002865,-0.025435464
금값 변화율 SMA(20일이동평균),0.004187,-0.04629057
금값 변화율 SMA(20일이동평균),0.004253,-0.03969981
금값 변화율 SMA(20일이동평균),0.004015,-0.03541077
금값 변화율 SMA(20일이동평균),0.004537,-0.03277804
금값 변화율 SMA(20일이동평균),0.004974,-0.035366755
금값 변화율 SMA(20일이동평균),0.00513,-0.036296166
금값 변화율 SMA(20일이동평균),0.005308,-0.036424108
금값 변화율 SMA(20일이동평균),0.004338,-0.031940337
금값 변화율 SMA(20일이동평균),0.004817,-0.030654507
금값 변화율 SMA(20일이동평균),0.005197,-0.03199603
금값 변화율 SMA(20일이동평균),0.005739,-0.03536244
금값 변화율 SMA(20일이동평균),0.004879,-0.032371942
금값 변화율 SMA(20일이동평균),0.004707,-0.033550475
금값 변화율 SMA(20일이동평균),0.004821,-0.033166155
금값 변화율 SMA(20일이동평균),0.004815,-0.031089347
금값 변화율 SMA(20일이동평균),0.003985,-0.029720444
금값 변화율 SMA(20일이동평균),0.003716,-0.026222017
금값 변화율 SMA(20일이동평균),0.003738,-0.028958792
금값 변화율 SMA(20일이동평균),0.003608,-0.028301435
금값 변화율 SMA(20일이동평균),0.004136,-0.02882703
금값 변화율 SMA(20일이동평균),0.00442,-0.029205743
금값 변화율 SMA(20일이동평균),0.005255,-0.0357711
금값 변화율 SMA(20일이동평균),0.004147,-0.0352935
금값 변화율 SMA(20일이동평균),0.004351,-0.03338178
금값 변화율 SMA(20일이동평균),0.00557,-0.03413676
금값 변화율 SMA(20일이동평균),0.005845,-0.03301655
금값 변화율 SMA(20일이동평균),0.006403,-0.035267256
금값 변화율 SMA(20일이동평균),0.008157,-0.037600398
금값 변화율 SMA(20일이동평균),0.006721,-0.040253565
금값 변화율 SMA(20일이동평균),0.007527,-0.03419271
금값 변화율 SMA(20일이동평균),0.004126,-0.033010367
금값 변화율 SMA(20일이동평균),0.004237,-0.030324366
금값 변화율 SMA(20일이동평균),0.005176,-0.03633212
금값 변화율 SMA(20일이동평균),0.004576,-0.02948001
금값 변화율 SMA(20일이동평균),0.002558,-0.025910262
금값 변화율 SMA(20일이동평균),0.001851,-0.023648566
금값 변화율 SMA(20일이동평균),0.001724,-0.023745691
금값 변화율 SMA(20일이동평균),0.002304,-0.021683022
금값 변화율 SMA(20일이동평균),0.001531,-0.02446552
금값 변화율 SMA(20일이동평균),0.000886,-0.016562322
금값 변화율 SMA(20일이동평균),-0.000128,0.011913932
금값 변화율 SMA(20일이동평균),-0.000553,0.024557943
금값 변화율 SMA(20일이동평균),0.000641,-0.0139841
금값 변화율 SMA(20일이동평균),0.000511,-0.017578006
금값 변화율 SMA(20일이동평균),0.000247,-0.013056417
금값 변화율 SMA(20일이동평균),-0.00018,0.01745724
금값 변화율 SMA(20일이동평균),0.000547,-0.0130449105
금값 변화율 SMA(20일이동평균),-0.000898,0.03207259
금값 변화율 SMA(20일이동평균),-0.001029,0.030778093
금값 변화율 SMA(20일이동평균),-0.003013,0.051372267
금값 변화율 SMA(20일이동평균),-0.000231,0.014376431
금값 변화율 SMA(20일이동평균),0.0005,-0.014816332
금값 변화율 SMA(20일이동평균),-0.000762,0.031180792
금값 변화율 SMA(20일이동평균),-0.000427,0.016963063
금값 변화율 SMA(20일이동평균),0.001173,-0.013560244
금값 변화율 SMA(20일이동평균),0.002197,-0.026957603
금값 변화율 SMA(20일이동평균),0.002291,-0.025367595
금값 변화율 SMA(20일이동평균),0.002707,-0.02463965
금값 변화율 SMA(20일이동평균),0.003195,-0.028397834
금값 변화율 SMA(20일이동평균),0.002346,-0.02465759
금값 변화율 SMA(20일이동평균),0.003155,-0.02902186
금값 변화율 SMA(20일이동평균),0.002891,-0.02813036
금값 변화율 SMA(20일이동평균),0.002909,-0.026013099
금값 변화율 SMA(20일이동평균),0.002359,-0.026031123
금값 변화율 SMA(20일이동평균),0.001187,-0.015216701
금값 변화율 SMA(20일이동평균),0.001125,-0.014045791
금값 변화율 SMA(20일이동평균),0.000999,-0.015025479
금값 변화율 SMA(20일이동평균),0.001377,-0.014898326
금값 변화율 SMA(20일이동평균),0.00264,-0.023565968
금값 변화율 SMA(20일이동평균),0.00285,-0.023639718
금값 변화율 SMA(20일이동평균),0.003436,-0.024066629
금값 변화율 SMA(20일이동평균),0.003142,-0.027816884
금값 변화율 SMA(20일이동평균),0.003654,-0.027624685
금값 변화율 SMA(20일이동평균),0.004359,-0.029410237
금값 변화율 SMA(20일이동평균),0.004602,-0.031488977
금값 변화율 SMA(20일이동평균),0.004,-0.032583028
금값 변화율 SMA(20일이동평균),0.004227,-0.031774327
금값 변화율 SMA(20일이동평균),0.001337,-0.014729862
금값 변화율 SMA(20일이동평균),0.001609,-0.019166835
금값 변화율 SMA(20일이동평균),0.001721,-0.023658551
금값 변화율 SMA(20일이동평균),0.00144,-0.017589971
금값 변화율 SMA(20일이동평균),0.002711,-0.024076695
금값 변화율 SMA(20일이동평균),0.003208,-0.02700646
금값 변화율 SMA(20일이동평균),0.003146,-0.030996578
금값 변화율 SMA(20일이동평균),0.002918,-0.027745707
금값 변화율 SMA(20일이동평균),0.003497,-0.028330524
금값 변화율 SMA(20일이동평균),0.003704,-0.029922204
금값 변화율 SMA(20일이동평균),0.00337,-0.028682878
금값 변화율 SMA(20일이동평균),0.003698,-0.02744473
금값 변화율 SMA(20일이동평균),0.003615,-0.027603887
금값 변화율 SMA(20일이동평균),0.002813,-0.025218615
금값 변화율 SMA(20일이동평균),0.004771,-0.030454282
금값 변화율 SMA(20일이동평균),0.005277,-0.035011083
금값 변화율 SMA(20일이동평균),0.00512,-0.034742128
금값 변화율 SMA(20일이동평균),0.005377,-0.05493153
금값 변화율 SMA(20일이동평균),0.006441,-0.056890506
금값 변화율 SMA(20일이동평균),0.005902,-0.056097705
금값 변화율 SMA(20일이동평균),0.010336,-0.056618057
금값 변화율 SMA(20일이동평균),0.009974,-0.05726592
금값 변화율 SMA(20일이동평균),0.004801,-0.037603844
금값 변화율 SMA(20일이동평균),0.003961,-0.030619124
금값 변화율 SMA(20일이동평균),0.005582,-0.032116838
금값 변화율 SMA(20일이동평균),0.005242,-0.0345178
금값 변화율 SMA(20일이동평균),0.00501,-0.037409436
금값 변화율 SMA(20일이동평균),0.005929,-0.03181894
금값 변화율 SMA(20일이동평균),0.006479,-0.031891055
금값 변화율 SMA(20일이동평균),0.004744,-0.029600743
금값 변화율 SMA(20일이동평균),0.005585,-0.035005055
금값 변화율 SMA(20일이동평균),0.003723,-0.029569168
금값 변화율 SMA(20일이동평균),0.004829,-0.029043516
금값 변화율 SMA(20일이동평균),0.003747,-0.027469
금값 변화율 SMA(20일이동평균),0.002942,-0.024919942
금값 변화율 SMA(20일이동평균),0.002077,-0.024061738
금값 변화율 SMA(20일이동평균),0.002118,-0.021697992
금값 변화율 SMA(20일이동평균),0.002869,-0.022889765
금값 변화율 SMA(20일이동평균),0.001359,-0.01089198
금값 변화율 SMA(20일이동평균),0.001848,-0.015966278
금값 변화율 SMA(20일이동평균),-0.000622,0.021918504
금값 변화율 SMA(20일이동평균),-0.000258,0.016469724
금값 변화율 SMA(20일이동평균),0.006036,-0.03577153
금값 변화율 SMA(20일이동평균),0.005239,-0.035925176
금값 변화율 SMA(20일이동평균),0.002323,-0.020656284
금값 변화율 SMA(20일이동평균),0.001616,-0.019527866
금값 변화율 SMA(20일이동평균),0.003013,-0.02694768
금값 변화율 SMA(20일이동평균),0.001559,-0.019060684
금값 변화율 SMA(20일이동평균),0.00191,-0.022252228
금값 변화율 SMA(20일이동평균),0.00178,-0.023642259
금값 변화율 SMA(20일이동평균),0.000603,-0.01357215
금값 변화율 SMA(20일이동평균),0.001443,-0.012515998
금값 변화율 SMA(20일이동평균),-0.000134,0.011969564
금값 변화율 SMA(20일이동평균),0.001321,-0.014581813
금값 변화율 SMA(20일이동평균),-0.000851,0.033526637
금값 변화율 SMA(20일이동평균),-0.003702,0.047159724
금값 변화율 SMA(20일이동평균),-0.004869,0.046071697
금값 변화율 SMA(20일이동평균),-0.008125,0.05870082
금값 변화율 SMA(20일이동평균),-0.00771,0.052061733
금값 변화율 SMA(20일이동평균),-0.00649,0.057782423
금값 변화율 SMA(20일이동평균),-0.008119,0.05845343
금값 변화율 SMA(20일이동평균),-0.007309,0.05775784
금값 변화율 SMA(20일이동평균),-0.007541,0.06080679
금값 변화율 SMA(20일이동평균),-0.004432,0.05111239
금값 RSI(14일) 3일전,82.214973,-0.016256062
금값 RSI(14일) 3일전,88.543458,-0.02492221
금값 RSI(14일) 3일전,89.078583,-0.023138586
금값 RSI(14일) 3일전,86.519748,-0.02507506
금값 RSI(14일) 3일전,84.928018,-0.01655366
금값 RSI(14일) 3일전,70.408464,-0.0043744966
금값 RSI(14일) 3일전,52.193556,0.010428054
금값 RSI(14일) 3일전,38.48454,0.012825655
금값 RSI(14일) 3일전,41.249184,0.025241649
금값 RSI(14일) 3일전,52.243184,0.011767044
금값 RSI(14일) 3일전,63.102781,-0.010565014
금값 RSI(14일) 3일전,67.64307,-0.014223986
금값 RSI(14일) 3일전,65.222537,-0.014314057
금값 RSI(14일) 3일전,66.271658,-0.009605073
금값 RSI(14일) 3일전,69.390245,-0.014279192
금값 RSI(14일) 3일전,66.479383,-0.01027426
금값 RSI(14일) 3일전,68.990657,-0.010691897
금값 RSI(14일) 3일전,68.892584,-0.011141579
금값 RSI(14일) 3일전,58.645381,-0.007082097
금값 RSI(14일) 3일전,64.218978,-0.010627214
금값 RSI(14일) 3일전,67.353273,-0.00757369
금값 RSI(14일) 3일전,74.703729,-0.014555375
금값 RSI(14일) 3일전,72.894594,-0.011274282
금값 RSI(14일) 3일전,67.977483,-0.010541893
금값 RSI(14일) 3일전,54.499752,-0.0063312976
금값 RSI(14일) 3일전,51.336219,0.01810334
금값 RSI(14일) 3일전,57.839756,-0.009701553
금값 RSI(14일) 3일전,62.165655,-0.014734495
금값 RSI(14일) 3일전,54.191843,-0.005207142
금값 RSI(14일) 3일전,49.875764,0.01888633
금값 RSI(14일) 3일전,46.012414,0.02023234
금값 RSI(14일) 3일전,40.228614,0.014741902
금값 RSI(14일) 3일전,48.189545,0.019875718
금값 RSI(14일) 3일전,40.666014,0.014636901
금값 RSI(14일) 3일전,46.46026,0.02024558
금값 RSI(14일) 3일전,40.420265,0.007867164
금값 RSI(14일) 3일전,44.801684,0.020964108
금값 RSI(14일) 3일전,49.059666,0.018110668
금값 RSI(14일) 3일전,57.141567,-0.011016258
금값 RSI(14일) 3일전,54.577565,-0.00329489
금값 RSI(14일) 3일전,53.991498,-0.0016371564
금값 RSI(14일) 3일전,42.683848,0.014812789
금값 RSI(14일) 3일전,44.15037,0.024071256
금값 RSI(14일) 3일전,52.096517,0.011046063
금값 RSI(14일) 3일전,46.690556,0.014492028
금값 RSI(14일) 3일전,63.34948,-0.011024868
금값 RSI(14일) 3일전,59.862365,-0.014770723
금값 RSI(14일) 3일전,68.149509,-0.010052192
금값 RSI(14일) 3일전,62.791461,-0.010908002
금값 RSI(14일) 3일전,64.266975,-0.013773294
금값 RSI(14일) 3일전,61.307923,-0.010721862
금값 RSI(14일) 3일전,55.045893,-0.0037714762
금값 RSI(14일) 3일전,51.847049,0.01777166
금값 RSI(14일) 3일전,60.198685,-0.012889599
금값 RSI(14일) 3일전,58.100244,-0.01047302
금값 RSI(14일) 3일전,62.490806,-0.008839931
금값 RSI(14일) 3일전,61.860371,-0.010012609
금값 RSI(14일) 3일전,59.799717,-0.010698645
금값 RSI(14일) 3일전,60.916187,-0.008040929
금값 RSI(14일) 3일전,51.416969,0.019994361
금값 RSI(14일) 3일전,45.484977,0.014619181
금값 RSI(14일) 3일전,43.248404,0.020347087
금값 RSI(14일) 3일전,47.546092,0.020480564
금값 RSI(14일) 3일전,43.122479,0.018874636
금값 RSI(14일) 3일전,44.988703,0.02022518
금값 RSI(14일) 3일전,52.383422,0.011327657
금값 RSI(14일) 3일전,53.687748,-0.0015547201
금값 RSI(14일) 3일전,43.384916,0.0188895
금값 RSI(14일) 3일전,34.35464,0.02049618
금값 RSI(14일) 3일전,38.590405,0.02040611
금값 RSI(14일) 3일전,36.496673,0.02310039
금값 RSI(14일) 3일전,36.823588,0.016062131
금값 RSI(14일) 3일전,41.047561,0.014641685
금값 RSI(14일) 3일전,46.752257,0.0076091853
금값 RSI(14일) 3일전,57.145189,-0.008390339
금값 RSI(14일) 3일전,50.781022,0.016241837
금값 RSI(14일) 3일전,53.692737,-0.0006531463
금값 RSI(14일) 3일전,64.858036,-0.00850553
금값 RSI(14일) 3일전,63.548074,-0.0055681355
금값 RSI(14일) 3일전,64.486214,-0.012848188
금값 RSI(14일) 3일전,68.058214,-0.009108802
금값 RSI(14일) 3일전,61.366891,-0.00926759
금값 RSI(14일) 3일전,56.615148,-0.0035842066
금값 RSI(14일) 3일전,50.511751,0.015215699
금값 RSI(14일) 3일전,50.558849,0.014574867
금값 RSI(14일) 3일전,51.954451,0.016975477
금값 RSI(14일) 3일전,47.28265,0.015069884
금값 RSI(14일) 3일전,40.744344,0.014381869
금값 RSI(14일) 3일전,49.767921,0.00933679
금값 RSI(14일) 3일전,55.987166,-0.003952587
금값 RSI(14일) 3일전,54.175724,-0.0040267296
금값 RSI(14일) 3일전,55.742052,-0.004636376
금값 RSI(14일) 3일전,56.599572,-0.00417809
금값 RSI(14일) 3일전,55.318109,-0.0031591414
금값 RSI(14일) 3일전,39.902057,0.019074362
금값 RSI(14일) 3일전,44.218278,0.019841095
금값 RSI(14일) 3일전,48.60684,0.020477256
금값 RSI(14일) 3일전,50.506966,0.019905968
금값 RSI(14일) 3일전,54.621502,-0.003767656
금값 RSI(14일) 3일전,51.709856,0.018289829
금값 RSI(14일) 3일전,53.348871,-0.0011325325
금값 RSI(14일) 3일전,58.138039,-0.009051892
금값 RSI(14일) 3일전,48.356243,0.017954499
금값 RSI(14일) 3일전,50.323523,0.015806533
금값 RSI(14일) 3일전,48.895711,0.018236598
금값 RSI(14일) 3일전,51.774323,0.016284639
금값 RSI(14일) 3일전,51.055334,0.02464779
금값 RSI(14일) 3일전,49.030713,0.018194472
금값 RSI(14일) 3일전,75.467162,-0.01018806
금값 RSI(14일) 3일전,82.422387,-0.016535603
금값 RSI(14일) 3일전,84.079229,-0.016389877
금값 RSI(14일) 3일전,83.553206,-0.013905301
금값 RSI(14일) 3일전,85.443779,-0.02194961
금값 RSI(14일) 3일전,87.209926,-0.023210863
금값 RSI(14일) 3일전,91.530777,-0.04346217
금값 RSI(14일) 3일전,90.814762,-0.04053166
금값 RSI(14일) 3일전,90.904953,-0.04860961
금값 RSI(14일) 3일전,90.182552,-0.022514237
금값 RSI(14일) 3일전,91.156837,-0.04401573
금값 RSI(14일) 3일전,90.939504,-0.03948753
금값 RSI(14일) 3일전,88.796961,-0.01718708
금값 RSI(14일) 3일전,79.102691,-0.008180231
금값 RSI(14일) 3일전,78.140258,-0.013712643
금값 RSI(14일) 3일전,77.473232,-0.011195126
금값 RSI(14일) 3일전,77.07562,-0.011131663
금값 RSI(14일) 3일전,73.066259,-0.0074533788
금값 RSI(14일) 3일전,69.392138,-0.008372197
금값 RSI(14일) 3일전,70.525503,-0.004695952
금값 RSI(14일) 3일전,73.6012,-0.008914088
금값 RSI(14일) 3일전,74.863746,-0.008667552
금값 RSI(14일) 3일전,77.645836,-0.008780149
금값 RSI(14일) 3일전,72.174015,-0.008756348
금값 RSI(14일) 3일전,72.579547,-0.010377594
금값 RSI(14일) 3일전,75.791749,-0.0104607055
금값 RSI(14일) 3일전,78.087671,-0.010781969
금값 RSI(14일) 3일전,86.195309,-0.020980865
금값 RSI(14일) 3일전,72.727468,-0.0068970043
금값 RSI(14일) 3일전,70.664539,-0.0073662996
금값 RSI(14일) 3일전,74.521572,-0.009575054
금값 RSI(14일) 3일전,81.354886,-0.011144058
금값 RSI(14일) 3일전,82.200455,-0.015465227
금값 RSI(14일) 3일전,83.557377,-0.019431317
금값 RSI(14일) 3일전,73.683015,-0.007803582
금값 RSI(14일) 3일전,77.11177,-0.014437654
금값 RSI(14일) 3일전,60.678173,-0.0069992975
금값 RSI(14일) 3일전,59.94611,-0.010146241
금값 RSI(14일) 3일전,61.230434,-0.0110100815
금값 RSI(14일) 3일전,58.396356,-0.009486067
금값 RSI(14일) 3일전,51.837413,0.0126678385
금값 RSI(14일) 3일전,47.4442,0.018738916
금값 RSI(14일) 3일전,52.526805,0.01117732
금값 RSI(14일) 3일전,51.977631,0.02041688
금값 RSI(14일) 3일전,44.196754,0.0139035005
금값 RSI(14일) 3일전,43.536684,0.018734818
금값 RSI(14일) 3일전,38.961216,0.015654825
금값 RSI(14일) 3일전,34.442976,0.01828881
금값 RSI(14일) 3일전,38.031142,0.020532032
금값 RSI(14일) 3일전,27.166358,0.031894162
금값 RSI(14일) 3일전,52.511542,0.011642767
금값 RSI(14일) 3일전,56.217653,-0.0035974497
금값 RSI(14일) 3일전,57.40799,-0.009461092
금값 RSI(14일) 3일전,56.399805,-0.0034062297
금값 RSI(14일) 3일전,58.31733,-0.006009692
금값 RSI(14일) 3일전,60.197547,-0.009525452
금값 RSI(14일) 3일전,58.008641,-0.010092334
금값 RSI(14일) 3일전,57.883203,-0.008648235
금값 RSI(14일) 3일전,57.690151,-0.010714005
금값 RSI(14일) 3일전,57.833717,-0.007174989
금값 RSI(14일) 3일전,65.570588,-0.011258705
금값 RSI(14일) 3일전,66.502958,-0.010978913
금값 RSI(14일) 3일전,68.197759,-0.010975183
금값 RSI(14일) 3일전,70.033926,-0.009820014
금값 RSI(14일) 3일전,63.891232,-0.011224156
금값 RSI(14일) 3일전,58.113981,-0.00784263
금값 RSI(14일) 3일전,49.707516,0.020470878
금값 RSI(14일) 3일전,53.199739,0.0057756184
금값 RSI(14일) 3일전,69.395875,-0.010324578
금값 RSI(14일) 3일전,68.200457,-0.011299849
금값 RSI(14일) 3일전,71.399563,-0.0113395015
금값 RSI(14일) 3일전,67.832344,-0.008620009
금값 RSI(14일) 3일전,78.463577,-0.007681863
금값 RSI(14일) 3일전,78.110159,-0.0078056175
금값 RSI(14일) 3일전,77.597413,-0.00875823
금값 RSI(14일) 3일전,73.982472,-0.0076197507
금값 RSI(14일) 3일전,75.100266,-0.012029638
금값 RSI(14일) 3일전,69.057562,-0.008498024
금값 RSI(14일) 3일전,69.085587,-0.008569608
금값 RSI(14일) 3일전,86.726225,-0.023347136
금값 RSI(14일) 3일전,87.568167,-0.027656361
금값 RSI(14일) 3일전,86.629315,-0.021129483
금값 RSI(14일) 3일전,88.104333,-0.023344478
금값 RSI(14일) 3일전,62.632492,-0.0077710617
금값 RSI(14일) 3일전,64.161683,-0.010539482
금값 RSI(14일) 3일전,60.812651,-0.010375823
금값 RSI(14일) 3일전,53.17369,0.0053236317
금값 RSI(14일) 3일전,60.745667,-0.014833507
금값 RSI(14일) 3일전,62.832314,-0.014035027
금값 RSI(14일) 3일전,60.30855,-0.011139168
금값 RSI(14일) 3일전,57.854645,-0.011057834
금값 RSI(14일) 3일전,60.787605,-0.01052974
금값 RSI(14일) 3일전,65.035986,-0.010216722
금값 RSI(14일) 3일전,59.916707,-0.010408651
금값 RSI(14일) 3일전,59.797352,-0.010203377
금값 RSI(14일) 3일전,59.220224,-0.010873584
금값 RSI(14일) 3일전,54.471699,-0.003502885
금값 RSI(14일) 3일전,80.325884,-0.014746922
금값 RSI(14일) 3일전,80.892782,-0.011251199
금값 RSI(14일) 3일전,87.48586,-0.027568698
금값 RSI(14일) 3일전,89.671431,-0.026321365
금값 RSI(14일) 3일전,89.22236,-0.027647285
금값 RSI(14일) 3일전,88.556005,-0.024197567
금값 RSI(14일) 3일전,94.280417,-0.038605746
금값 RSI(14일) 3일전,94.366793,-0.043462787
금값 RSI(14일) 3일전,59.422739,-0.0073550213
금값 RSI(14일) 3일전,52.206386,0.008280693
금값 RSI(14일) 3일전,60.758841,-0.010203991
금값 RSI(14일) 3일전,60.242101,-0.010395185
금값 RSI(14일) 3일전,58.62034,-0.007847001
금값 RSI(14일) 3일전,61.583276,-0.008749547
금값 RSI(14일) 3일전,59.752391,-0.010610903
금값 RSI(14일) 3일전,56.458672,-0.0051895026
금값 RSI(14일) 3일전,56.163605,-0.0029094762
금값 RSI(14일) 3일전,50.070291,0.018973846
금값 RSI(14일) 3일전,49.9567,0.024989171
금값 RSI(14일) 3일전,46.443327,0.0147102205
금값 RSI(14일) 3일전,43.214494,0.020756003
금값 RSI(14일) 3일전,42.481724,0.020222865
금값 RSI(14일) 3일전,63.620259,-0.0068902737
금값 RSI(14일) 3일전,71.662752,-0.011531379
금값 RSI(14일) 3일전,61.32774,-0.012874774
금값 RSI(14일) 3일전,62.367527,-0.013488289
금값 RSI(14일) 3일전,64.04639,-0.013288111
금값 RSI(14일) 3일전,62.756231,-0.010065483
금값 RSI(14일) 3일전,61.39158,-0.012914487
금값 RSI(14일) 3일전,54.800772,-0.005815691
금값 RSI(14일) 3일전,52.640801,0.01473768
금값 RSI(14일) 3일전,57.20549,-0.00877174
금값 RSI(14일) 3일전,56.382387,-0.0003041483
금값 RSI(14일) 3일전,61.412148,-0.0138446605
금값 RSI(14일) 3일전,62.570168,-0.014328227
금값 RSI(14일) 3일전,59.615657,-0.0063387533
금값 RSI(14일) 3일전,53.270394,0.0004921289
금값 RSI(14일) 3일전,42.396857,0.009687304
금값 RSI(14일) 3일전,41.900074,0.018117437
금값 RSI(14일) 3일전,39.15261,0.023237411
금값 RSI(14일) 3일전,35.834468,0.015165776
금값 RSI(14일) 3일전,24.362157,0.025628513
금값 RSI(14일) 3일전,19.794866,0.028135605
금값 RSI(14일) 3일전,19.706399,0.026904684
금값 RSI(14일) 3일전,18.767099,0.032802906
금값 RSI(14일) 3일전,30.203598,0.03298612
금값 RSI(14일) 3일전,22.179235,0.023058169
달러 인덱스,126.42,0.04274963
달러 인덱스,126.42,0.042956527
달러 인덱스,126.42,0.042756062
달러 인덱스,125.81,0.043763768
달러 인덱스,125.81,0.045538466
달러 인덱스,125.81,0.04405871
달러 인덱스,125.81,0.04346549
달러 인덱스,125.81,0.038925443
달러 인덱스,124.02,0.042408153
달러 인덱스,124.02,0.04028586
달러 인덱스,124.02,0.04045002
달러 인덱스,124.02,0.04045002
달러 인덱스,124.02,0.038827587
달러 인덱스,122.99,0.036671374
달러 인덱스,122.99,0.036714114
달러 인덱스,122.99,0.038663425
달러 인덱스,122.99,0.03650901
달러 인덱스,122.89,0.038592663
달러 인덱스,122.89,0.0388898
달러 인덱스,122.89,0.04045002
달러 인덱스,122.89,0.040476598
달러 인덱스,122.89,0.041561227
달러 인덱스,122.5,0.04071917
달러 인덱스,122.5,0.0406354
달러 인덱스,122.5,0.040772986
달러 인덱스,122.5,0.040317737
달러 인덱스,122.5,0.03901383
달러 인덱스,122.52,0.03866942
달러 인덱스,122.52,0.044515662
달러 인덱스,122.52,0.042912766
달러 인덱스,122.52,0.04317522
달러 인덱스,122.52,0.033554684
달러 인덱스,123.07,0.033703644
달러 인덱스,123.07,0.02976757
달러 인덱스,123.07,0.033703644
달러 인덱스,123.07,0.043476623
달러 인덱스,123.07,0.04344943
달러 인덱스,121.38,0.041806336
달러 인덱스,121.38,0.04340669
달러 인덱스,121.38,0.039328955
달러 인덱스,121.38,0.04344943
달러 인덱스,121.77,0.043742545
달러 인덱스,121.77,0.043079466
달러 인덱스,121.77,0.045309193
달러 인덱스,121.77,0.043463737
달러 인덱스,121.77,0.044558402
달러 인덱스,121.16,0.044724952
달러 인덱스,121.16,0.045309193
달러 인덱스,121.16,0.045351934
달러 인덱스,121.16,0.043873005
달러 인덱스,121.16,0.04538282
달러 인덱스,120.32,0.042295482
달러 인덱스,120.32,0.04200137
달러 인덱스,120.32,0.04270331
달러 인덱스,120.32,0.04311258
달러 인덱스,121.04,0.044548776
달러 인덱스,121.04,0.044591516
달러 인덱스,121.04,0.04189982
달러 인덱스,121.04,0.04569795
달러 인덱스,121.04,0.04645128
달러 인덱스,119.66,0.044981536
달러 인덱스,119.66,0.04501829
달러 인덱스,119.66,0.045209985
달러 인덱스,119.66,0.046521213
달러 인덱스,119.66,0.045145694
달러 인덱스,119.24,0.045015085
달러 인덱스,119.24,0.046287123
달러 인덱스,119.24,0.04645128
달러 인덱스,119.24,0.047938354
달러 인덱스,119.24,0.046558484
달러 인덱스,119.92,0.046494022
달러 인덱스,119.92,0.042024378
달러 인덱스,119.92,0.041953612
달러 인덱스,119.92,0.04645128
달러 인덱스,119.92,0.042719852
달러 인덱스,120.36,0.04645128
달러 인덱스,120.36,0.04645128
달러 인덱스,120.36,0.04645128
달러 인덱스,120.36,0.046308503
달러 인덱스,120.36,0.043831117
달러 인덱스,119.99,0.046716083
달러 인덱스,119.99,0.045279894
달러 인덱스,119.99,0.04645128
달러 인덱스,119.99,0.04274123
달러 인덱스,119.99,0.045145694
달러 인덱스,121.21,0.04402419
달러 인덱스,121.21,0.04583247
달러 인덱스,121.21,0.04645128
달러 인덱스,121.21,0.046494022
달러 인덱스,121.21,0.04645128
달러 인덱스,120.33,0.046716083
달러 인덱스,120.33,0.04645128
달러 인덱스,120.33,0.045293022
달러 인덱스,120.33,0.046551924
달러 인덱스,120.33,0.046716083
달러 인덱스,120.34,0.045279894
달러 인덱스,120.34,0.04239638
달러 인덱스,120.34,0.03605145
달러 인덱스,120.34,0.042719852
달러 인덱스,120.34,0.04645128
달러 인덱스,120.28,0.046716083
달러 인덱스,120.28,0.046716083
달러 인덱스,120.28,0.046688065
달러 인덱스,120.28,0.046551924
달러 인덱스,120.28,0.046716083
달러 인덱스,120.21,0.046716083
달러 인덱스,120.21,0.04645128
달러 인덱스,120.21,0.041872177
달러 인덱스,120.21,0.043248188
달러 인덱스,120.13,0.04213698
달러 인덱스,120.13,0.042588647
달러 인덱스,120.13,0.04213698
달러 인덱스,120.13,0.04217972
달러 인덱스,120.13,0.04217972
달러 인덱스,120.06,0.04224418
달러 인덱스,120.06,0.041836753
달러 인덱스,120.06,0.040456884
달러 인덱스,120.06,0.042014852
달러 인덱스,120.06,0.04349461
달러 인덱스,119.79,0.04212254
달러 인덱스,119.79,0.04238138
달러 인덱스,119.79,0.041972112
달러 인덱스,119.79,0.04353735
달러 인덱스,119.79,0.04126234
달러 인덱스,120.43,0.043759417
달러 인덱스,120.43,0.04333045
달러 인덱스,120.43,0.04353735
달러 인덱스,120.43,0.04349461
달러 인덱스,120.43,0.04349461
달러 인덱스,120.09,0.04353735
달러 인덱스,120.09,0.04349461
달러 인덱스,120.09,0.04349461
달러 인덱스,120.09,0.041972112
달러 인덱스,120.09,0.04205842
달러 인덱스,121.12,0.040822603
달러 인덱스,121.12,0.03899684
달러 인덱스,121.12,0.03878994
달러 인덱스,121.12,0.0389541
달러 인덱스,121.12,0.037374407
달러 인덱스,120.7,0.037374407
달러 인덱스,120.7,0.038438097
달러 인덱스,120.7,0.040756665
달러 인덱스,120.7,0.038537435
달러 인덱스,120.7,0.042236406
달러 인덱스,120.93,0.043963067
달러 인덱스,120.93,0.043506477
달러 인덱스,120.93,0.042710397
달러 인덱스,120.93,0.045145035
달러 인덱스,120.93,0.045351934
달러 인덱스,121.39,0.043915745
달러 인덱스,121.39,0.045309193
달러 인덱스,121.39,0.04344943
달러 인덱스,121.39,0.04160718
달러 인덱스,121.39,0.044046063
달러 인덱스,121.39,0.043341357
달러 인덱스,121.39,0.045036964
달러 인덱스,121.39,0.04668006
달러 인덱스,121.39,0.044053808
달러 인덱스,121.39,0.038271304
달러 인덱스,120.97,0.038505185
달러 인덱스,120.97,0.031564847
달러 인덱스,120.97,0.04477755
달러 인덱스,120.97,0.044570647
달러 인덱스,120.97,0.04100338
달러 인덱스,121.87,0.044804122
달러 인덱스,121.87,0.045739304
달러 인덱스,121.87,0.046032418
달러 인덱스,121.87,0.047805976
달러 인덱스,121.05,0.04929305
달러 인덱스,121.05,0.04663781
달러 인덱스,121.05,0.04596052
달러 인덱스,121.05,0.04409597
달러 인덱스,121.05,0.047146436
달러 인덱스,120.69,0.04707048
달러 인덱스,120.69,0.047848716
달러 인덱스,120.69,0.047848716
달러 인덱스,120.69,0.047805976
달러 인덱스,120.69,0.048070777
달러 인덱스,120.14,0.047805976
달러 인덱스,120.14,0.04600326
달러 인덱스,120.14,0.045136813
달러 인덱스,120.14,0.04468515
달러 인덱스,120.14,0.04489205
달러 인덱스,120.17,0.044949953
달러 인덱스,120.17,0.04511411
달러 인덱스,120.17,0.04515685
달러 인덱스,120.17,0.043785993
달러 인덱스,119.47,0.043785993
달러 인덱스,119.47,0.042132676
달러 인덱스,119.47,0.043001775
달러 인덱스,119.47,0.04560057
달러 인덱스,119.61,0.04560057
달러 인덱스,119.61,0.04564331
달러 인덱스,119.61,0.045860227
달러 인덱스,119.61,0.0437286
달러 인덱스,119.61,0.04418027
달러 인덱스,120.22,0.045817487
달러 인덱스,120.22,0.045817487
달러 인덱스,120.22,0.042244457
달러 인덱스,120.22,0.042287197
달러 인덱스,120.22,0.043749962
달러 인덱스,120.08,0.04420163
달러 인덱스,120.08,0.04182088
달러 인덱스,120.08,0.04220089
달러 인덱스,120.08,0.040562294
달러 인덱스,118.9,0.039902
달러 인덱스,118.9,0.038573883
달러 인덱스,118.9,0.038409725
달러 인덱스,118.9,0.038616624
달러 인덱스,118.9,0.038616624
달러 인덱스,117.9,0.040730096
달러 인덱스,117.9,0.03982594
달러 인덱스,117.9,0.042335697
달러 인덱스,117.9,0.04119566
달러 인덱스,117.9,0.035117824
달러 인덱스,118.24,0.04119791
달러 인덱스,118.24,0.043839455
달러 인덱스,118.24,0.043723386
달러 인덱스,118.24,0.04215815
달러 인덱스,118.24,0.04045002
달러 인덱스,117.53,0.039696682
달러 인덱스,117.53,0.042295482
달러 인덱스,117.53,0.04010561
달러 인덱스,117.53,0.04473481
달러 인덱스,117.99,0.04344943
달러 인덱스,117.99,0.04278989
달러 인덱스,117.99,0.041603968
달러 인덱스,117.99,0.043506477
달러 인덱스,117.99,0.04054875
달러 인덱스,117.82,0.041603968
달러 인덱스,117.82,0.038927525
달러 인덱스,117.82,0.040255643
달러 인덱스,117.82,0.040492915
달러 인덱스,117.82,0.044570647
달러 인덱스,119.49,0.039618004
달러 인덱스,119.49,0.042646363
달러 인덱스,119.49,0.043636575
달러 인덱스,119.49,0.043006953
달러 인덱스,119.49,0.038506802
달러 인덱스,120.55,0.04121017
달러 인덱스,120.55,0.04177952
달러 인덱스,120.55,0.041850284
달러 인덱스,120.55,0.03691152
달러 인덱스,120.55,0.029000998
달러 인덱스,120.28,0.029334271
달러 인덱스,120.28,0.02430054
달러 인덱스,120.28,0.02437413
달러 인덱스,120.28,0.02537711
달러 인덱스,120.28,0.025334371
달러 인덱스,120.89,0.020426845
달러 인덱스,120.89,0.015009929
달러 인덱스,120.89,0.016966917
VIX 변동성 지수,21.77,0.039206296
VIX 변동성 지수,21.51,0.0386372
VIX 변동성 지수,30.02,0.026837014
VIX 변동성 지수,45.31,0.02646319
VIX 변동성 지수,46.98,0.026650403
VIX 변동성 지수,52.33,0.029334009
VIX 변동성 지수,33.62,0.018832456
VIX 변동성 지수,40.72,0.0111139575
VIX 변동성 지수,37.56,0.007819731
VIX 변동성 지수,30.89,0.008239041
VIX 변동성 지수,30.12,0.016645681
VIX 변동성 지수,32.64,0.0120449
VIX 변동성 지수,29.65,0.005972472
VIX 변동성 지수,33.82,-8.861402e-05
VIX 변동성 지수,30.57,-0.004969419
VIX 변동성 지수,28.45,0.005539513
VIX 변동성 지수,26.47,0.020281194
VIX 변동성 지수,24.84,0.025854321
VIX 변동성 지수,25.15,0.025167495
VIX 변동성 지수,24.17,0.027583234
VIX 변동성 지수,24.7,0.027821356
VIX 변동성 지수,24.6,0.028094672
VIX 변동성 지수,22.68,0.028180791
VIX 변동성 지수,23.64,0.0278616
VIX 변동성 지수,24.76,0.025331967
VIX 변동성 지수,23.55,0.020169636
VIX 변동성 지수,22.48,0.026945578
VIX 변동성 지수,21.9,0.0251033
VIX 변동성 지수,18.39,-0.017303307
VIX 변동성 지수,18.22,-0.021620275
VIX 변동성 지수,18.62,-0.015737794
VIX 변동성 지수,17.83,-0.019232694
VIX 변동성 지수,17.24,-0.017341493
VIX 변동성 지수,18.14,-0.020198364
VIX 변동성 지수,18.09,-0.018607244
VIX 변동성 지수,20.87,0.02141801
VIX 변동성 지수,20.28,-0.0002212424
VIX 변동성 지수,22.29,0.024263179
VIX 변동성 지수,18.96,-0.0015931474
VIX 변동성 지수,19.31,0.0034587304
VIX 변동성 지수,19.18,0.0019739661
VIX 변동성 지수,18.57,-0.015403347
VIX 변동성 지수,18.36,-0.018038701
VIX 변동성 지수,17.69,-0.021716088
VIX 변동성 지수,17.61,-0.022184873
VIX 변동성 지수,18.48,-0.016533095
VIX 변동성 지수,16.77,-0.021127958
VIX 변동성 지수,17.16,-0.021929441
VIX 변동성 지수,16.95,-0.023562191
VIX 변동성 지수,17.26,-0.023473255
VIX 변동성 지수,18.02,-0.023532335
VIX 변동성 지수,20.82,0.03328021
VIX 변동성 지수,19.11,0.00021922718
VIX 변동성 지수,21.6,0.039037913
VIX 변동성 지수,20.14,0.006113968
VIX 변동성 지수,20.62,0.02430313
VIX 변동성 지수,19.83,0.0062953243
VIX 변동성 지수,17.48,-0.022564925
VIX 변동성 지수,16.76,-0.024581533
VIX 변동성 지수,16.59,-0.023664536
VIX 변동성 지수,16.32,-0.022663299
VIX 변동성 지수,16.73,-0.02423567
VIX 변동성 지수,16.83,-0.02267993
VIX 변동성 지수,16.64,-0.024794934
VIX 변동성 지수,16.38,-0.022168277
VIX 변동성 지수,17.48,-0.024297584
VIX 변동성 지수,17.79,-0.023988714
VIX 변동성 지수,16.81,-0.023643522
VIX 변동성 지수,15.94,-0.025683792
VIX 변동성 지수,15.78,-0.026154185
VIX 변동성 지수,16.4,-0.024307631
VIX 변동성 지수,17.2,-0.022342263
VIX 변동성 지수,17.38,-0.022142999
VIX 변동성 지수,17.16,-0.024230462
VIX 변동성 지수,16.52,-0.022141196
VIX 변동성 지수,16.41,-0.02395794
VIX 변동성 지수,16.65,-0.024536824
VIX 변동성 지수,16.5,-0.02489035
VIX 변동성 지수,15.37,-0.023884896
VIX 변동성 지수,15.39,-0.023546318
VIX 변동성 지수,14.93,-0.021285564
VIX 변동성 지수,15.03,-0.020793376
VIX 변동성 지수,15.98,-0.023295984
VIX 변동성 지수,15.48,-0.021255385
VIX 변동성 지수,16.72,-0.023311874
VIX 변동성 지수,20.38,0.017554188
VIX 변동성 지수,17.52,-0.025844356
VIX 변동성 지수,17.85,-0.025718417
VIX 변동성 지수,16.77,-0.024337074
VIX 변동성 지수,16.57,-0.024166845
VIX 변동성 지수,15.15,-0.021512756
VIX 변동성 지수,16.25,-0.024248712
VIX 변동성 지수,14.73,-0.021281749
VIX 변동성 지수,14.49,-0.021413391
VIX 변동성 지수,14.83,-0.021709284
VIX 변동성 지수,15.09,-0.02099897
VIX 변동성 지수,14.99,-0.021225205
VIX 변동성 지수,15.57,-0.02270052
VIX 변동성 지수,15.69,-0.022778029
VIX 변동성 지수,16.6,-0.02423354
VIX 변동성 지수,14.22,-0.021495499
VIX 변동성 지수,14.79,-0.022311725
VIX 변동성 지수,14.62,-0.02139278
VIX 변동성 지수,14.85,-0.020912422
VIX 변동성 지수,14.43,-0.021564161
VIX 변동성 지수,15.36,-0.02198339
VIX 변동성 지수,17.17,-0.025251532
VIX 변동성 지수,16.35,-0.022898782
VIX 변동성 지수,15.3,-0.017956493
VIX 변동성 지수,15.18,-0.01926816
VIX 변동성 지수,15.11,-0.01795529
VIX 변동성 지수,15.04,-0.016553396
VIX 변동성 지수,15.35,-0.020780118
VIX 변동성 지수,14.71,-0.019173125
VIX 변동성 지수,14.76,-0.021853073
VIX 변동성 지수,15.69,-0.023256639
VIX 변동성 지수,16.36,-0.024415512
VIX 변동성 지수,15.72,-0.02394746
VIX 변동성 지수,15.7,-0.023320345
VIX 변동성 지수,15.45,-0.022885429
VIX 변동성 지수,16.1,-0.024002738
VIX 변동성 지수,16.64,-0.023961546
VIX 변동성 지수,16.18,-0.02367409
VIX 변동성 지수,16.74,-0.023949623
VIX 변동성 지수,15.29,-0.021058725
VIX 변동성 지수,16.12,-0.024680033
VIX 변동성 지수,16.28,-0.024221936
VIX 변동성 지수,16.29,-0.023743872
VIX 변동성 지수,16.63,-0.023497146
VIX 변동성 지수,16.65,-0.023540678
VIX 변동성 지수,16.37,-0.024389502
VIX 변동성 지수,17.24,-0.021971105
VIX 변동성 지수,16.3,-0.022446768
VIX 변동성 지수,16.43,-0.019440863
VIX 변동성 지수,21.66,0.035528615
VIX 변동성 지수,19.03,-0.0007539601
VIX 변동성 지수,20.81,0.025820997
VIX 변동성 지수,20.64,0.015234984
VIX 변동성 지수,25.31,0.018078389
VIX 변동성 지수,20.78,0.016508201
VIX 변동성 지수,18.23,-0.017869629
VIX 변동성 지수,17.87,-0.017435215
VIX 변동성 지수,18.6,-0.014740808
VIX 변동성 지수,17.3,-0.020246014
VIX 변동성 지수,16.37,-0.021539498
VIX 변동성 지수,15.79,-0.02102241
VIX 변동성 지수,16.42,-0.021377103
VIX 변동성 지수,16.92,-0.020582655
VIX 변동성 지수,16.91,-0.019409766
VIX 변동성 지수,17.44,-0.019217752
VIX 변동성 지수,17.17,-0.019914864
VIX 변동성 지수,19.0,-0.002853504
VIX 변동성 지수,18.01,-0.0194699
VIX 변동성 지수,19.5,0.0012019703
VIX 변동성 지수,19.08,-0.0038076993
VIX 변동성 지수,17.6,-0.020181231
VIX 변동성 지수,17.28,-0.01884679
VIX 변동성 지수,17.51,-0.020624693
VIX 변동성 지수,20.0,-0.0006939804
VIX 변동성 지수,19.83,0.0012958292
VIX 변동성 지수,22.38,0.02637083
VIX 변동성 지수,24.69,0.028586185
VIX 변동성 지수,23.66,0.029343842
VIX 변동성 지수,26.42,0.02685244
VIX 변동성 지수,23.43,0.033122793
VIX 변동성 지수,20.52,0.019462466
VIX 변동성 지수,18.56,-0.015876757
VIX 변동성 지수,17.19,-0.025152327
VIX 변동성 지수,16.35,-0.0259763
VIX 변동성 지수,17.24,-0.024806391
VIX 변동성 지수,16.59,-0.023970721
VIX 변동성 지수,16.08,-0.023478534
VIX 변동성 지수,15.78,-0.024416897
VIX 변동성 지수,15.41,-0.0238768
VIX 변동성 지수,16.66,-0.024039801
VIX 변동성 지수,16.93,-0.02464259
VIX 변동성 지수,15.77,-0.024566043
VIX 변동성 지수,14.85,-0.022806698
VIX 변동성 지수,15.74,-0.024663953
VIX 변동성 지수,16.5,-0.024131905
VIX 변동성 지수,16.48,-0.024661975
VIX 변동성 지수,17.62,-0.02398279
VIX 변동성 지수,16.87,-0.023953859
VIX 변동성 지수,14.91,-0.020811627
VIX 변동성 지수,14.08,-0.021076133
VIX 변동성 지수,14.0,-0.020234318
VIX 변동성 지수,13.47,-0.020513596
VIX 변동성 지수,13.6,-0.020743934
VIX 변동성 지수,14.2,-0.01750207
VIX 변동성 지수,14.33,-0.01831827
VIX 변동성 지수,14.95,-0.018115247
VIX 변동성 지수,14.51,-0.019012025
VIX 변동성 지수,14.9,-0.018502273
VIX 변동성 지수,14.75,-0.017963832
VIX 변동성 지수,15.38,-0.020288372
VIX 변동성 지수,15.45,-0.020664038
VIX 변동성 지수,14.49,-0.017860483
VIX 변동성 지수,15.12,-0.017928988
VIX 변동성 지수,15.98,-0.02042247
VIX 변동성 지수,16.75,-0.021297904
VIX 변동성 지수,15.84,-0.020874593
VIX 변동성 지수,15.86,-0.021581804
VIX 변동성 지수,20.09,0.00093787484
VIX 변동성 지수,16.9,-0.017656198
VIX 변동성 지수,15.64,-0.018822879
VIX 변동성 지수,16.09,-0.015243594
VIX 변동성 지수,16.15,-0.015889108
VIX 변동성 지수,16.35,-0.015549781
VIX 변동성 지수,16.35,-0.015152108
VIX 변동성 지수,16.88,-0.015412567
VIX 변동성 지수,17.44,-0.016980762
VIX 변동성 지수,16.34,-0.020150024
VIX 변동성 지수,18.0,-0.02077924
VIX 변동성 지수,18.64,-0.015184597
VIX 변동성 지수,21.77,0.023513278
VIX 변동성 지수,17.76,-0.021172369
VIX 변동성 지수,17.36,-0.020955179
VIX 변동성 지수,17.79,-0.018140748
VIX 변동성 지수,17.65,-0.02177527
VIX 변동성 지수,20.82,0.023664873
VIX 변동성 지수,20.6,0.015033092
VIX 변동성 지수,20.29,0.0021048249
VIX 변동성 지수,19.62,0.002730141
VIX 변동성 지수,20.23,0.00072791317
VIX 변동성 지수,19.09,-0.0031280029
VIX 변동성 지수,21.01,0.026989404
VIX 변동성 지수,19.55,-0.001973834
VIX 변동성 지수,17.93,-0.022275036
VIX 변동성 지수,18.63,-0.01540709
VIX 변동성 지수,19.86,0.0014004322
VIX 변동성 지수,21.44,0.024716955
VIX 변동성 지수,23.57,0.025800059
VIX 변동성 지수,21.15,0.028350836
VIX 변동성 지수,23.75,0.026490288
VIX 변동성 지수,29.49,0.015136637
VIX 변동성 지수,25.5,0.023763664
VIX 변동성 지수,24.93,0.025727926
VIX 변동성 지수,24.23,0.026922949
VIX 변동성 지수,27.29,0.014030707
VIX 변동성 지수,27.19,0.014717542
VIX 변동성 지수,23.51,0.026878543
VIX 변동성 지수,22.37,0.026896184
VIX 변동성 지수,25.09,0.019339612
VIX 변동성 지수,24.06,0.020100087
VIX 변동성 지수,26.78,0.008921266
VIX 변동성 지수,26.15,0.018303964
VIX 변동성 지수,26.95,0.00435126
VIX 변동성 지수,25.33,0.015105396
VIX 변동성 지수,27.44,0.004960158
VIX 변동성 지수,31.05,0.0032412517
VIX 변동성 지수,30.61,-0.008516217
VIX 변동성 지수,25.25,0.00051673455
국제 금 선물 가격 변화율 3일전,0.013009,0.0013770579
국제 금 선물 가격 변화율 3일전,0.008594,0.0012017154
국제 금 선물 가격 변화율 3일전,0.011761,0.0014815994
국제 금 선물 가격 변화율 3일전,-0.001249,0.0018608369
국제 금 선물 가격 변화율 3일전,0.006733,0.002222309
국제 금 선물 가격 변화율 3일전,-0.013663,-0.014059323
국제 금 선물 가격 변화율 3일전,-0.027446,-0.030138262
국제 금 선물 가격 변화율 3일전,-0.020153,-0.02372953
국제 금 선물 가격 변화율 3일전,0.005794,0.004079761
국제 금 선물 가격 변화율 3일전,0.029679,0.0026122322
국제 금 선물 가격 변화율 3일전,0.032292,0.0023906264
국제 금 선물 가격 변화율 3일전,0.021235,0.0020278564
국제 금 선물 가격 변화율 3일전,-0.0054,0.0022244495
국제 금 선물 가격 변화율 3일전,0.004337,0.0024646914
국제 금 선물 가격 변화율 3일전,0.033523,0.0024646914
국제 금 선물 가격 변화율 3일전,-0.005381,0.0026612845
국제 금 선물 가격 변화율 3일전,0.029468,0.0024646914
국제 금 선물 가격 변화율 3일전,-0.001585,0.0019874175
국제 금 선물 가격 변화율 3일전,-0.036609,-0.015497614
국제 금 선물 가격 변화율 3일전,0.017001,0.0020278564
국제 금 선물 가격 변화율 3일전,-0.014886,-0.016571334
국제 금 선물 가격 변화율 3일전,0.015263,0.0024609962
국제 금 선물 가격 변화율 3일전,-0.004111,0.0021528662
국제 금 선물 가격 변화율 3일전,-0.004158,0.0028794426
국제 금 선물 가격 변화율 3일전,-0.028744,-0.027587745
국제 금 선물 가격 변화율 3일전,0.006822,0.0032274467
국제 금 선물 가격 변화율 3일전,0.024568,0.0022276593
국제 금 선물 가격 변화율 3일전,0.03023,0.0022276593
국제 금 선물 가격 변화율 3일전,-0.008794,-0.0042836103
국제 금 선물 가격 변화율 3일전,-0.025078,-0.031340994
국제 금 선물 가격 변화율 3일전,0.01177,0.0041501303
국제 금 선물 가격 변화율 3일전,-0.034599,-0.03352974
국제 금 선물 가격 변화율 3일전,0.006304,0.0041501303
국제 금 선물 가격 변화율 3일전,-0.018177,-0.032499194
국제 금 선물 가격 변화율 3일전,0.012353,0.0041501303
국제 금 선물 가격 변화율 3일전,-0.012016,-0.022735605
국제 금 선물 가격 변화율 3일전,0.014739,0.0041501303
국제 금 선물 가격 변화율 3일전,0.015919,0.0043499335
국제 금 선물 가격 변화율 3일전,0.008841,0.0035528238
국제 금 선물 가격 변화율 3일전,-0.005137,0.003148568
국제 금 선물 가격 변화율 3일전,0.021657,0.004280835
국제 금 선물 가격 변화율 3일전,-0.019176,-0.029344238
국제 금 선물 가격 변화율 3일전,-0.001667,0.0041133873
국제 금 선물 가격 변화율 3일전,0.007135,0.0043866076
국제 금 선물 가격 변화율 3일전,-0.008501,-0.0024726952
국제 금 선물 가격 변화율 3일전,0.024841,0.0031159888
국제 금 선물 가격 변화율 3일전,-0.006052,0.0033594668
국제 금 선물 가격 변화율 3일전,0.006955,0.0034787585
국제 금 선물 가격 변화율 3일전,-0.006759,0.0033631623
국제 금 선물 가격 변화율 3일전,-0.008356,-0.0036699076
국제 금 선물 가격 변화율 3일전,0.002829,0.0033631623
국제 금 선물 가격 변화율 3일전,-0.003361,0.0036543382
국제 금 선물 가격 변화율 3일전,0.00012,0.004160272
국제 금 선물 가격 변화율 3일전,0.017945,0.0019537911
국제 금 선물 가격 변화율 3일전,0.014878,0.0028085872
국제 금 선물 가격 변화율 3일전,-0.010142,-0.0029960407
국제 금 선물 가격 변화율 3일전,-0.002885,0.0037963013
국제 금 선물 가격 변화율 3일전,0.000945,0.0035592695
국제 금 선물 가격 변화율 3일전,-0.006402,0.0037963013
국제 금 선물 가격 변화율 3일전,0.00285,0.0043936083
국제 금 선물 가격 변화율 3일전,-0.017852,-0.032452308
국제 금 선물 가격 변화율 3일전,0.002924,0.0048304433
국제 금 선물 가격 변화율 3일전,0.001924,0.0043936083
국제 금 선물 가격 변화율 3일전,-0.017939,-0.029297354
국제 금 선물 가격 변화율 3일전,0.006323,0.0040760655
국제 금 선물 가격 변화율 3일전,0.01284,0.00407551
국제 금 선물 가격 변화율 3일전,0.003387,0.004087478
국제 금 선물 가격 변화율 3일전,-0.004898,0.0048304433
국제 금 선물 가격 변화율 3일전,0.00027,0.004218266
국제 금 선물 가격 변화율 3일전,-9e-05,0.0048304433
국제 금 선물 가격 변화율 3일전,-0.007563,-0.0014828863
국제 금 선물 가격 변화율 3일전,0.001391,0.0043936083
국제 금 선물 가격 변화율 3일전,0.001751,0.004593411
국제 금 선물 가격 변화율 3일전,0.011636,0.0045129
국제 금 선물 가격 변화율 3일전,-0.001341,0.0037963013
국제 금 선물 가격 변화율 3일전,-0.006475,0.0048304433
국제 금 선물 가격 변화율 3일전,0.006817,0.0037699344
국제 금 선물 가격 변화율 3일전,-0.003699,0.0029263273
국제 금 선물 가격 변화율 3일전,0.003862,0.0033594668
국제 금 선물 가격 변화율 3일전,0.014584,0.0028237659
국제 금 선물 가격 변화율 3일전,0.010964,0.002866581
국제 금 선물 가격 변화율 3일전,-0.013114,-0.014269407
국제 금 선물 가격 변화율 3일전,-0.006806,0.004087478
국제 금 선물 가격 변화율 3일전,-0.010976,-0.0043674298
국제 금 선물 가격 변화율 3일전,-0.007469,0.0048304433
국제 금 선물 가격 변화율 3일전,0.004321,0.0045129
국제 금 선물 가격 변화율 3일전,-0.008305,-0.0039305952
국제 금 선물 가격 변화율 3일전,-0.000789,0.0043936083
국제 금 선물 가격 변화율 3일전,0.016549,0.0039007228
국제 금 선물 가격 변화율 3일전,0.007976,0.0037699344
국제 금 선물 가격 변화율 3일전,0.002223,0.0045243124
국제 금 선물 가격 변화율 3일전,-0.000562,0.004087478
국제 금 선물 가격 변화율 3일전,0.006006,0.0042067696
국제 금 선물 가격 변화율 3일전,0.011411,0.0037699344
국제 금 선물 가격 변화율 3일전,-0.025007,-0.03663781
국제 금 선물 가격 변화율 3일전,-0.001253,0.0041565765
국제 금 선물 가격 변화율 3일전,0.002926,0.0048304433
국제 금 선물 가격 변화율 3일전,-0.006997,0.0043936083
국제 금 선물 가격 변화율 3일전,0.00024,0.0045243124
국제 금 선물 가격 변화율 3일전,-0.001289,0.004218266
국제 금 선물 가격 변화율 3일전,-0.005493,0.004087478
국제 금 선물 가격 변화율 3일전,0.009054,0.0030419235
국제 금 선물 가격 변화율 3일전,-0.001944,0.004593411
국제 금 선물 가격 변화율 3일전,0.011238,0.0036429258
국제 금 선물 가격 변화율 3일전,-0.000178,0.004397304
국제 금 선물 가격 변화율 3일전,0.004387,0.0036429258
국제 금 선물 가격 변화율 3일전,0.004722,0.0036429258
국제 금 선물 가격 변화율 3일전,0.007989,0.002708049
국제 금 선물 가격 변화율 3일전,0.012209,0.0021107423
국제 금 선물 가격 변화율 3일전,0.021792,0.0018138927
국제 금 선물 가격 변화율 3일전,0.01234,0.0013770579
국제 금 선물 가격 변화율 3일전,-0.007626,-0.0002729413
국제 금 선물 가격 변화율 3일전,0.013293,0.0018138927
국제 금 선물 가격 변화율 3일전,0.006891,0.0018138927
국제 금 선물 가격 변화율 3일전,0.001429,0.0021314358
국제 금 선물 가격 변화율 3일전,8.2e-05,0.0021314358
국제 금 선물 가격 변화율 3일전,-0.001839,0.001694601
국제 금 선물 가격 변화율 3일전,0.003437,0.0021314358
국제 금 선물 가격 변화율 3일전,0.008988,0.0016569418
국제 금 선물 가격 변화율 3일전,0.00182,0.0021742878
국제 금 선물 가격 변화율 3일전,-0.001925,0.002392446
국제 금 선물 가격 변화율 3일전,-0.010348,-0.0014875601
국제 금 선물 가격 변화율 3일전,0.00763,0.0019537911
국제 금 선물 가격 변화율 3일전,0.018848,0.002153594
국제 금 선물 가격 변화율 3일전,0.010666,0.0023906264
국제 금 선물 가격 변화율 3일전,-0.012829,-0.011652775
국제 금 선물 가격 변화율 3일전,0.001286,0.0027081692
국제 금 선물 가격 변화율 3일전,0.010276,0.0017784489
국제 금 선물 가격 변화율 3일전,0.012079,0.0023906264
국제 금 선물 가격 변화율 3일전,0.005208,0.0019537911
국제 금 선물 가격 변화율 3일전,0.006952,0.0023906264
국제 금 선물 가격 변화율 3일전,-0.007188,0.0027081692
국제 금 선물 가격 변화율 3일전,0.010704,0.0016739073
국제 금 선물 가격 변화율 3일전,0.017445,0.0017167593
국제 금 선물 가격 변화율 3일전,0.007117,0.0023906264
국제 금 선물 가격 변화율 3일전,0.016773,0.0016569418
국제 금 선물 가격 변화율 3일전,-0.02399,-0.020794427
국제 금 선물 가격 변화율 3일전,0.007501,0.0023906264
국제 금 선물 가격 변화율 3일전,0.033376,0.0016739073
국제 금 선물 가격 변화율 3일전,0.007326,0.0019537911
국제 금 선물 가격 변화율 3일전,0.00923,0.0020937766
국제 금 선물 가격 변화율 3일전,0.024731,0.002167842
국제 금 선물 가격 변화율 3일전,-0.021097,-0.01438259
국제 금 선물 가격 변화율 3일전,0.034965,0.0026301402
국제 금 선물 가격 변화율 3일전,-0.057352,-0.020509709
국제 금 선물 가격 변화율 3일전,-0.010593,-0.001534445
국제 금 선물 가격 변화율 3일전,0.020052,0.0020278564
국제 금 선물 가격 변화율 3일전,-0.001721,0.0033162772
국제 금 선물 가격 변화율 3일전,-0.028288,-0.03382094
국제 금 선물 가격 변화율 3일전,-0.008921,-0.005084486
국제 금 선물 가격 변화율 3일전,0.004412,0.0043866076
국제 금 선물 가격 변화율 3일전,0.004418,0.0045869653
국제 금 선물 가격 변화율 3일전,-0.004773,0.0045465264
국제 금 선물 가격 변화율 3일전,0.004545,0.0045869653
국제 금 선물 가격 변화율 3일전,-0.013149,-0.020722203
국제 금 선물 가격 변화율 3일전,0.008258,0.0037377558
국제 금 선물 가격 변화율 3일전,-0.0001,0.0047835587
국제 금 선물 가격 변화율 3일전,0.0049,0.003319795
국제 금 선물 가격 변화율 3일전,0.028104,0.0041495753
국제 금 선물 가격 변화율 3일전,-0.001216,0.003822435
국제 금 선물 가격 변화율 3일전,0.023765,0.0028978307
국제 금 선물 가격 변화율 3일전,-0.004162,0.0042872806
국제 금 선물 가격 변화율 3일전,-0.023717,-0.022811258
국제 금 선물 가격 변화율 3일전,-0.004722,0.0035592695
국제 금 선물 가격 변화율 3일전,-0.001721,0.0031841244
국제 금 선물 가격 변화율 3일전,0.004038,0.0033594668
국제 금 선물 가격 변화율 3일전,-0.005199,0.0033631623
국제 금 선물 가격 변화율 3일전,0.00498,0.0024334418
국제 금 선물 가격 변화율 3일전,0.003729,0.0029263273
국제 금 선물 가격 변화율 3일전,0.011559,0.0026087842
국제 금 선물 가격 변화율 3일전,0.006281,0.0023906264
국제 금 선물 가격 변화율 3일전,0.012748,0.0019537911
국제 금 선물 가격 변화율 3일전,0.004978,0.003045619
국제 금 선물 가격 변화율 3일전,-0.012431,-0.014560605
국제 금 선물 가격 변화율 3일전,0.003033,0.004397304
국제 금 선물 가격 변화율 3일전,0.002977,0.004087478
국제 금 선물 가격 변화율 3일전,0.000261,0.0037963013
국제 금 선물 가격 변화율 3일전,-0.0061,0.0037963013
국제 금 선물 가격 변화율 3일전,0.004657,0.0030419235
국제 금 선물 가격 변화율 3일전,-0.002448,0.0020343023
국제 금 선물 가격 변화율 3일전,0.021232,0.0019537911
국제 금 선물 가격 변화율 3일전,0.003407,0.0027081692
국제 금 선물 가격 변화율 3일전,0.001535,0.002095992
국제 금 선물 가격 변화율 3일전,-0.000511,0.002095992
국제 금 선물 가격 변화율 3일전,0.00999,0.0021107423
국제 금 선물 가격 변화율 3일전,-0.00184,0.0019914503
국제 금 선물 가격 변화율 3일전,0.005047,0.0016739073
국제 금 선물 가격 변화율 3일전,0.019076,0.0018138927
국제 금 선물 가격 변화율 3일전,0.008595,0.0020900813
국제 금 선물 가격 변화율 3일전,-0.000491,0.0019744849
국제 금 선물 가격 변화율 3일전,0.010824,0.0027487697
국제 금 선물 가격 변화율 3일전,-0.045042,-0.028670281
국제 금 선물 가격 변화율 3일전,0.010404,0.0026087842
국제 금 선물 가격 변화율 3일전,-0.010183,-0.00342918
국제 금 선물 가격 변화율 3일전,-0.002589,0.00343618
국제 금 선물 가격 변화율 3일전,0.028393,0.0023906264
국제 금 선물 가격 변화율 3일전,0.01021,0.003045619
국제 금 선물 가격 변화율 3일전,-0.00734,0.00312613
국제 금 선물 가격 변화율 3일전,9e-05,0.0020343023
국제 금 선물 가격 변화율 3일전,0.009124,0.0017167593
국제 금 선물 가격 변화율 3일전,0.025388,0.0023906264
국제 금 선물 가격 변화율 3일전,-0.00328,0.0027081692
국제 금 선물 가격 변화율 3일전,0.008084,0.0024646914
국제 금 선물 가격 변화율 3일전,-0.002162,0.0026612845
국제 금 선물 가격 변화율 3일전,-0.006044,0.0031094116
국제 금 선물 가격 변화율 3일전,0.037311,0.0021848073
국제 금 선물 가격 변화율 3일전,0.015169,0.0017479726
국제 금 선물 가격 변화율 3일전,0.015936,0.001887958
국제 금 선물 가격 변화율 3일전,0.01373,0.0018138927
국제 금 선물 가격 변화율 3일전,0.020799,0.0013770579
국제 금 선물 가격 변화율 3일전,3.9e-05,0.0023644352
국제 금 선물 가격 변화율 3일전,0.043643,0.0019308099
국제 금 선물 가격 변화율 3일전,0.003169,0.002782396
국제 금 선물 가격 변화율 3일전,-0.113662,-0.025853407
국제 금 선물 가격 변화율 3일전,-0.019389,-0.018199004
국제 금 선물 가격 변화율 3일전,0.060833,0.0024646914
국제 금 선물 가격 변화율 3일전,0.003406,0.0033162772
국제 금 선물 가격 변화율 3일전,-0.011991,-0.011875002
국제 금 선물 가격 변화율 3일전,0.018472,0.0020278564
국제 금 선물 가격 변화율 3일전,0.020137,0.0024646914
국제 금 선물 가격 변화율 3일전,-0.009325,-0.0027751303
국제 금 선물 가격 변화율 3일전,0.01355,0.0038476952
국제 금 선물 가격 변화율 3일전,-0.029162,-0.02880884
국제 금 선물 가격 변화율 3일전,0.019965,0.003716991
국제 금 선물 가격 변화율 3일전,-0.027698,-0.03066598
국제 금 선물 가격 변화율 3일전,0.021217,0.003716991
국제 금 선물 가격 변화율 3일전,-0.002126,0.0041285655
국제 금 선물 가격 변화율 3일전,0.016761,0.0024646914
국제 금 선물 가격 변화율 3일전,0.028739,0.0028978307
국제 금 선물 가격 변화율 3일전,-0.009395,-0.0013383375
국제 금 선물 가격 변화율 3일전,0.009814,0.0022276593
국제 금 선물 가격 변화율 3일전,-0.005743,0.0026612845
국제 금 선물 가격 변화율 3일전,0.010432,0.0017908245
국제 금 선물 가격 변화율 3일전,0.012217,0.0026828495
국제 금 선물 가격 변화율 3일전,-0.03532,-0.022694934
국제 금 선물 가격 변화율 3일전,0.002506,0.0035378837
국제 금 선물 가격 변화율 3일전,-0.010722,-0.003476065
국제 금 선물 가격 변화율 3일전,0.015952,0.0038476952
국제 금 선물 가격 변화율 3일전,-0.01061,-0.0019505149
국제 금 선물 가격 변화율 3일전,0.027143,0.0033157915
국제 금 선물 가격 변화율 3일전,-0.011913,-0.017471248
국제 금 선물 가격 변화율 3일전,-0.009986,-0.0042836103
국제 금 선물 가격 변화율 3일전,-0.012373,-0.022910947
국제 금 선물 가격 변화율 3일전,-0.011578,-0.019168708
국제 금 선물 가격 변화율 3일전,0.001402,0.0047835587
국제 금 선물 가격 변화율 3일전,-0.022216,-0.03031045
국제 금 선물 가격 변화율 3일전,-0.059142,-0.03082567
국제 금 선물 가격 변화율 3일전,-0.006586,0.0047835587
국제 금 선물 가격 변화율 3일전,-0.036386,-0.03082567
국제 금 선물 가격 변화율 3일전,-0.00109,0.0047835587
국제 금 선물 가격 변화율 3일전,0.03421,0.0045869653
국제 금 선물 가격 변화율 3일전,-0.038309,-0.028636927
국제 금 선물 가격,3118.9,-0.023064619
국제 금 선물 가격,3139.9,-0.022705676
국제 금 선물 가격,3097.0,-0.023337679
국제 금 선물 가격,3012.0,-0.022584109
국제 금 선물 가격,2951.3,-0.022643374
국제 금 선물 가격,2968.4,-0.026321068
국제 금 선물 가격,3056.5,-0.020691048
국제 금 선물 가격,3155.2,-0.022522524
국제 금 선물 가격,3222.2,-0.02467878
국제 금 선물 가격,3204.8,-0.023653666
국제 금 선물 가격,3218.7,-0.024024809
국제 금 선물 가격,3326.6,-0.02372956
국제 금 선물 가격,3308.7,-0.023318993
국제 금 선물 가격,3406.2,-0.021992644
국제 금 선물 가격,3400.8,-0.021255864
국제 금 선물 가격,3276.3,-0.02329442
국제 금 선물 가격,3332.0,-0.023326708
국제 금 선물 가격,3282.4,-0.023946619
국제 금 선물 가격,3332.5,-0.024446847
국제 금 선물 가격,3318.8,-0.025119165
국제 금 선물 가격,3305.0,-0.025229244
국제 금 선물 가격,3210.0,-0.024492087
국제 금 선물 가격,3231.9,-0.0234769
국제 금 선물 가격,3311.3,-0.02521353
국제 금 선물 가격,3411.4,-0.024632582
국제 금 선물 가격,3381.4,-0.025119165
국제 금 선물 가격,3296.6,-0.021549532
국제 금 선물 가격,3335.4,-0.02284919
국제 금 선물 가격,3220.0,-0.015658882
국제 금 선물 가격,3240.3,-0.014577543
국제 금 선물 가격,3181.4,-0.016528357
국제 금 선물 가격,3220.7,-0.015691875
국제 금 선물 가격,3182.0,-0.011349827
국제 금 선물 가격,3228.9,-0.015362564
국제 금 선물 가격,3280.3,-0.012096465
국제 금 선물 가격,3309.3,-0.025479818
국제 금 선물 가격,3292.3,-0.017313832
국제 금 선물 가격,3363.6,-0.023284296
국제 금 선물 가격,3299.1,-0.016520651
국제 금 선물 가격,3293.6,-0.014003711
국제 금 선물 가격,3317.1,-0.016544774
국제 금 선물 가격,3288.9,-0.016576678
국제 금 선물 가격,3370.6,-0.015784724
국제 금 선물 가격,3350.2,-0.01669369
국제 금 선물 가격,3373.5,-0.016400954
국제 금 선물 가격,3350.7,-0.016546547
국제 금 선물 가격,3322.7,-0.015882999
국제 금 선물 가격,3332.1,-0.016485626
국제 금 선물 가격,3320.9,-0.017392162
국제 금 선물 가격,3321.3,-0.014884468
국제 금 선물 가격,3380.9,-0.016323179
국제 금 선물 가격,3431.2,-0.024683705
국제 금 선물 가격,3396.4,-0.015416924
국제 금 선물 가격,3386.6,-0.022744538
국제 금 선물 가격,3389.8,-0.015316699
국제 금 선물 가격,3368.1,-0.017669221
국제 금 선물 가격,3377.7,-0.015438158
국제 금 선물 가격,3317.4,-0.014592446
국제 금 선물 가격,3327.1,-0.014710484
국제 금 선물 가격,3333.5,-0.014611196
국제 금 선물 가격,3273.7,-0.015168019
국제 금 선물 가격,3294.4,-0.015289422
국제 금 선물 가격,3336.7,-0.013046505
국제 금 선물 가격,3348.0,-0.015305838
국제 금 선물 가격,3331.6,-0.015411887
국제 금 선물 가격,3332.5,-0.015425387
국제 금 선물 가격,3332.2,-0.014177671
국제 금 선물 가격,3307.0,-0.014663938
국제 금 선물 가격,3311.6,-0.015291387
국제 금 선물 가격,3317.4,-0.015259294
국제 금 선물 가격,3356.0,-0.014673794
국제 금 선물 가격,3351.5,-0.016254986
국제 금 선물 가격,3329.8,-0.014724314
국제 금 선물 가격,3352.5,-0.01626512
국제 금 선물 가격,3340.1,-0.015637765
국제 금 선물 가격,3353.0,-0.016274601
국제 금 선물 가격,3401.9,-0.01619173
국제 금 선물 가격,3439.2,-0.016201213
국제 금 선물 가격,3394.1,-0.015386157
국제 금 선물 가격,3371.0,-0.014691386
국제 금 선물 가격,3334.0,-0.015328078
국제 금 선물 가격,3309.1,-0.013914049
국제 금 선물 가격,3323.4,-0.014661226
국제 금 선물 가격,3295.8,-0.0147737395
국제 금 선물 가격,3293.2,-0.015431223
국제 금 선물 가격,3347.7,-0.017630896
국제 금 선물 가격,3374.4,-0.016038233
국제 금 선물 가격,3381.9,-0.016305992
국제 금 선물 가격,3380.0,-0.0155298
국제 금 선물 가격,3400.3,-0.015529428
국제 금 선물 가격,3439.1,-0.01630181
국제 금 선물 가격,3353.1,-0.014506619
국제 금 선물 가격,3348.9,-0.014776228
국제 금 선물 가격,3358.7,-0.014895489
국제 금 선물 가격,3335.2,-0.014673794
국제 금 선물 가격,3336.0,-0.015368085
국제 금 선물 가격,3331.7,-0.015479083
국제 금 선물 가격,3313.4,-0.015338785
국제 금 선물 가격,3343.4,-0.015647247
국제 금 선물 가격,3336.9,-0.014563713
국제 금 선물 가격,3374.4,-0.015428305
국제 금 선물 가격,3373.8,-0.014700629
국제 금 선물 가격,3388.6,-0.014529191
국제 금 선물 가격,3404.6,-0.014337199
국제 금 선물 가격,3431.8,-0.014039071
국제 금 선물 가격,3473.7,-0.015539283
국제 금 선물 가격,3549.4,-0.014912205
국제 금 선물 가격,3593.2,-0.01541906
국제 금 선물 가격,3565.8,-0.015353207
국제 금 선물 가격,3613.2,-0.014920536
국제 금 선물 가격,3638.1,-0.0146819055
국제 금 선물 가격,3643.3,-0.01409819
국제 금 선물 가격,3643.6,-0.014164044
국제 금 선물 가격,3636.9,-0.015409207
국제 금 선물 가격,3649.4,-0.015418688
국제 금 선물 가격,3682.2,-0.015343836
국제 금 선물 가격,3688.9,-0.015343461
국제 금 선물 가격,3681.8,-0.016090473
국제 금 선물 가격,3643.7,-0.016071135
국제 금 선물 가격,3671.5,-0.015172023
국제 금 선물 가격,3740.7,-0.015260341
국제 금 선물 가격,3780.6,-0.015353316
국제 금 선물 가격,3732.1,-0.014581306
국제 금 선물 가격,3736.9,-0.014632106
국제 금 선물 가격,3775.3,-0.016134433
국제 금 선물 가격,3820.9,-0.015817413
국제 금 선물 가격,3840.8,-0.016085546
국제 금 선물 가격,3867.5,-0.0152991265
국제 금 선물 가격,3839.7,-0.015418688
국제 금 선물 가격,3880.8,-0.014581306
국제 금 선물 가격,3948.5,-0.015343836
국제 금 선물 가격,3976.6,-0.01602462
국제 금 선물 가격,4043.3,-0.014108045
국제 금 선물 가격,3946.3,-0.014058245
국제 금 선물 가격,3975.9,-0.022917332
국제 금 선물 가격,4108.6,-0.017061265
국제 금 선물 가격,4138.7,-0.02444501
국제 금 선물 가격,4176.9,-0.017276673
국제 금 선물 가격,4280.2,-0.023408862
국제 금 선물 가격,4189.9,-0.023409234
국제 금 선물 가격,4336.4,-0.0159257
국제 금 선물 가격,4087.7,-0.015908493
국제 금 선물 가격,4044.4,-0.014506126
국제 금 선물 가격,4125.5,-0.016472872
국제 금 선물 가격,4118.4,-0.016278576
국제 금 선물 가격,4001.9,-0.016356796
국제 금 선물 가격,3966.2,-0.01625657
국제 금 선물 가격,3983.7,-0.016333373
국제 금 선물 가격,4001.3,-0.016596952
국제 금 선물 가격,3982.2,-0.014831267
국제 금 선물 가격,4000.3,-0.016577614
국제 금 선물 가격,3947.7,-0.01735086
국제 금 선물 가격,3980.3,-0.016178686
국제 금 선물 가격,3979.9,-0.016343229
국제 금 선물 가격,3999.4,-0.016363576
국제 금 선물 가격,4111.8,-0.014567688
국제 금 선물 가격,4106.8,-0.017392008
국제 금 선물 가격,4204.4,-0.016457919
국제 금 선물 가격,4186.9,-0.015950162
국제 금 선물 가격,4087.6,-0.016484112
국제 금 선물 가격,4068.3,-0.023078829
국제 금 선물 가격,4061.3,-0.025243703
국제 금 선물 가격,4077.7,-0.025047576
국제 금 선물 가격,4056.5,-0.0251853
국제 금 선물 가격,4076.7,-0.026075482
국제 금 선물 가격,4091.9,-0.017330665
국제 금 선물 가격,4139.2,-0.016052643
국제 금 선물 가격,4165.2,-0.015444718
국제 금 선물 가격,4218.3,-0.016225666
국제 금 선물 가격,4239.3,-0.014692418
국제 금 선물 가격,4186.6,-0.015443141
국제 금 선물 가격,4199.3,-0.014435474
국제 금 선물 가격,4211.8,-0.015564654
국제 금 선물 가격,4212.9,-0.014645832
국제 금 선물 가격,4187.2,-0.016335374
국제 금 선물 가격,4206.7,-0.016311293
국제 금 선물 가격,4196.4,-0.01630181
국제 금 선물 가격,4285.5,-0.01630181
국제 금 선물 가격,4300.1,-0.016191358
국제 금 선물 가격,4306.7,-0.015910596
국제 금 선물 가격,4304.5,-0.015855338
국제 금 선물 가격,4347.5,-0.015094295
국제 금 선물 가격,4339.5,-0.01597091
국제 금 선물 가격,4361.4,-0.014318101
국제 금 선물 가격,4444.6,-0.01533398
국제 금 선물 가격,4482.8,-0.015233755
국제 금 선물 가격,4480.6,-0.01530898
국제 금 선물 가격,4529.1,-0.015418688
국제 금 선물 가격,4325.1,-0.015771886
국제 금 선물 가격,4370.1,-0.015900811
국제 금 선물 가격,4325.6,-0.017401645
국제 금 선물 가격,4314.4,-0.017382309
국제 금 선물 가격,4436.9,-0.016665429
국제 금 선물 가격,4482.2,-0.017402582
국제 금 선물 가격,4449.3,-0.017180828
국제 금 선물 가격,4449.7,-0.015781742
국제 금 선물 가격,4490.3,-0.01665501
국제 금 선물 가격,4604.3,-0.016456543
국제 금 선물 가격,4589.2,-0.01563738
국제 금 선물 가격,4626.3,-0.014985304
국제 금 선물 가격,4616.3,-0.01649956
국제 금 선물 가격,4588.4,-0.016509043
국제 금 선물 가격,4759.6,-0.016482353
국제 금 선물 가격,4831.8,-0.01713432
국제 금 선물 가격,4908.8,-0.015964383
국제 금 선물 가격,4976.2,-0.013681581
국제 금 선물 가격,5079.7,-0.014409257
국제 금 선물 가격,5079.9,-0.013408521
국제 금 선물 가격,5301.6,-0.013633044
국제 금 선물 가격,5318.4,-0.013522964
국제 금 선물 가격,4713.9,-0.015983721
국제 금 선물 가격,4622.5,-0.015058071
국제 금 선물 가격,4903.7,-0.015663432
국제 금 선물 가격,4920.4,-0.014262235
국제 금 선물 가격,4861.4,-0.02514308
국제 금 선물 가격,4951.2,-0.016226856
국제 금 선물 가격,5050.9,-0.016454943
국제 금 선물 가격,5003.8,-0.01713426
국제 금 선물 가격,5071.6,-0.015212756
국제 금 선물 가격,4923.7,-0.024365218
국제 금 선물 가격,5022.0,-0.017722549
국제 금 선물 가격,4882.9,-0.01658747
국제 금 선물 가격,4986.5,-0.015629495
국제 금 선물 가격,4975.9,-0.01584994
국제 금 선물 가격,5059.3,-0.017441265
국제 금 선물 가격,5204.7,-0.02536974
국제 금 선물 가격,5155.8,-0.01713432
국제 금 선물 가격,5206.4,-0.016030237
국제 금 선물 가격,5176.5,-0.017172964
국제 금 선물 가격,5230.5,-0.015585268
국제 금 선물 가격,5294.4,-0.024303103
국제 금 선물 가격,5107.4,-0.02529217
국제 금 선물 가격,5120.2,-0.023577135
국제 금 선물 가격,5065.3,-0.02272862
국제 금 선물 가격,5146.1,-0.023840701
국제 금 선물 가격,5091.5,-0.025401134
국제 금 선물 가격,5229.7,-0.02349406
국제 금 선물 가격,5167.4,-0.023015184
국제 금 선물 가격,5115.8,-0.023615325
국제 금 선물 가격,5052.5,-0.023873173
국제 금 선물 가격,4994.0,-0.023638608
국제 금 선물 가격,5001.0,-0.022137495
국제 금 선물 가격,4889.9,-0.021919478
국제 금 선물 가격,4600.7,-0.023232466
국제 금 선물 가격,4570.4,-0.018996295
국제 금 선물 가격,4404.1,-0.020028358
국제 금 선물 가격,4399.3,-0.018821415
국제 금 선물 가격,4549.8,-0.019986816
국제 금 선물 가격,4375.5,-0.020025646
국제 금 선물 가격,4492.0,-0.019091405
국제 금 선물 가격,4526.0,-0.018921115
국제 금 선물 가격,4647.6,-0.018376019
WTI 서부텍사스유 가격,71.61,0.016487924
WTI 서부텍사스유 가격,72.12,0.01762451
WTI 서부텍사스유 가격,67.43,0.014980671
WTI 서부텍사스유 가격,62.42,0.016576245
WTI 서부텍사스유 가격,61.05,0.017395107
WTI 서부텍사스유 가격,60.04,0.016953468
WTI 서부텍사스유 가격,62.63,0.017112024
WTI 서부텍사스유 가격,60.57,0.01698709
WTI 서부텍사스유 가격,61.91,0.017577518
WTI 서부텍사스유 가격,61.99,0.015406096
WTI 서부텍사스유 가격,61.74,0.016144127
WTI 서부텍사스유 가격,62.88,0.018501755
WTI 서부텍사스유 가격,65.07,0.016431808
WTI 서부텍사스유 가격,63.48,0.016682062
WTI 서부텍사스유 가격,64.6,0.018256782
WTI 서부텍사스유 가격,62.64,0.018933723
WTI 서부텍사스유 가격,63.55,0.019355528
WTI 서부텍사스유 가격,63.85,0.01761312
WTI 서부텍사스유 가격,63.3,0.017083285
WTI 서부텍사스유 가격,61.84,0.016462594
WTI 서부텍사스유 가격,59.55,0.01706082
WTI 서부텍사스유 가격,60.59,0.01661139
WTI 서부텍사스유 가격,59.67,0.016804934
WTI 서부텍사스유 가격,58.5,0.017632972
WTI 서부텍사스유 가격,60.42,0.017843584
WTI 서부텍사스유 가격,59.42,0.017855719
WTI 서부텍사스유 가격,61.25,0.018507652
WTI 서부텍사스유 가격,62.37,0.017032098
WTI 서부텍사스유 가격,63.32,0.01409803
WTI 서부텍사스유 가격,65.04,0.013956993
WTI 서부텍사스유 가격,64.48,0.016222665
WTI 서부텍사스유 가격,63.03,0.015406775
WTI 서부텍사스유 가격,63.84,0.01833794
WTI 서부텍사스유 가격,63.98,0.01672214
WTI 서부텍사스유 가격,63.97,0.016234495
WTI 서부텍사스유 가격,62.93,0.01647666
WTI 서부텍사스유 가격,62.55,0.016297758
WTI 서부텍사스유 가격,62.89,0.016291844
WTI 서부텍사스유 가격,61.61,0.015939612
WTI 서부텍사스유 가격,62.54,0.015707359
WTI 서부텍사스유 가격,61.66,0.0154705485
WTI 서부텍사스유 가격,61.46,0.014468592
WTI 서부텍사스유 가격,63.27,0.01251093
WTI 서부텍사스유 가격,64.1,0.012581051
WTI 서부텍사스유 가격,63.57,0.012125681
WTI 서부텍사스유 가격,64.06,0.013301598
WTI 서부텍사스유 가격,65.3,0.01272489
WTI 서부텍사스유 가격,65.99,0.012418604
WTI 서부텍사스유 가격,65.66,0.013650979
WTI 서부텍사스유 가격,68.91,0.012029011
WTI 서부텍사스유 가격,68.73,0.012324705
WTI 서부텍사스유 가격,73.84,0.014731131
WTI 서부텍사스유 가격,72.53,0.0143996915
WTI 서부텍사스유 가격,75.62,0.014097544
WTI 서부텍사스유 가격,75.89,0.014347503
WTI 서부텍사스유 가격,75.72,0.013907273
WTI 서부텍사스유 가격,69.36,0.015477714
WTI 서부텍사스유 가격,65.45,0.0132972365
WTI 서부텍사스유 가격,65.98,0.013248031
WTI 서부텍사스유 가격,66.44,0.012908803
WTI 서부텍사스유 가격,66.66,0.013617476
WTI 서부텍사스유 가격,66.3,0.01245097
WTI 서부텍사스유 가격,66.64,0.013689962
WTI 서부텍사스유 가격,68.66,0.012737089
WTI 서부텍사스유 가격,68.13,0.013256045
WTI 서부텍사스유 가격,68.13,0.011954979
WTI 서부텍사스유 가격,69.16,0.011441969
WTI 서부텍사스유 가격,69.55,0.012695378
WTI 서부텍사스유 가격,69.61,0.0123371845
WTI 서부텍사스유 가격,67.78,0.012727048
WTI 서부텍사스유 가격,69.63,0.012975811
WTI 서부텍사스유 가격,68.19,0.012527601
WTI 서부텍사스유 가격,67.76,0.012019809
WTI 서부텍사스유 가격,67.13,0.012673165
WTI 서부텍사스유 가격,68.76,0.012568908
WTI 서부텍사스유 가격,68.53,0.012330848
WTI 서부텍사스유 가격,68.39,0.011968897
WTI 서부텍사스유 가격,67.56,0.011618884
WTI 서부텍사스유 가격,66.05,0.011526853
WTI 서부텍사스유 가격,67.16,0.010317338
WTI 서부텍사스유 가격,66.38,0.009810328
WTI 서부텍사스유 가격,67.81,0.009643602
WTI 서부텍사스유 가격,70.27,0.011738101
WTI 서부텍사스유 가격,71.09,0.012433721
WTI 서부텍사스유 가격,70.36,0.0123954285
WTI 서부텍사스유 가격,68.39,0.015342538
WTI 서부텍사스유 가격,67.33,0.011989272
WTI 서부텍사스유 가격,66.2,0.012135984
WTI 서부텍사스유 가격,65.38,0.013147344
WTI 서부텍사스유 가격,64.9,0.013069832
WTI 서부텍사스유 가격,64.94,0.009407979
WTI 서부텍사스유 가격,65.03,0.011984148
WTI 서부텍사스유 가격,64.22,0.010530097
WTI 서부텍사스유 가격,63.68,0.010499181
WTI 서부텍사스유 가격,64.99,0.011346662
WTI 서부텍사스유 가격,63.78,0.010756783
WTI 서부텍사스유 가격,64.51,0.009208702
WTI 서부텍사스유 가격,63.38,0.014599915
WTI 서부텍사스유 가격,64.19,0.013173391
WTI 서부텍사스유 가격,64.56,0.013234136
WTI 서부텍사스유 가격,64.08,0.010427838
WTI 서부텍사스유 가격,65.18,0.00969079
WTI 서부텍사스유 가격,63.6,0.010399367
WTI 서부텍사스유 가격,64.49,0.009461809
WTI 서부텍사스유 가격,64.96,0.009505667
WTI 서부텍사스유 가격,64.36,0.007985633
WTI 서부텍사스유 가격,65.95,0.011719775
WTI 서부텍사스유 가격,64.36,0.012025305
WTI 서부텍사스유 가격,63.81,0.008148676
WTI 서부텍사스유 가격,62.22,0.008676142
WTI 서부텍사스유 가격,62.6,0.00947828
WTI 서부텍사스유 가격,62.97,0.010491767
WTI 서부텍사스유 가격,64.01,0.012597782
WTI 서부텍사스유 가격,62.71,0.012330063
WTI 서부텍사스유 가격,63.02,0.011903386
WTI 서부텍사스유 가격,63.66,0.013867751
WTI 서부텍사스유 가격,64.89,0.012879868
WTI 서부텍사스유 가격,64.41,0.013724036
WTI 서부텍사스유 가격,63.91,0.013720521
WTI 서부텍사스유 가격,63.02,0.013267039
WTI 서부텍사스유 가격,62.99,0.012704037
WTI 서부텍사스유 가격,63.76,0.013181617
WTI 서부텍사스유 가격,65.4,0.013898888
WTI 서부텍사스유 가격,65.51,0.013550181
WTI 서부텍사스유 가격,66.5,0.010939312
WTI 서부텍사스유 가격,64.27,0.013406456
WTI 서부텍사스유 가격,63.17,0.014008505
WTI 서부텍사스유 가격,62.59,0.013771053
WTI 서부텍사스유 가격,61.28,0.014008068
WTI 서부텍사스유 가격,61.65,0.014529479
WTI 서부텍사스유 가격,62.49,0.013727634
WTI 서부텍사스유 가격,62.52,0.013467415
WTI 서부텍사스유 가격,63.37,0.01435893
WTI 서부텍사스유 가격,62.36,0.015534592
WTI 서부텍사스유 가격,59.75,0.018934166
WTI 서부텍사스유 가격,59.75,0.017368639
WTI 서부텍사스유 가격,59.52,0.016480152
WTI 서부텍사스유 가격,59.08,0.01748397
WTI 서부텍사스유 가격,58.29,0.018923907
WTI 서부텍사스유 가격,58.3,0.019006258
WTI 서부텍사스유 가격,58.34,0.015980016
WTI 서부텍사스유 가격,58.66,0.015392342
WTI 서부텍사스유 가격,59.3,0.016933948
WTI 서부텍사스유 가격,62.44,0.015130282
WTI 서부텍사스유 가격,62.27,0.013756656
WTI 서부텍사스유 가격,62.13,0.012341495
WTI 서부텍사스유 가격,60.97,0.01393874
WTI 서부텍사스유 가격,61.26,0.012953398
WTI 서부텍사스유 가격,61.36,0.013169555
WTI 서부텍사스유 가격,61.75,0.013519994
WTI 서부텍사스유 가격,61.79,0.013306496
WTI 서부텍사스유 가격,61.38,0.015598567
WTI 서부텍사스유 가격,60.4,0.013500252
WTI 서부텍사스유 가격,60.24,0.01389026
WTI 서부텍사스유 가격,60.54,0.015056043
WTI 서부텍사스유 가격,60.94,0.012298675
WTI 서부텍사스유 가격,60.94,0.012356722
WTI 서부텍사스유 가격,59.3,0.012880855
WTI 서부텍사스유 가격,59.54,0.014615241
WTI 서부텍사스유 가격,60.87,0.012621518
WTI 서부텍사스유 가격,60.66,0.016590212
WTI 서부텍사스유 가격,61.51,0.015256713
WTI 서부텍사스유 가격,60.27,0.015648171
WTI 서부텍사스유 가격,60.07,0.01597112
WTI 서부텍사스유 가격,58.86,0.017284347
WTI 서부텍사스유 가격,59.11,0.015878342
WTI 서부텍사스유 가격,58.25,0.013799267
WTI 서부텍사스유 가격,58.81,0.012476392
WTI 서부텍사스유 가격,58.58,0.013479112
WTI 서부텍사스유 가격,59.47,0.0131279295
WTI 서부텍사스유 가격,58.81,0.012807653
WTI 서부텍사스유 가격,59.09,0.014134508
WTI 서부텍사스유 가격,59.82,0.013311987
WTI 서부텍사스유 가격,60.23,0.011738243
WTI 서부텍사스유 가격,59.04,0.013422051
WTI 서부텍사스유 가격,58.4,0.013596905
WTI 서부텍사스유 가격,58.67,0.013255318
WTI 서부텍사스유 가격,57.76,0.010337643
WTI 서부텍사스유 가격,57.61,0.012301045
WTI 서부텍사스유 가격,56.97,0.013254373
WTI 서부텍사스유 가격,55.44,0.011878098
WTI 서부텍사스유 가격,56.07,0.013005056
WTI 서부텍사스유 가격,56.22,0.013261183
WTI 서부텍사스유 가격,56.8,0.011106493
WTI 서부텍사스유 가격,58.18,0.010526002
WTI 서부텍사스유 가격,58.55,0.011297947
WTI 서부텍사스유 가격,58.72,0.010686632
WTI 서부텍사스유 가격,56.6,0.010258071
WTI 서부텍사스유 가격,57.89,0.011243626
WTI 서부텍사스유 가격,57.79,0.011406045
WTI 서부텍사스유 가격,57.26,0.011553477
WTI 서부텍사스유 가격,57.21,0.011745318
WTI 서부텍사스유 가격,58.1,0.0120087
WTI 서부텍사스유 가격,56.97,0.011932579
WTI 서부텍사스유 가격,56.01,0.012721206
WTI 서부텍사스유 가격,57.74,0.012522924
WTI 서부텍사스유 가격,58.96,0.0118699325
WTI 서부텍사스유 가격,59.39,0.011000503
WTI 서부텍사스유 가격,60.85,0.011923323
WTI 서부텍사스유 가격,61.84,0.013980299
WTI 서부텍사스유 가격,59.13,0.01607926
WTI 서부텍사스유 가격,59.4,0.012717751
WTI 서부텍사스유 가격,60.3,0.016259091
WTI 서부텍사스유 가격,60.38,0.013979186
WTI 서부텍사스유 가격,59.24,0.014063016
WTI 서부텍사스유 가격,60.7,0.014996832
WTI 서부텍사스유 가격,60.46,0.0153183015
WTI 서부텍사스유 가격,62.04,0.01476722
WTI 서부텍사스유 가격,62.75,0.015490541
WTI 서부텍사스유 가격,64.77,0.015445199
WTI 서부텍사스유 가격,64.5,0.015424915
WTI 서부텍사스유 가격,61.6,0.015839329
WTI 서부텍사스유 가격,62.62,0.01392318
WTI 서부텍사스유 가격,64.56,0.016251534
WTI 서부텍사스유 가격,62.9,0.016344769
WTI 서부텍사스유 가격,63.77,0.013359191
WTI 서부텍사스유 가격,64.53,0.013818452
WTI 서부텍사스유 가격,64.2,0.014245677
WTI 서부텍사스유 가격,64.8,0.014960221
WTI 서부텍사스유 가격,63.08,0.016944319
WTI 서부텍사스유 가격,63.05,0.01743308
WTI 서부텍사스유 가격,62.53,0.015996573
WTI 서부텍사스유 가격,65.33,0.014875455
WTI 서부텍사스유 가격,66.66,0.014389643
WTI 서부텍사스유 가격,66.69,0.01426703
WTI 서부텍사스유 가격,66.36,0.014619195
WTI 서부텍사스유 가격,65.62,0.014580114
WTI 서부텍사스유 가격,65.3,0.013611667
WTI 서부텍사스유 가격,65.1,0.014768359
WTI 서부텍사스유 가격,66.96,0.014753127
WTI 서부텍사스유 가격,71.13,0.015347422
WTI 서부텍사스유 가격,74.48,0.015215373
WTI 서부텍사스유 가격,74.58,0.013988655
WTI 서부텍사스유 가격,80.88,0.014432889
WTI 서부텍사스유 가격,90.77,0.0017649084
WTI 서부텍사스유 가격,94.65,-0.0052067214
WTI 서부텍사스유 가격,83.71,0.010265168
WTI 서부텍사스유 가격,86.8,0.008270349
WTI 서부텍사스유 가격,95.61,-0.0050414302
WTI 서부텍사스유 가격,98.48,-0.004855038
WTI 서부텍사스유 가격,93.39,-0.004970674
WTI 서부텍사스유 가격,96.01,-0.0029012202
WTI 서부텍사스유 가격,96.12,-0.0061514094
WTI 서부텍사스유 가격,96.11,-0.012000841
WTI 서부텍사스유 가격,98.71,-0.011723996
WTI 서부텍사스유 가격,89.33,0.005380707
WTI 서부텍사스유 가격,93.18,-0.012591145
WTI 서부텍사스유 가격,91.51,-0.01007102
WTI 서부텍사스유 가격,96.18,-0.013229784
WTI 서부텍사스유 가격,101.26,-0.026408877
WTI 서부텍사스유 가격,104.69,-0.117300645
WTI 서부텍사스유 가격,102.86,-0.086220086
금값 변화율 EMA(20일) 3일전,0.002787,-0.0036251605
금값 변화율 EMA(20일) 3일전,0.00334,-0.0034224233
금값 변화율 EMA(20일) 3일전,0.004142,-0.0035254469
금값 변화율 EMA(20일) 3일전,0.003629,-0.005355027
금값 변화율 EMA(20일) 3일전,0.003924,-0.0058827386
금값 변화율 EMA(20일) 3일전,0.002249,0.0008357712
금값 변화율 EMA(20일) 3일전,-0.000579,0.00030002033
금값 변화율 EMA(20일) 3일전,-0.002443,0.0042453427
금값 변화율 EMA(20일) 3일전,-0.001659,0.0031916753
금값 변화율 EMA(20일) 3일전,0.001326,0.0012823738
금값 변화율 EMA(20일) 3일전,0.004275,-0.0054430137
금값 변화율 EMA(20일) 3일전,0.00589,-0.021251395
금값 변화율 EMA(20일) 3일전,0.004815,-0.015349099
금값 변화율 EMA(20일) 3일전,0.00477,-0.012411775
금값 변화율 EMA(20일) 3일전,0.007508,-0.02224692
금값 변화율 EMA(20일) 3일전,0.00628,-0.021350004
금값 변화율 EMA(20일) 3일전,0.008489,-0.017864479
금값 변화율 EMA(20일) 3일전,0.007529,-0.021156156
금값 변화율 EMA(20일) 3일전,0.003326,-0.0040633534
금값 변화율 EMA(20일) 3일전,0.004628,-0.0065059266
금값 변화율 EMA(20일) 3일전,0.00277,-0.003919864
금값 변화율 EMA(20일) 3일전,0.003959,-0.00546419
금값 변화율 EMA(20일) 3일전,0.003191,-0.00595077
금값 변화율 EMA(20일) 3일전,0.002491,-0.00019171204
금값 변화율 EMA(20일) 3일전,-0.000484,0.0010445172
금값 변화율 EMA(20일) 3일전,0.000212,0.0010678987
금값 변화율 EMA(20일) 3일전,0.002532,-0.00074647187
금값 변화율 EMA(20일) 3일전,0.00517,-0.019425515
금값 변화율 EMA(20일) 3일전,0.00384,-0.0055032396
금값 변화율 EMA(20일) 3일전,0.001086,-0.00011707034
금값 변화율 EMA(20일) 3일전,0.002103,0.0011284347
금값 변화율 EMA(20일) 3일전,-0.001392,0.00025432327
금값 변화율 EMA(20일) 3일전,-0.000659,-0.00067579054
금값 변화율 EMA(20일) 3일전,-0.002328,0.012111271
금값 변화율 EMA(20일) 3일전,-0.00093,-0.0008782355
금값 변화율 EMA(20일) 3일전,-0.001985,0.004129134
금값 변화율 EMA(20일) 3일전,-0.000393,0.0009628603
금값 변화율 EMA(20일) 3일전,0.001161,0.0009534835
금값 변화율 EMA(20일) 3일전,0.001892,0.001078473
금값 변화율 EMA(20일) 3일전,0.001223,0.0007402002
금값 변화율 EMA(20일) 3일전,0.003169,-0.005538453
금값 변화율 EMA(20일) 3일전,0.001041,0.0010751578
금값 변화율 EMA(20일) 3일전,0.000783,0.00064816885
금값 변화율 EMA(20일) 3일전,0.001388,0.00079445547
금값 변화율 EMA(20일) 3일전,0.000446,0.00027021932
금값 변화율 EMA(20일) 3일전,0.002769,-0.0057691536
금값 변화율 EMA(20일) 3일전,0.001929,0.00095981086
금값 변화율 EMA(20일) 3일전,0.002408,-0.0007046513
금값 변화율 EMA(20일) 3일전,0.001535,0.00082923524
금값 변화율 EMA(20일) 3일전,0.000593,1.8725574e-05
금값 변화율 EMA(20일) 3일전,0.000806,0.0009848498
금값 변화율 EMA(20일) 3일전,0.000409,0.0010165286
금값 변화율 EMA(20일) 3일전,0.000381,0.0010488051
금값 변화율 EMA(20일) 3일전,0.002054,0.0013811607
금값 변화율 EMA(20일) 3일전,0.003275,-0.0055508153
금값 변화율 EMA(20일) 3일전,0.001998,0.0013957224
금값 변화율 EMA(20일) 3일전,0.001533,0.0014187475
금값 변화율 EMA(20일) 3일전,0.001477,9.818255e-05
금값 변화율 EMA(20일) 3일전,0.000726,0.00062485546
금값 변화율 EMA(20일) 3일전,0.000929,0.0011855434
금값 변화율 EMA(20일) 3일전,-0.00086,-6.515318e-05
금값 변화율 EMA(20일) 3일전,-0.0005,0.00032147786
금값 변화율 EMA(20일) 3일전,-0.000269,0.00013853367
금값 변화율 EMA(20일) 3일전,-0.001952,0.005132633
금값 변화율 EMA(20일) 3일전,-0.001164,-0.000103984734
금값 변화율 EMA(20일) 3일전,0.00017,0.00079551974
금값 변화율 EMA(20일) 3일전,0.000476,0.00114152
금값 변화율 EMA(20일) 3일전,-3.6e-05,0.0012540333
금값 변화율 EMA(20일) 3일전,-6e-06,0.001122296
금값 변화율 EMA(20일) 3일전,-1.4e-05,0.0013178613
금값 변화율 EMA(20일) 3일전,-0.000733,0.00043359053
금값 변화율 EMA(20일) 3일전,-0.000531,-0.000671879
금값 변화율 EMA(20일) 3일전,-0.000314,-0.0012619784
금값 변화율 EMA(20일) 3일전,0.000824,-0.00014882156
금값 변화율 EMA(20일) 3일전,0.000618,-0.0002046136
금값 변화율 EMA(20일) 3일전,-5.7e-05,0.00044854608
금값 변화율 EMA(20일) 3일전,0.000597,0.001283876
금값 변화율 EMA(20일) 3일전,0.000188,0.0003300809
금값 변화율 EMA(20일) 3일전,0.000538,0.00030189738
금값 변화율 EMA(20일) 3일전,0.001876,0.0009160046
금값 변화율 EMA(20일) 3일전,0.002741,-0.0038095475
금값 변화율 EMA(20일) 3일전,0.001231,-0.00041331473
금값 변화율 EMA(20일) 3일전,0.000466,-0.0004389885
금값 변화율 EMA(20일) 3일전,-0.000624,-0.001146842
금값 변화율 EMA(20일) 3일전,-0.001276,-0.00093712815
금값 변화율 EMA(20일) 3일전,-0.000743,0.0006064359
금값 변화율 EMA(20일) 3일전,-0.001463,0.0039804713
금값 변화율 EMA(20일) 3일전,-0.001399,0.0009800778
금값 변화율 EMA(20일) 3일전,0.000311,0.0012482461
금값 변화율 EMA(20일) 3일전,0.001041,0.0009324066
금값 변화율 EMA(20일) 3일전,0.001153,0.0011227733
금값 변화율 EMA(20일) 3일전,0.00099,0.0009426454
금값 변화율 EMA(20일) 3일전,0.001468,0.0010811895
금값 변화율 EMA(20일) 3일전,0.002415,-0.00050203357
금값 변화율 EMA(20일) 3일전,-0.000197,0.0006753925
금값 변화율 EMA(20일) 3일전,-0.000297,2.5011826e-05
금값 변화율 EMA(20일) 3일전,1e-05,0.00057505054
금값 변화율 EMA(20일) 3일전,-0.000658,-0.00054639264
금값 변화율 EMA(20일) 3일전,-0.000572,-0.0004069716
금값 변화율 EMA(20일) 3일전,-0.00064,-9.692246e-05
금값 변화율 EMA(20일) 3일전,-0.001103,0.0003834902
금값 변화율 EMA(20일) 3일전,-0.000135,0.0012738301
금값 변화율 EMA(20일) 3일전,-0.000308,0.00084991223
금값 변화율 EMA(20일) 3일전,0.000792,0.0009263099
금값 변화율 EMA(20일) 3일전,0.0007,0.0012667708
금값 변화율 EMA(20일) 3일전,0.001051,0.000237347
금값 변화율 EMA(20일) 3일전,0.0014,0.0009536852
금값 변화율 EMA(20일) 3일전,0.002028,0.00097233575
금값 변화율 EMA(20일) 3일전,0.002998,-0.005541872
금값 변화율 EMA(20일) 3일전,0.004788,-0.0126065165
금값 변화율 EMA(20일) 3일전,0.005507,-0.019107277
금값 변화율 EMA(20일) 3일전,0.004256,-0.0039052786
금값 변화율 EMA(20일) 3일전,0.005117,-0.013769184
금값 변화율 EMA(20일) 3일전,0.005286,-0.010716743
금값 변화율 EMA(20일) 3일전,0.004919,-0.008066226
금값 변화율 EMA(20일) 3일전,0.004458,-0.004110151
금값 변화율 EMA(20일) 3일전,0.003858,-0.004025852
금값 변화율 EMA(20일) 3일전,0.003818,-0.0038953286
금값 변화율 EMA(20일) 3일전,0.00431,-0.0040666205
금값 변화율 EMA(20일) 3일전,0.004073,-0.0045630815
금값 변화율 EMA(20일) 3일전,0.003502,-0.0044443808
금값 변화율 EMA(20일) 3일전,0.002183,-0.00038783735
금값 변화율 EMA(20일) 3일전,0.002702,-0.005569047
금값 변화율 EMA(20일) 3일전,0.004239,-0.006228497
금값 변화율 EMA(20일) 3일전,0.004852,-0.014320281
금값 변화율 EMA(20일) 3일전,0.003168,-0.005542397
금값 변화율 EMA(20일) 3일전,0.002988,-0.0037948505
금값 변화율 EMA(20일) 3일전,0.003683,-0.0038455313
금값 변화율 EMA(20일) 3일전,0.004482,-0.003967061
금값 변화율 EMA(20일) 3일전,0.004551,-0.003809252
금값 변화율 EMA(20일) 3일전,0.00478,-0.0126994215
금값 변화율 EMA(20일) 3일전,0.00364,-0.003826042
금값 변화율 EMA(20일) 3일전,0.004313,-0.0058643795
금값 변화율 EMA(20일) 3일전,0.005564,-0.018529538
금값 변화율 EMA(20일) 3일전,0.005711,-0.020760037
금값 변화율 EMA(20일) 3일전,0.006765,-0.018214539
금값 변화율 EMA(20일) 3일전,0.003836,-0.0054069976
금값 변화율 EMA(20일) 3일전,0.004185,-0.0053554573
금값 변화율 EMA(20일) 3일전,0.006965,-0.023642648
금값 변화율 EMA(20일) 3일전,0.006999,-0.019450093
금값 변화율 EMA(20일) 3일전,0.007212,-0.016239662
금값 변화율 EMA(20일) 3일전,0.00888,-0.017696468
금값 변화율 EMA(20일) 3일전,0.006025,-0.017785596
금값 변화율 EMA(20일) 3일전,0.008782,-0.017632272
금값 변화율 EMA(20일) 3일전,0.002483,-0.0017029006
금값 변화율 EMA(20일) 3일전,0.001238,0.00024276543
금값 변화율 EMA(20일) 3일전,0.00303,-0.0056824735
금값 변화율 EMA(20일) 3일전,0.002577,-0.005508862
금값 변화율 EMA(20일) 3일전,-0.000362,0.0005237387
금값 변화율 EMA(20일) 3일전,-0.001177,7.0288515e-05
금값 변화율 EMA(20일) 3일전,-0.000645,0.0004916463
금값 변화율 EMA(20일) 3일전,-0.000163,0.0012263358
금값 변화율 EMA(20일) 3일전,-0.000602,-0.00029662513
금값 변화율 EMA(20일) 3일전,-0.000112,0.0019167408
금값 변화율 EMA(20일) 3일전,-0.001353,0.001364572
금값 변화율 EMA(20일) 3일전,-0.000438,0.0008304772
금값 변화율 EMA(20일) 3일전,-0.000406,0.0015081209
금값 변화율 EMA(20일) 3일전,9.9e-05,0.0014998324
금값 변화율 EMA(20일) 3일전,0.002767,-0.006938499
금값 변화율 EMA(20일) 3일전,0.002387,-0.001105777
금값 변화율 EMA(20일) 3일전,0.004423,-0.0042755487
금값 변화율 EMA(20일) 3일전,0.003606,-0.0055931066
금값 변화율 EMA(20일) 3일전,0.001003,0.00060607796
금값 변화율 EMA(20일) 3일전,0.000458,0.0002698308
금값 변화율 EMA(20일) 3일전,0.000251,0.000687204
금값 변화율 EMA(20일) 3일전,0.000611,0.0015388735
금값 변화율 EMA(20일) 3일전,5.8e-05,0.00070440734
금값 변화율 EMA(20일) 3일전,0.000527,0.0011757099
금값 변화율 EMA(20일) 3일전,0.000832,0.0011068226
금값 변화율 EMA(20일) 3일전,0.001853,0.000929435
금값 변화율 EMA(20일) 3일전,0.002275,0.0010695801
금값 변화율 EMA(20일) 3일전,0.003273,-0.0057246718
금값 변화율 EMA(20일) 3일전,0.003435,-0.005618227
금값 변화율 EMA(20일) 3일전,0.001924,0.00055699714
금값 변화율 EMA(20일) 3일전,0.00203,0.0008979812
금값 변화율 EMA(20일) 3일전,0.00212,0.0010569656
금값 변화율 EMA(20일) 3일전,0.001943,0.00090304215
금값 변화율 EMA(20일) 3일전,0.001177,0.0009083402
금값 변화율 EMA(20일) 3일전,0.001508,0.0010854036
금값 변화율 EMA(20일) 3일전,0.001131,-4.0978553e-05
금값 변화율 EMA(20일) 3일전,0.003046,-0.0039513046
금값 변화율 EMA(20일) 3일전,0.00308,-0.0039291317
금값 변화율 EMA(20일) 3일전,0.002933,-0.004055955
금값 변화율 EMA(20일) 3일전,0.002605,-0.0039140843
금값 변화율 EMA(20일) 3일전,0.003308,-0.0037749538
금값 변화율 EMA(20일) 3일전,0.002818,-0.004011535
금값 변화율 EMA(20일) 3일전,0.00303,-0.0039373166
금값 변화율 EMA(20일) 3일전,0.004558,-0.003949902
금값 변화율 EMA(20일) 3일전,0.004943,-0.015894508
금값 변화율 EMA(20일) 3일전,0.004425,-0.00592575
금값 변화율 EMA(20일) 3일전,0.005035,-0.016327599
금값 변화율 EMA(20일) 3일전,0.000266,0.0003120335
금값 변화율 EMA(20일) 3일전,0.001231,0.00037464677
금값 변화율 EMA(20일) 3일전,0.000144,0.0005541259
금값 변화율 EMA(20일) 3일전,-0.000116,0.00035230827
금값 변화율 EMA(20일) 3일전,0.002599,-0.0057831607
금값 변화율 EMA(20일) 3일전,0.003324,-0.005754815
금값 변화율 EMA(20일) 3일전,0.002308,0.0008575369
금값 변화율 EMA(20일) 3일전,0.002097,0.00072102575
금값 변화율 EMA(20일) 3일전,0.002766,-0.0062011215
금값 변화율 EMA(20일) 3일전,0.004921,-0.01660733
금값 변화율 EMA(20일) 3일전,0.00414,-0.0056247753
금값 변화율 EMA(20일) 3일전,0.004515,-0.005700398
금값 변화율 EMA(20일) 3일전,0.003879,-0.0057947845
금값 변화율 EMA(20일) 3일전,0.002934,-0.005590471
금값 변화율 EMA(20일) 3일전,0.006208,-0.019183785
금값 변화율 EMA(20일) 3일전,0.007062,-0.01926517
금값 변화율 EMA(20일) 3일전,0.007907,-0.019464148
금값 변화율 EMA(20일) 3일전,0.008462,-0.020405428
금값 변화율 EMA(20일) 3일전,0.009637,-0.020189213
금값 변화율 EMA(20일) 3일전,0.008723,-0.015156686
금값 변화율 EMA(20일) 3일전,0.012048,-0.018245243
금값 변화율 EMA(20일) 3일전,0.011203,-0.017893188
금값 변화율 EMA(20일) 3일전,-0.000689,0.00035962646
금값 변화율 EMA(20일) 3일전,-0.00247,0.010143129
금값 변화율 EMA(20일) 3일전,0.003559,-0.005842241
금값 변화율 EMA(20일) 3일전,0.003544,-0.005311241
금값 변화율 EMA(20일) 3일전,0.002065,0.00038821888
금값 변화율 EMA(20일) 3일전,0.003627,-0.0058943336
금값 변화율 EMA(20일) 3일전,0.005199,-0.019586062
금값 변화율 EMA(20일) 3일전,0.003816,-0.0054883375
금값 변화율 EMA(20일) 3일전,0.004743,-0.0140867
금값 변화율 EMA(20일) 3일전,0.001514,0.00038593364
금값 변화율 EMA(20일) 3일전,0.003271,-0.005099588
금값 변화율 EMA(20일) 3일전,0.000322,0.0010544627
금값 변화율 EMA(20일) 3일전,0.002312,0.0018017365
금값 변화율 EMA(20일) 3일전,0.001889,0.0012420061
금값 변화율 EMA(20일) 3일전,0.003306,-0.0057604383
금값 변화율 EMA(20일) 3일전,0.005728,-0.018902032
금값 변화율 EMA(20일) 3일전,0.004287,-0.0057054
금값 변화율 EMA(20일) 3일전,0.004814,-0.015442144
금값 변화율 EMA(20일) 3일전,0.003808,-0.005258839
금값 변화율 EMA(20일) 3일전,0.004439,-0.0056482586
금값 변화율 EMA(20일) 3일전,0.00518,-0.019427218
금값 변화율 EMA(20일) 3일전,0.001323,0.00058344647
금값 변화율 EMA(20일) 3일전,0.001435,0.0007304097
금값 변화율 EMA(20일) 3일전,0.000278,0.0011015399
금값 변화율 EMA(20일) 3일전,0.00177,0.0016244942
금값 변화율 EMA(20일) 3일전,0.000591,0.0005802628
금값 변화율 EMA(20일) 3일전,0.00312,-0.005868605
금값 변화율 EMA(20일) 3일전,0.001688,0.0010739557
금값 변화율 EMA(20일) 3일전,0.000577,0.0014773299
금값 변화율 EMA(20일) 3일전,-0.000657,0.0001764843
금값 변화율 EMA(20일) 3일전,-0.001697,0.0012154848
금값 변화율 EMA(20일) 3일전,-0.001402,-0.00015458069
금값 변화율 EMA(20일) 3일전,-0.003384,0.016516816
금값 변화율 EMA(20일) 3일전,-0.008694,0.018775934
금값 변화율 EMA(20일) 3일전,-0.008494,0.016744738
금값 변화율 EMA(20일) 3일전,-0.01115,0.015557889
금값 변화율 EMA(20일) 3일전,-0.010192,0.016935589
금값 변화율 EMA(20일) 3일전,-0.005963,0.014942992
금값 변화율 EMA(20일) 3일전,-0.009044,0.017157024
국제 금 선물 가격 변화율 1일전,0.011761,-0.001590749
국제 금 선물 가격 변화율 1일전,-0.001249,0.00129914
국제 금 선물 가격 변화율 1일전,0.006733,0.00089204137
국제 금 선물 가격 변화율 1일전,-0.013663,-0.0006010873
국제 금 선물 가격 변화율 1일전,-0.027446,-0.0074885758
국제 금 선물 가격 변화율 1일전,-0.020153,-0.011119653
국제 금 선물 가격 변화율 1일전,0.005794,0.00129914
국제 금 선물 가격 변화율 1일전,0.029679,0.0002620371
국제 금 선물 가격 변화율 1일전,0.032292,-0.0017152401
국제 금 선물 가격 변화율 1일전,0.021235,0.0003334388
국제 금 선물 가격 변화율 1일전,-0.0054,0.0015590531
국제 금 선물 가격 변화율 1일전,0.004337,-0.0001374394
국제 금 선물 가격 변화율 1일전,0.033523,-0.00069604197
국제 금 선물 가격 변화율 1일전,-0.005381,0.0039273733
국제 금 선물 가격 변화율 1일전,0.029468,-0.00059588667
국제 금 선물 가격 변화율 1일전,-0.001585,5.8453472e-05
국제 금 선물 가격 변화율 1일전,-0.036609,-0.010892218
국제 금 선물 가격 변화율 1일전,0.017001,0.00021720638
국제 금 선물 가격 변화율 1일전,-0.014886,-0.010658122
국제 금 선물 가격 변화율 1일전,0.015263,0.0004335941
국제 금 선물 가격 변화율 1일전,-0.004111,0.001098865
국제 금 선물 가격 변화율 1일전,-0.004158,0.001098865
국제 금 선물 가격 변화율 1일전,-0.028744,-0.011208109
국제 금 선물 가격 변화율 1일전,0.006822,0.0009634431
국제 금 선물 가격 변화율 1일전,0.024568,0.0004335941
국제 금 선물 가격 변화율 1일전,0.03023,0.00010879232
국제 금 선물 가격 변화율 1일전,-0.008794,0.001098865
국제 금 선물 가격 변화율 1일전,-0.025078,-0.010892218
국제 금 선물 가격 변화율 1일전,0.01177,0.0006337146
국제 금 선물 가격 변화율 1일전,-0.034599,-0.011208109
국제 금 선물 가격 변화율 1일전,0.006304,0.0011635636
국제 금 선물 가격 변화율 1일전,-0.018177,-0.011201936
국제 금 선물 가격 변화율 1일전,0.012353,0.00073386985
국제 금 선물 가격 변화율 1일전,-0.012016,-0.00025714346
국제 금 선물 가격 변화율 1일전,0.014739,0.00073386985
국제 금 선물 가격 변화율 1일전,0.015919,-0.0015619954
국제 금 선물 가격 변화율 1일전,0.008841,0.00050922344
국제 금 선물 가격 변화율 1일전,-0.005137,0.001098865
국제 금 선물 가격 변화율 1일전,0.021657,-0.0015151196
국제 금 선물 가격 변화율 1일전,-0.019176,-0.012952648
국제 금 선물 가격 변화율 1일전,-0.001667,0.0006386413
국제 금 선물 가격 변화율 1일전,0.007135,0.0007387966
국제 금 선물 가격 변화율 1일전,-0.008501,0.001098865
국제 금 선물 가격 변화율 1일전,0.024841,-0.0014905937
국제 금 선물 가격 변화율 1일전,-0.006052,0.0012989854
국제 금 선물 가격 변화율 1일전,0.006955,0.0009389171
국제 금 선물 가격 변화율 1일전,-0.006759,0.0008742184
국제 금 선물 가격 변화율 1일전,-0.008356,0.0012989854
국제 금 선물 가격 변화율 1일전,0.002829,0.0007387966
국제 금 선물 가격 변화율 1일전,-0.003361,0.0008960917
국제 금 선물 가격 변화율 1일전,0.00012,0.0007387966
국제 금 선물 가격 변화율 1일전,0.017945,0.0003621924
국제 금 선물 가격 변화율 1일전,0.014878,0.0003334388
국제 금 선물 가격 변화율 1일전,-0.010142,0.0016155404
국제 금 선물 가격 변화율 1일전,-0.002885,0.0006714452
국제 금 선물 가격 변화율 1일전,0.000945,0.0006386413
국제 금 선물 가격 변화율 1일전,-0.006402,0.0008742184
국제 금 선물 가격 변화율 1일전,0.00285,0.0011635636
국제 금 선물 가격 변화율 1일전,-0.017852,-0.008048919
국제 금 선물 가격 변화율 1일전,0.002924,0.0009634431
국제 금 선물 가격 변화율 1일전,0.001924,0.0012637188
국제 금 선물 가격 변화율 1일전,-0.017939,-0.013800779
국제 금 선물 가격 변화율 1일전,0.006323,0.0018240623
국제 금 선물 가격 변화율 1일전,0.01284,0.00073386985
국제 금 선물 가격 변화율 1일전,0.003387,0.0011635636
국제 금 선물 가격 변화율 1일전,-0.004898,0.001959484
국제 금 선물 가격 변화율 1일전,0.00027,0.0011923172
국제 금 선물 가격 변화율 1일전,-9e-05,0.0014992605
국제 금 선물 가격 변화율 1일전,-0.007563,0.0011744943
국제 금 선물 가격 변화율 1일전,0.001391,0.0011635636
국제 금 선물 가격 변화율 1일전,0.001751,0.0010390724
국제 금 선물 가격 변화율 1일전,0.011636,0.0006337146
국제 금 선물 가격 변화율 1일전,-0.001341,0.0010390724
국제 금 선물 가격 변화율 1일전,-0.006475,0.0011744943
국제 금 선물 가격 변화율 1일전,0.006817,0.0012637188
국제 금 선물 가격 변화율 1일전,-0.003699,0.001959484
국제 금 선물 가격 변화율 1일전,0.003862,0.0008632878
국제 금 선물 가격 변화율 1일전,0.014584,0.0004335941
국제 금 선물 가격 변화율 1일전,0.010964,0.0004335941
국제 금 선물 가격 변화율 1일전,-0.013114,-0.0005574192
국제 금 선물 가격 변화율 1일전,-0.006806,0.001098865
국제 금 선물 가격 변화율 1일전,-0.010976,0.001098865
국제 금 선물 가격 변화율 1일전,-0.007469,0.0013991407
국제 금 선물 가격 변화율 1일전,0.004321,0.0009389171
국제 금 선물 가격 변화율 1일전,-0.008305,0.0011744943
국제 금 선물 가격 변화율 1일전,-0.000789,0.00089204137
국제 금 선물 가격 변화율 1일전,0.016549,-0.001590749
국제 금 선물 가격 변화율 1일전,0.007976,-0.001590749
국제 금 선물 가격 변화율 1일전,0.002223,0.0007387966
국제 금 선물 가격 변화율 1일전,-0.000562,0.0008632878
국제 금 선물 가격 변화율 1일전,0.006006,0.0007387966
국제 금 선물 가격 변화율 1일전,0.011411,0.00073386985
국제 금 선물 가격 변화율 1일전,-0.025007,-0.010647764
국제 금 선물 가격 변화율 1일전,-0.001253,0.0011635636
국제 금 선물 가격 변화율 1일전,0.002926,0.0015994159
국제 금 선물 가격 변화율 1일전,-0.006997,0.0013991407
국제 금 선물 가격 변화율 1일전,0.00024,0.0012637188
국제 금 선물 가격 변화율 1일전,-0.001289,0.0012637188
국제 금 선물 가격 변화율 1일전,-0.005493,0.001959484
국제 금 선물 가격 변화율 1일전,0.009054,-0.0011903179
국제 금 선물 가격 변화율 1일전,-0.001944,0.0014236313
국제 금 선물 가격 변화율 1일전,0.011238,0.0003334388
국제 금 선물 가격 변화율 1일전,-0.000178,0.0007387966
국제 금 선물 가격 변화율 1일전,0.004387,0.0009634431
국제 금 선물 가격 변화율 1일전,0.004722,0.0015237866
국제 금 선물 가격 변화율 1일전,0.007989,0.0004335941
국제 금 선물 가격 변화율 1일전,0.012209,0.0004335941
국제 금 선물 가격 변화율 1일전,0.021792,-0.0015034188
국제 금 선물 가격 변화율 1일전,0.01234,-0.0015034188
국제 금 선물 가격 변화율 1일전,-0.007626,0.0032862066
국제 금 선물 가격 변화율 1일전,0.013293,-0.0003712402
국제 금 선물 가격 변화율 1일전,0.006891,0.00085046265
국제 금 선물 가격 변화율 1일전,0.001429,-0.000166193
국제 금 선물 가격 변화율 1일전,8.2e-05,0.00052240887
국제 금 선물 가격 변화율 1일전,-0.001839,0.0005523424
국제 금 선물 가격 변화율 1일전,0.003437,0.0005440837
국제 금 선물 가격 변화율 1일전,0.008988,0.00013872585
국제 금 선물 가격 변화율 1일전,0.00182,0.0007387966
국제 금 선물 가격 변화율 1일전,-0.001925,0.0006685748
국제 금 선물 가격 변화율 1일전,-0.010348,0.001239849
국제 금 선물 가격 변화율 1일전,0.00763,0.0008632878
국제 금 선물 가격 변화율 1일전,0.018848,-0.0014905937
국제 금 선물 가격 변화율 1일전,0.010666,0.00020894763
국제 금 선물 가격 변화율 1일전,-0.012829,-0.0011177626
국제 금 선물 가격 변화율 1일전,0.001286,0.00084721064
국제 금 선물 가격 변화율 1일전,0.010276,0.0003334388
국제 금 선물 가격 변화율 1일전,0.012079,-0.0017152401
국제 금 선물 가격 변화율 1일전,0.005208,0.0008632878
국제 금 선물 가격 변화율 1일전,0.006952,0.0011989848
국제 금 선물 가격 변화율 1일전,-0.007188,0.0008742184
국제 금 선물 가격 변화율 1일전,0.010704,0.00031736167
국제 금 선물 가격 변화율 1일전,0.017445,0.0004335941
국제 금 선물 가격 변화율 1일전,0.007117,0.0009634431
국제 금 선물 가격 변화율 1일전,0.016773,0.00031736167
국제 금 선물 가격 변화율 1일전,-0.02399,-0.009302763
국제 금 선물 가격 변화율 1일전,0.007501,0.00062256417
국제 금 선물 가격 변화율 1일전,0.033376,0.0004335941
국제 금 선물 가격 변화율 1일전,0.007326,0.0014236313
국제 금 선물 가격 변화율 1일전,0.00923,-0.0026202297
국제 금 선물 가격 변화율 1일전,0.024731,9.2715214e-05
국제 금 선물 가격 변화율 1일전,-0.021097,-0.007612291
국제 금 선물 가격 변화율 1일전,0.034965,9.2715214e-05
국제 금 선물 가격 변화율 1일전,-0.057352,-0.009483742
국제 금 선물 가격 변화율 1일전,-0.010593,0.0011901095
국제 금 선물 가격 변화율 1일전,0.020052,0.0003334388
국제 금 선물 가격 변화율 1일전,-0.001721,0.0011989848
국제 금 선물 가격 변화율 1일전,-0.028288,-0.008048919
국제 금 선물 가격 변화율 1일전,-0.008921,0.0009987096
국제 금 선물 가격 변화율 1일전,0.004412,0.0012277383
국제 금 선물 가격 변화율 1일전,0.004418,0.0006386413
국제 금 선물 가격 변화율 1일전,-0.004773,0.0009987096
국제 금 선물 가격 변화율 1일전,0.004545,0.00096767076
국제 금 선물 가격 변화율 1일전,-0.013149,-0.00081748696
국제 금 선물 가격 변화율 1일전,0.008258,-0.0015619954
국제 금 선물 가격 변화율 1일전,-0.0001,0.00129914
국제 금 선물 가격 변화율 1일전,0.0049,0.0008632878
국제 금 선물 가격 변화율 1일전,0.028104,-0.0015151196
국제 금 선물 가격 변화율 1일전,-0.001216,0.0006386413
국제 금 선물 가격 변화율 1일전,0.023765,0.0004378218
국제 금 선물 가격 변화율 1일전,-0.004162,0.0011744943
국제 금 선물 가격 변화율 1일전,-0.023717,-0.01277167
국제 금 선물 가격 변화율 1일전,-0.004722,0.0019158161
국제 금 선물 가격 변화율 1일전,-0.001721,0.0009634431
국제 금 선물 가격 변화율 1일전,0.004038,0.0016525054
국제 금 선물 가격 변화율 1일전,-0.005199,0.0017348378
국제 금 선물 가격 변화율 1일전,0.00498,0.0009634431
국제 금 선물 가격 변화율 1일전,0.003729,0.0014236313
국제 금 선물 가격 변화율 1일전,0.011559,0.0003334388
국제 금 선물 가격 변화율 1일전,0.006281,0.0007387966
국제 금 선물 가격 변화율 1일전,0.012748,0.0004335941
국제 금 선물 가격 변화율 1일전,0.004978,0.0014236313
국제 금 선물 가격 변화율 1일전,-0.012431,-0.0014425644
국제 금 선물 가격 변화율 1일전,0.003033,0.0009634431
국제 금 선물 가격 변화율 1일전,0.002977,0.0008632878
국제 금 선물 가격 변화율 1일전,0.000261,0.0006386413
국제 금 선물 가격 변화율 1일전,-0.0061,0.0008742184
국제 금 선물 가격 변화율 1일전,0.004657,0.0009634431
국제 금 선물 가격 변화율 1일전,-0.002448,0.0015565905
국제 금 선물 가격 변화율 1일전,0.021232,0.0002620371
국제 금 선물 가격 변화율 1일전,0.003407,0.00129914
국제 금 선물 가격 변화율 1일전,0.001535,0.0009634431
국제 금 선물 가격 변화율 1일전,-0.000511,0.0013522296
국제 금 선물 가격 변화율 1일전,0.00999,-0.0017152401
국제 금 선물 가격 변화율 1일전,-0.00184,0.0009634431
국제 금 선물 가격 변화율 1일전,0.005047,0.0014236313
국제 금 선물 가격 변화율 1일전,0.019076,0.00020894763
국제 금 선물 가격 변화율 1일전,0.008595,0.0004335941
국제 금 선물 가격 변화율 1일전,-0.000491,0.0008632878
국제 금 선물 가격 변화율 1일전,0.010824,-7.4400887e-06
국제 금 선물 가격 변화율 1일전,-0.045042,-0.008048919
국제 금 선물 가격 변화율 1일전,0.010404,0.00031736167
국제 금 선물 가격 변화율 1일전,-0.010183,0.0009987096
국제 금 선물 가격 변화율 1일전,-0.002589,0.0006714452
국제 금 선물 가격 변화율 1일전,0.028393,0.00010879232
국제 금 선물 가격 변화율 1일전,0.01021,0.00010879232
국제 금 선물 가격 변화율 1일전,-0.00734,0.0008742184
국제 금 선물 가격 변화율 1일전,9e-05,0.0009634431
국제 금 선물 가격 변화율 1일전,0.009124,0.0003334388
국제 금 선물 가격 변화율 1일전,0.025388,0.0003334388
국제 금 선물 가격 변화율 1일전,-0.00328,0.0006714452
국제 금 선물 가격 변화율 1일전,0.008084,-7.4400887e-06
국제 금 선물 가격 변화율 1일전,-0.002162,0.0006714452
국제 금 선물 가격 변화율 1일전,-0.006044,0.0010551969
국제 금 선물 가격 변화율 1일전,0.037311,0.00010879232
국제 금 선물 가격 변화율 1일전,0.015169,0.00032061368
국제 금 선물 가격 변화율 1일전,0.015936,-0.0004713955
국제 금 선물 가격 변화율 1일전,0.01373,-0.0003712402
국제 금 선물 가격 변화율 1일전,0.020799,-0.0004713955
국제 금 선물 가격 변화율 1일전,3.9e-05,0.0003941505
국제 금 선물 가격 변화율 1일전,0.043643,-0.00069604197
국제 금 선물 가격 변화율 1일전,0.003169,0.00062256417
국제 금 선물 가격 변화율 1일전,-0.113662,-0.005000194
국제 금 선물 가격 변화율 1일전,-0.019389,-0.0065699285
국제 금 선물 가격 변화율 1일전,0.060833,-0.0018153954
국제 금 선물 가격 변화율 1일전,0.003406,0.0006673949
국제 금 선물 가격 변화율 1일전,-0.011991,-0.0011177626
국제 금 선물 가격 변화율 1일전,0.018472,-0.001590749
국제 금 선물 가격 변화율 1일전,0.020137,-0.0017152401
국제 금 선물 가격 변화율 1일전,-0.009325,0.0009987096
국제 금 선물 가격 변화율 1일전,0.01355,-7.88418e-05
국제 금 선물 가격 변화율 1일전,-0.029162,-0.008048919
국제 금 선물 가격 변화율 1일전,0.019965,0.00031736167
국제 금 선물 가격 변화율 1일전,-0.027698,-0.011208109
국제 금 선물 가격 변화율 1일전,0.021217,0.0003334388
국제 금 선물 가격 변화율 1일전,-0.002126,0.0006714452
국제 금 선물 가격 변화율 1일전,0.016761,3.739062e-05
국제 금 선물 가격 변화율 1일전,0.028739,0.00010879232
국제 금 선물 가격 변화율 1일전,-0.009395,0.0007740631
국제 금 선물 가격 변화율 1일전,0.009814,0.0002928357
국제 금 선물 가격 변화율 1일전,-0.005743,0.0011744943
국제 금 선물 가격 변화율 1일전,0.010432,0.00031736167
국제 금 선물 가격 변화율 1일전,0.012217,-0.0015619954
국제 금 선물 가격 변화율 1일전,-0.03532,-0.011208109
국제 금 선물 가격 변화율 1일전,0.002506,0.0013073989
국제 금 선물 가격 변화율 1일전,-0.010722,0.0016155404
국제 금 선물 가격 변화율 1일전,0.015952,0.00020894763
국제 금 선물 가격 변화율 1일전,-0.01061,0.0015590531
국제 금 선물 가격 변화율 1일전,0.027143,-0.0018153954
국제 금 선물 가격 변화율 1일전,-0.011913,-0.0011614307
국제 금 선물 가격 변화율 1일전,-0.009986,0.0008742184
국제 금 선물 가격 변화율 1일전,-0.012373,-0.00035729882
국제 금 선물 가격 변화율 1일전,-0.011578,-0.00065757456
국제 금 선물 가격 변화율 1일전,0.001402,0.00086751545
국제 금 선물 가격 변화율 1일전,-0.022216,-0.011201936
국제 금 선물 가격 변화율 1일전,-0.059142,-0.014180145
국제 금 선물 가격 변화율 1일전,-0.006586,0.0017348378
국제 금 선물 가격 변화율 1일전,-0.036386,-0.012952648
국제 금 선물 가격 변화율 1일전,-0.00109,0.0014992605
국제 금 선물 가격 변화율 1일전,0.03421,0.0004378218
국제 금 선물 가격 변화율 1일전,-0.038309,-0.014180145
국제 금 선물 가격 변화율 1일전,0.026626,-0.0014149643
국제 금 선물 가격 변화율 1일전,0.007569,0.0018240623
원/달러 환율,1471.0,0.007856094
원/달러 환율,1462.06,0.0075843423
원/달러 환율,1450.55,0.0068541844
원/달러 환율,1457.76,0.00704736
원/달러 환율,1470.22,0.007120283
원/달러 환율,1477.97,0.007597976
원/달러 환율,1472.75,0.0061283763
원/달러 환율,1450.37,0.0070805917
원/달러 환율,1418.79,0.0029888141
원/달러 환율,1422.56,0.0030089074
원/달러 환율,1427.16,0.0023927393
원/달러 환율,1415.24,0.0020902113
원/달러 환율,1416.1,0.0023680043
원/달러 환율,1420.52,0.0019652136
원/달러 환율,1425.0,0.002276438
원/달러 환율,1425.88,0.002300585
원/달러 환율,1432.97,0.0020288324
원/달러 환율,1440.72,0.002408189
원/달러 환율,1436.31,0.0017467685
원/달러 환율,1432.01,0.0020382754
원/달러 환율,1425.68,0.0015606667
원/달러 환율,1437.58,0.002717302
원/달러 환율,1398.89,0.0021928812
원/달러 환율,1375.11,0.0019359695
원/달러 환율,1377.15,0.0028475032
원/달러 환율,1391.86,0.001941072
원/달러 환율,1403.61,0.0017588129
원/달러 환율,1398.51,0.0021624705
원/달러 환율,1417.77,0.012366281
원/달러 환율,1418.65,0.011634219
원/달러 환율,1398.83,0.011757048
원/달러 환율,1397.65,0.010121337
원/달러 환율,1401.19,0.009230166
원/달러 환율,1388.48,0.009852634
원/달러 환율,1393.36,0.00912508
원/달러 환율,1371.64,0.0029738897
원/달러 환율,1381.55,0.009220899
원/달러 환율,1365.03,0.0030304014
원/달러 환율,1375.85,0.009901417
원/달러 환율,1374.6,0.009492152
원/달러 환율,1371.75,0.008069257
원/달러 환율,1381.13,0.01118581
원/달러 환율,1376.42,0.011286846
원/달러 환율,1378.45,0.0115301395
원/달러 환율,1364.16,0.012045974
원/달러 환율,1355.97,0.010513015
원/달러 환율,1360.28,0.011507904
원/달러 환율,1354.99,0.012646585
원/달러 환율,1367.55,0.011507904
원/달러 환율,1368.29,0.011299901
원/달러 환율,1356.47,0.012325996
원/달러 환율,1364.93,0.0028638712
원/달러 환율,1357.55,0.009713852
원/달러 환율,1370.29,0.0027528082
원/달러 환율,1372.11,0.009858847
원/달러 환율,1372.45,0.0048213014
원/달러 환율,1382.61,0.010520292
원/달러 환율,1359.0,0.011031278
원/달러 환율,1362.17,0.0127230715
원/달러 환율,1355.64,0.013268726
원/달러 환율,1360.72,0.011829437
원/달러 환율,1353.5,0.014241068
원/달러 환율,1358.06,0.012889108
원/달러 환율,1356.9,0.013621137
원/달러 환율,1364.65,0.0117635755
원/달러 환율,1364.65,0.013426032
원/달러 환율,1369.6,0.013988588
원/달러 환율,1372.74,0.013839964
원/달러 환율,1375.04,0.013562171
원/달러 환율,1373.37,0.013839964
원/달러 환율,1375.37,0.013490304
원/달러 환율,1382.51,0.011112074
원/달러 환율,1385.39,0.010866375
원/달러 환율,1390.84,0.013562171
원/달러 환율,1391.04,0.011167417
원/달러 환율,1390.29,0.013621483
원/달러 환율,1381.22,0.01276536
원/달러 환율,1381.58,0.01243732
원/달러 환율,1375.38,0.012994537
원/달러 환율,1371.0,0.012807595
원/달러 환율,1382.92,0.012722608
원/달러 환율,1388.21,0.012970878
원/달러 환율,1390.63,0.013327168
원/달러 환율,1391.58,0.011352859
원/달러 환율,1396.19,0.011654015
원/달러 환율,1388.34,0.007411794
원/달러 환율,1385.71,0.013192462
원/달러 환율,1386.64,0.012851897
원/달러 환율,1384.64,0.012958076
원/달러 환율,1386.05,0.012654037
원/달러 환율,1389.7,0.012521853
원/달러 환율,1392.74,0.013694499
원/달러 환율,1385.4,0.013107016
원/달러 환율,1378.9,0.013638467
원/달러 환율,1390.59,0.01352459
원/달러 환율,1387.87,0.013498013
원/달러 환율,1387.34,0.011146361
원/달러 환율,1392.04,0.011272704
원/달러 환율,1397.7,0.010927319
원/달러 환율,1401.88,0.013599865
원/달러 환율,1381.71,0.012866918
원/달러 환율,1389.06,0.012829223
원/달러 환율,1393.52,0.012856223
원/달러 환율,1394.54,0.013163222
원/달러 환율,1384.85,0.012962783
원/달러 환율,1389.76,0.012702663
원/달러 환율,1394.76,0.012970288
원/달러 환율,1389.21,0.012954209
원/달러 환율,1394.8,0.012163156
원/달러 환율,1385.28,0.012028374
원/달러 환율,1386.29,0.012574025
원/달러 환율,1388.16,0.011751673
원/달러 환율,1386.97,0.0116185965
원/달러 환율,1388.97,0.011775131
원/달러 환율,1394.06,0.011775131
원/달러 환율,1385.09,0.011716728
원/달러 환율,1381.49,0.011716728
원/달러 환율,1375.5,0.011716728
원/달러 환율,1388.51,0.011994521
원/달러 환율,1397.43,0.011380998
원/달러 환율,1392.4,0.011856789
원/달러 환율,1394.28,0.012290839
원/달러 환율,1404.7,0.012077627
원/달러 환율,1408.67,0.011647726
원/달러 환율,1410.05,0.01181815
원/달러 환율,1399.76,0.012200949
원/달러 환율,1404.63,0.011823877
원/달러 환율,1402.45,0.011783865
원/달러 환율,1406.72,0.011716728
원/달러 환율,1406.16,0.011506072
원/달러 환율,1410.47,0.011895188
원/달러 환율,1413.12,0.012105844
원/달러 환율,1424.17,0.011837985
원/달러 환율,1423.68,0.011590524
원/달러 환율,1428.39,0.0019240062
원/달러 환율,1428.39,0.008025261
원/달러 환율,1429.91,0.002048887
원/달러 환율,1423.12,0.003181739
원/달러 환율,1416.07,0.0017838817
원/달러 환율,1421.89,0.001672558
원/달러 환율,1420.39,0.010536598
원/달러 환율,1430.58,0.009773552
원/달러 환율,1429.94,0.009119326
원/달러 환율,1437.25,0.010219038
원/달러 환율,1438.35,0.010500841
원/달러 환율,1432.72,0.011226975
원/달러 환율,1432.72,0.010864185
원/달러 환율,1420.83,0.011494572
원/달러 환율,1430.45,0.011627117
원/달러 환율,1428.37,0.011490978
원/달러 환율,1430.65,0.011627117
원/달러 환율,1440.22,0.010103738
원/달러 환율,1440.95,0.010434206
원/달러 환율,1449.28,0.013431849
원/달러 환율,1461.07,0.01374522
원/달러 환율,1456.34,0.0156238815
원/달러 환율,1456.34,0.015942791
원/달러 환율,1468.6,0.015124556
원/달러 환율,1465.32,0.010224928
원/달러 환율,1453.2,0.010648704
원/달러 환율,1459.71,0.0063036396
원/달러 환율,1461.3,0.0076586767
원/달러 환율,1467.69,0.0071338713
원/달러 환율,1472.65,0.0062931846
원/달러 환율,1470.84,0.007174261
원/달러 환율,1475.94,0.011191091
원/달러 환율,1468.02,0.015346228
원/달러 환율,1468.39,0.015985293
원/달러 환율,1467.65,0.016096618
원/달러 환율,1467.79,0.01642584
원/달러 환율,1469.23,0.016264679
원/달러 환율,1465.94,0.015391822
원/달러 환율,1473.22,0.015600885
원/달러 환율,1472.83,0.016526295
원/달러 환율,1469.19,0.016148431
원/달러 환율,1469.48,0.016148431
원/달러 환율,1470.2,0.016263086
원/달러 환율,1471.38,0.016190214
원/달러 환율,1477.72,0.016263086
원/달러 환율,1468.62,0.015725983
원/달러 환율,1472.48,0.01598138
원/달러 환율,1475.05,0.015721047
원/달러 환율,1473.21,0.015602478
원/달러 환율,1477.26,0.015738964
원/달러 환율,1480.13,0.015471388
원/달러 환율,1481.45,0.015471388
원/달러 환율,1443.62,0.011751846
원/달러 환율,1441.16,0.011751846
원/달러 환율,1433.88,0.010771092
원/달러 환율,1439.42,0.009873884
원/달러 환율,1444.55,0.011047291
원/달러 환율,1444.45,0.011191602
원/달러 환율,1444.88,0.010663347
원/달러 환율,1446.93,0.014400349
원/달러 환율,1447.45,0.014591535
원/달러 환율,1452.15,0.014115855
원/달러 환율,1458.61,0.014349231
원/달러 환율,1467.08,0.0146580385
원/달러 환율,1475.78,0.014592335
원/달러 환율,1464.29,0.014402215
원/달러 환율,1469.39,0.014038746
원/달러 환율,1474.05,0.014315446
원/달러 환율,1478.33,0.01190281
원/달러 환율,1465.95,0.01456247
원/달러 환율,1464.34,0.01425614
원/달러 환율,1462.89,0.014186231
원/달러 환율,1441.49,0.010188898
원/달러 환율,1437.45,0.010778455
원/달러 환율,1436.06,0.010188898
원/달러 환율,1433.84,0.010188898
원/달러 환율,1444.51,0.010580529
원/달러 환율,1452.03,0.014441726
원/달러 환율,1447.7,0.01487885
원/달러 환율,1459.24,0.014019604
원/달러 환율,1463.13,0.0062118224
원/달러 환율,1462.75,0.014805927
원/달러 환율,1458.12,0.015173567
원/달러 환율,1456.82,0.01484672
원/달러 환율,1446.96,0.014226306
원/달러 환율,1439.8,0.0017441149
원/달러 환율,1442.9,0.0031848515
원/달러 환율,1444.43,0.0084890425
원/달러 환율,1445.15,0.008445435
원/달러 환율,1450.1,0.0125075225
원/달러 환율,1445.97,0.008692107
원/달러 환율,1442.62,0.0028887463
원/달러 환율,1440.45,0.008407741
원/달러 환율,1427.12,0.010227881
원/달러 환율,1433.32,0.008781271
원/달러 환율,1439.82,0.008464292
원/달러 환율,1439.8,0.0022241008
원/달러 환율,1485.6,0.006019243
원/달러 환율,1462.7,0.0062037096
원/달러 환율,1483.36,0.0072887195
원/달러 환율,1482.98,0.004788112
원/달러 환율,1478.15,0.00489912
원/달러 환율,1465.29,0.0062117213
원/달러 환율,1474.94,0.006320646
원/달러 환율,1491.81,0.004353759
원/달러 환율,1498.88,0.0044555343
원/달러 환율,1493.01,0.0058049364
원/달러 환율,1488.68,0.004987321
원/달러 환율,1500.19,0.0037450742
원/달러 환율,1495.88,0.0039841114
원/달러 환율,1504.15,0.003559015
원/달러 환율,1492.07,0.0036881708
원/달러 환율,1496.95,0.003366988
원/달러 환율,1500.32,0.0036403274
원/달러 환율,1504.57,0.0031915659
원/달러 환율,1509.86,0.003366988
원/달러 환율,1518.7,0.0016605275
원/달러 환율,1523.5,0.002733534
코스피 200 지수,338.22,-0.00019986002
코스피 200 지수,336.26,-9.598516e-05
코스피 200 지수,332.92,-0.00055593514
코스피 200 지수,328.67,-0.0009178375
코스피 200 지수,309.6,0.0013145313
코스피 200 지수,310.03,0.00087605446
코스피 200 지수,304.53,0.00040441635
코스피 200 지수,325.08,-0.00057117897
코스피 200 지수,322.32,-9.3723225e-05
코스피 200 지수,325.33,-0.0012596601
코스피 200 지수,328.14,-0.0011099216
코스피 200 지수,323.53,-0.0017956593
코스피 200 지수,326.3,-0.0015685942
코스피 200 지수,329.31,-0.0015173531
코스피 200 지수,328.61,-0.0011896177
코스피 200 지수,333.94,-0.0014499982
코스피 200 지수,333.72,-0.0013692551
코스피 200 지수,336.87,-0.0011748543
코스피 200 지수,337.08,-0.0015148153
코스피 200 지수,339.06,-0.001339314
코스피 200 지수,338.74,-0.0014009885
코스피 200 지수,338.74,-0.0014178099
코스피 200 지수,338.79,-0.00052138127
코스피 200 지수,338.79,-0.00040997373
코스피 200 지수,338.79,-0.0005881243
코스피 200 지수,341.31,-0.00059064355
코스피 200 지수,341.47,-0.0016707291
코스피 200 지수,341.49,-0.0013420053
코스피 200 지수,347.08,0.000425665
코스피 200 지수,347.17,-0.00046233984
코스피 200 지수,351.79,0.000425665
코스피 200 지수,349.16,0.0003954493
코스피 200 지수,350.45,8.72681e-05
코스피 200 지수,346.57,-0.00024861167
코스피 200 지수,347.02,-0.0006608778
코스피 200 지수,349.38,-0.00063216884
코스피 200 지수,344.8,-0.00052466465
코스피 200 지수,345.28,-0.0005015334
코스피 200 지수,351.28,-0.00027368648
코스피 200 지수,356.36,-0.0014286232
코스피 200 지수,363.08,0.0010664845
코스피 200 지수,359.62,0.00086908625
코스피 200 지수,359.69,0.00086908625
코스피 200 지수,359.69,0.0009055094
코스피 200 지수,369.9,-0.000109263085
코스피 200 지수,376.54,0.0009766244
코스피 200 지수,376.54,0.000845955
코스피 200 지수,382.99,0.0010026328
코스피 200 지수,384.79,0.0009538923
코스피 200 지수,389.79,0.00083554734
코스피 200 지수,390.62,0.0021665792
코스피 200 지수,387.3,0.00072783703
코스피 200 지수,394.16,0.002127637
코스피 200 지수,395.18,0.0010303245
코스피 200 지수,398.86,0.0022001045
코스피 200 지수,405.32,0.002113693
코스피 200 지수,404.32,0.0021257063
코스피 200 지수,417.76,0.0021409492
코스피 200 지수,419.51,0.002079789
코스피 200 지수,415.66,0.002041821
코스피 200 지수,412.72,0.0021259985
코스피 200 지수,414.6,0.0021070454
코스피 200 지수,416.26,0.0017724191
코스피 200 지수,414.43,0.0020692556
코스피 200 지수,420.94,0.0020260098
코스피 200 지수,412.74,0.0019801464
코스피 200 지수,413.02,0.0021091567
코스피 200 지수,421.22,0.0020260098
코스피 200 지수,422.02,0.0024503965
코스피 200 지수,428.42,0.0025166569
코스피 200 지수,428.07,0.002028529
코스피 200 지수,432.49,0.0020028786
코스피 200 지수,434.78,0.0019801464
코스피 200 지수,431.16,0.0019801464
코스피 200 지수,431.64,0.0020165695
코스피 200 지수,431.1,0.0019801464
코스피 200 지수,434.56,0.0020393017
코스피 200 지수,428.05,0.0019570151
코스피 200 지수,430.04,0.0020474822
코스피 200 지수,430.03,0.0010303245
코스피 200 지수,430.78,0.0018892817
코스피 200 지수,433.37,0.0018862751
코스피 200 지수,435.84,0.0020165695
코스피 200 지수,439.81,0.0021409492
코스피 200 지수,438.6,0.0020586627
코스피 200 지수,420.72,0.0017736934
코스피 200 지수,424.79,0.002205586
코스피 200 지수,431.25,0.0022192008
코스피 200 지수,430.68,0.0021509577
코스피 200 지수,435.35,0.0020541386
코스피 200 지수,433.47,0.0018759898
코스피 200 지수,433.29,0.0020082751
코스피 200 지수,431.63,0.0018759898
코스피 200 지수,436.92,0.0020053582
코스피 200 지수,436.57,0.0019427186
코스피 200 지수,436.57,0.0017482047
코스피 200 지수,429.19,0.0022394226
코스피 200 지수,426.18,0.002275291
코스피 200 지수,423.66,0.0019801464
코스피 200 지수,424.41,0.0019934382
코스피 200 지수,428.5,0.0018734708
코스피 200 지수,433.89,0.0019247306
코스피 200 지수,429.41,0.0018759898
코스피 200 지수,430.31,0.0018718117
코스피 200 지수,431.81,0.0018276072
코스피 200 지수,430.12,0.0018044759
코스피 200 지수,428.15,0.0019801464
코스피 200 지수,430.37,0.0010806916
코스피 200 지수,432.32,0.0008932541
코스피 200 지수,432.86,0.0010461411
코스피 200 지수,434.85,0.0009113313
코스피 200 지수,441.28,0.00076054636
코스피 200 지수,450.05,0.00076054636
코스피 200 지수,454.0,0.00076054636
코스피 200 지수,462.74,0.001135939
코스피 200 지수,464.65,0.00091560505
코스피 200 지수,472.85,0.0010623783
코스피 200 지수,466.99,0.00086722214
코스피 200 지수,475.34,0.0009130858
코스피 200 지수,473.44,0.00081095094
코스피 200 지수,478.29,0.0019274594
코스피 200 지수,481.54,0.00086722214
코스피 200 지수,480.39,0.0008440909
코스피 200 지수,480.63,0.00086722214
코스피 200 지수,468.03,0.0007511059
코스피 200 지수,475.22,0.0010316814
코스피 200 지수,474.03,0.00091560505
코스피 200 지수,479.37,0.001103424
코스피 200 지수,493.41,0.0011265553
코스피 200 지수,493.41,0.0010575603
코스피 200 지수,493.41,0.00090364536
코스피 200 지수,493.41,0.00086722214
코스피 200 지수,493.41,0.00086722214
코스피 200 지수,493.41,0.00091848214
코스피 200 지수,506.97,0.0007185926
코스피 200 지수,501.87,-0.00023054605
코스피 200 지수,496.89,-0.00012524202
코스피 200 지수,510.55,-4.0313753e-06
코스피 200 지수,524.45,-0.00022110558
코스피 200 지수,525.48,-0.00020024035
코스피 200 지수,535.28,-0.00014671436
코스피 200 지수,535.28,-8.94258e-05
코스피 200 지수,542.59,-0.00014959153
코스피 200 지수,536.37,0.00079366675
코스피 200 지수,550.01,0.0009581261
코스피 200 지수,565.69,-3.774892e-05
코스피 200 지수,559.51,0.00068978494
코스피 200 지수,571.51,0.0010670915
코스피 200 지수,575.21,0.0006626333
코스피 200 지수,579.46,0.0008918185
코스피 200 지수,599.03,0.00091494975
코스피 200 지수,581.94,0.0015379931
코스피 200 지수,565.4,0.0009364221
코스피 200 지수,568.38,0.0007299691
코스피 200 지수,557.98,0.0010667171
코스피 200 지수,575.31,0.0009591543
코스피 200 지수,581.41,0.0011117696
코스피 200 지수,586.73,9.532931e-06
코스피 200 지수,588.65,0.00056993886
코스피 200 지수,563.43,-0.00013199533
코스피 200 지수,576.65,-0.00022524889
코스피 200 지수,556.45,0.0010510692
코스피 200 지수,552.66,0.0009497139
코스피 200 지수,564.2,0.0008176337
코스피 200 지수,540.36,0.0009915149
코스피 200 지수,540.81,0.002112034
코스피 200 지수,544.62,0.0022926847
코스피 200 지수,559.37,0.0021025215
코스피 200 지수,554.0,0.0022059504
코스피 200 지수,553.96,0.0023467846
코스피 200 지수,565.72,0.0010249282
코스피 200 지수,570.79,0.001103424
코스피 200 지수,569.75,0.0020165695
코스피 200 지수,580.81,0.0020260098
코스피 200 지수,589.17,0.0020260098
코스피 200 지수,585.76,0.0019801464
코스피 200 지수,585.52,0.0020165695
코스피 200 지수,580.16,0.001945596
코스피 200 지수,587.93,0.0018596451
코스피 200 지수,574.49,0.00095593353
코스피 200 지수,561.52,0.001023269
코스피 200 지수,572.62,0.001029846
코스피 200 지수,565.65,0.0010575603
코스피 200 지수,568.4,0.0009723568
코스피 200 지수,582.73,0.0010057492
코스피 200 지수,584.64,0.0007911942
코스피 200 지수,584.21,0.00073993433
코스피 200 지수,590.08,0.00076054636
코스피 200 지수,605.69,-0.00023867135
코스피 200 지수,605.98,-0.00030766614
코스피 200 지수,605.98,0.00075297
코스피 200 지수,624.17,0.00076241035
코스피 200 지수,648.74,0.00079883356
코스피 200 지수,659.45,0.00090046047
코스피 200 지수,664.48,6.387799e-05
코스피 200 지수,664.18,-8.361248e-05
코스피 200 지수,668.25,0.0008545969
코스피 200 지수,672.86,0.0008694337
코스피 200 지수,680.71,6.387799e-05
코스피 200 지수,685.76,1.5495141e-05
코스피 200 지수,696.39,5.1918294e-05
코스피 200 지수,704.64,-3.487183e-05
코스피 200 지수,708.48,-0.0004867139
코스피 200 지수,714.94,-0.00016155123
코스피 200 지수,722.3,-0.00014671436
코스피 200 지수,727.29,0.00024422203
코스피 200 지수,720.04,4.7402078e-05
코스피 200 지수,745.13,0.00011221864
코스피 200 지수,758.72,4.4882734e-05
코스피 200 지수,765.59,2.1751417e-05
코스피 200 지수,768.41,-0.00024383777
코스피 200 지수,725.46,0.00055269094
코스피 200 지수,779.54,0.0009581261
코스피 200 지수,790.38,0.00061851117
코스피 200 지수,756.95,-0.00025692355
코스피 200 지수,748.1,-3.0942e-05
코스피 200 지수,780.94,0.0009581261
코스피 200 지수,780.76,-7.3026255e-05
코스피 200 지수,788.75,-0.00022110558
코스피 200 지수,816.28,-0.00019095774
코스피 200 지수,814.59,-0.00024383777
코스피 200 지수,814.59,0.0010071362
코스피 200 지수,814.59,0.000115191535
코스피 200 지수,840.24,0.0009513731
코스피 200 지수,859.59,0.00096333266
코스피 200 지수,865.49,0.0006543388
코스피 200 지수,886.88,-3.774892e-05
코스피 200 지수,903.83,-3.487183e-05
코스피 200 지수,944.02,0.00019549395
코스피 200 지수,933.34,-8.361248e-05
코스피 200 지수,933.34,-0.00020741479
코스피 200 지수,859.4,-0.0004867139
코스피 200 지수,756.79,-7.733327e-05
코스피 200 지수,831.22,0.0011366974
코스피 200 지수,828.83,0.00069496036
코스피 200 지수,775.31,0.0074377763
코스피 200 지수,823.02,0.0011002743
코스피 200 지수,834.05,0.0009978989
코스피 200 지수,827.51,0.006157395
코스피 200 지수,812.93,0.007404637
코스피 200 지수,826.83,0.0083033005
코스피 200 지수,840.89,0.008500121
코스피 200 지수,888.57,0.007864656
코스피 200 지수,862.37,0.008352405
코스피 200 지수,862.5,0.00795523
코스피 200 지수,804.86,0.0015168388
코스피 200 지수,827.64,0.0059993607
코스피 200 지수,838.7,0.00594499
코스피 200 지수,808.89,0.0056581213
코스피 200 지수,805.19,0.005745712
코스피 200 지수,780.32,0.0063846186
코스피 200 지수,744.57,0.005748534
금값 변동성(5일표준편차),0.006879,0.0019476679
금값 변동성(5일표준편차),0.005623,0.002354566
금값 변동성(5일표준편차),0.010199,-0.00019752947
금값 변동성(5일표준편차),0.0159,-0.006666947
금값 변동성(5일표준편차),0.013881,-0.006892039
금값 변동성(5일표준편차),0.015411,-0.004801896
금값 변동성(5일표준편차),0.023062,-0.0048258137
금값 변동성(5일표준편차),0.027547,-0.0067693964
금값 변동성(5일표준편차),0.0216,-0.004562166
금값 변동성(5일표준편차),0.01612,-0.0067693964
금값 변동성(5일표준편차),0.016378,-0.0066211163
금값 변동성(5일표준편차),0.017224,-0.0046248683
금값 변동성(5일표준편차),0.01721,-0.004791711
금값 변동성(5일표준편차),0.018905,-0.0049882242
금값 변동성(5일표준편차),0.018123,-0.0031331808
금값 변동성(5일표준편차),0.028672,-0.006602554
금값 변동성(5일표준편차),0.025137,-0.0065284437
금값 변동성(5일표준편차),0.026043,-0.006470135
금값 변동성(5일표준편차),0.022359,-0.0066211163
금값 변동성(5일표준편차),0.022314,-0.0063774623
금값 변동성(5일표준편차),0.013795,-0.0063774623
금값 변동성(5일표준편차),0.016175,-0.004532196
금값 변동성(5일표준편차),0.016548,-0.0066211163
금값 변동성(5일표준편차),0.019392,-0.0065284437
금값 변동성(5일표준편차),0.023678,-0.004532196
금값 변동성(5일표준편차),0.024246,-0.0065098815
금값 변동성(5일표준편차),0.023001,-0.0047572874
금값 변동성(5일표준편차),0.023175,-0.0046248683
금값 변동성(5일표준편차),0.026531,-0.0063774623
금값 변동성(5일표준편차),0.019834,-0.0046248683
금값 변동성(5일표준편차),0.020124,-0.0063774623
금값 변동성(5일표준편차),0.020967,-0.006295007
금값 변동성(5일표준편차),0.018964,-0.006145598
금값 변동성(5일표준편차),0.014852,-0.0059787557
금값 변동성(5일표준편차),0.016319,-0.006145598
금값 변동성(5일표준편차),0.011494,-0.003661864
금값 변동성(5일표준편차),0.012447,-0.006295007
금값 변동성(5일표준편차),0.010205,-0.0002624577
금값 변동성(5일표준편차),0.01656,-0.0063774623
금값 변동성(5일표준편차),0.015329,-0.006602554
금값 변동성(5일표준편차),0.015126,-0.006295007
금값 변동성(5일표준편차),0.015513,-0.006295007
금값 변동성(5일표준편차),0.016654,-0.004884383
금값 변동성(5일표준편차),0.01351,-0.0063774623
금값 변동성(5일표준편차),0.013289,-0.0063774623
금값 변동성(5일표준편차),0.014125,-0.006295007
금값 변동성(5일표준편차),0.014098,-0.004449741
금값 변동성(5일표준편차),0.006756,0.002207183
금값 변동성(5일표준편차),0.006482,0.002354566
금값 변동성(5일표준편차),0.004653,0.0019185892
금값 변동성(5일표준편차),0.009929,0.002354566
금값 변동성(5일표준편차),0.009389,0.0018510984
금값 변동성(5일표준편차),0.012062,-0.006862069
금값 변동성(5일표준편차),0.011992,-0.0046646153
금값 변동성(5일표준편차),0.011931,-0.006470135
금값 변동성(5일표준편차),0.009641,0.0021396922
금값 변동성(5일표준편차),0.005299,0.002354566
금값 변동성(5일표준편차),0.008186,0.002339602
금값 변동성(5일표준편차),0.008885,0.002354566
금값 변동성(5일표준편차),0.009017,0.002449557
금값 변동성(5일표준편차),0.011214,-0.0038472689
금값 변동성(5일표준편차),0.011953,-0.00672965
금값 변동성(5일표준편차),0.011528,-0.0034367722
금값 변동성(5일표준편차),0.011547,-0.0016841784
금값 변동성(5일표준편차),0.011854,-0.0063774623
금값 변동성(5일표준편차),0.006636,0.002339602
금값 변동성(5일표준편차),0.006594,0.002012596
금값 변동성(5일표준편차),0.004385,0.002207183
금값 변동성(5일표준편차),0.003856,-0.0030613234
금값 변동성(5일표준편차),0.00383,-0.0019213986
금값 변동성(5일표준편차),0.006845,0.0019335533
금값 변동성(5일표준편차),0.006937,0.0022721111
금값 변동성(5일표준편차),0.006603,0.002317138
금값 변동성(5일표준편차),0.007035,0.002207183
금값 변동성(5일표준편차),0.007577,0.0016590742
금값 변동성(5일표준편차),0.005446,0.0022721111
금값 변동성(5일표준편차),0.008428,0.0022721111
금값 변동성(5일표준편차),0.007006,0.0022721111
금값 변동성(5일표준편차),0.0112,-0.0036962873
금값 변동성(5일표준편차),0.011706,-0.004532196
금값 변동성(5일표준편차),0.012903,-0.0063774623
금값 변동성(5일표준편차),0.009547,0.0019185892
금값 변동성(5일표준편차),0.006735,0.0019185892
금값 변동성(5일표준편차),0.005901,0.0022721111
금값 변동성(5일표준편차),0.006259,0.0021396922
금값 변동성(5일표준편차),0.010176,0.00012947647
금값 변동성(5일표준편차),0.009324,0.0018801771
금값 변동성(5일표준편차),0.00935,0.0021396922
금값 변동성(5일표준편차),0.007321,0.002464521
금값 변동성(5일표준편차),0.006549,0.0022721111
금값 변동성(5일표준편차),0.004711,0.0022721111
금값 변동성(5일표준편차),0.014052,-0.006470135
금값 변동성(5일표준편차),0.013927,-0.006470135
금값 변동성(5일표준편차),0.014096,-0.0065098815
금값 변동성(5일표준편차),0.013629,-0.004532196
금값 변동성(5일표준편차),0.011218,-0.003529445
금값 변동성(5일표준편차),0.003629,-0.0021424796
금값 변동성(5일표준편차),0.004089,0.00076238485
금값 변동성(5일표준편차),0.006301,0.0020800869
금값 변동성(5일표준편차),0.005422,0.0019476679
금값 변동성(5일표준편차),0.007368,0.002339602
금값 변동성(5일표준편차),0.007248,0.0017186792
금값 변동성(5일표준편차),0.005691,0.0024220569
금값 변동성(5일표준편차),0.005129,0.0019476679
금값 변동성(5일표준편차),0.004275,0.0022721111
금값 변동성(5일표준편차),0.004603,0.002382066
금값 변동성(5일표준편차),0.007196,0.0019185892
금값 변동성(5일표준편차),0.006421,0.002207183
금값 변동성(5일표준편차),0.010746,-7.043344e-05
금값 변동성(5일표준편차),0.010841,-0.0034877073
금값 변동성(5일표준편차),0.01088,-0.0034452428
금값 변동성(5일표준편차),0.008632,0.0018700731
금값 변동성(5일표준편차),0.007823,0.0020435082
금값 변동성(5일표준편차),0.006139,0.002354566
금값 변동성(5일표준편차),0.003344,-0.0021424796
금값 변동성(5일표준편차),0.004146,-0.0044228337
금값 변동성(5일표준편차),0.004126,-0.0031572932
금값 변동성(5일표준편차),0.004501,0.002222147
금값 변동성(5일표준편차),0.007175,0.0018801771
금값 변동성(5일표준편차),0.007834,0.0024220569
금값 변동성(5일표준편차),0.010911,-0.0030856691
금값 변동성(5일표준편차),0.011339,-0.0034367722
금값 변동성(5일표준편차),0.013783,-0.00458216
금값 변동성(5일표준편차),0.011857,-0.006470135
금값 변동성(5일표준편차),0.012055,-0.006470135
금값 변동성(5일표준편차),0.010479,-0.00019752947
금값 변동성(5일표준편차),0.009919,0.002354566
금값 변동성(5일표준편차),0.00425,0.002207183
금값 변동성(5일표준편차),0.007571,0.002382066
금값 변동성(5일표준편차),0.007641,0.0024220569
금값 변동성(5일표준편차),0.009036,0.0022721111
금값 변동성(5일표준편차),0.009002,0.002339602
금값 변동성(5일표준편차),0.010003,0.002339602
금값 변동성(5일표준편차),0.017096,-0.006602554
금값 변동성(5일표준편차),0.016916,-0.0063774623
금값 변동성(5일표준편차),0.020888,-0.006500105
금값 변동성(5일표준편차),0.020885,-0.0067693964
금값 변동성(5일표준편차),0.020377,-0.0067879586
금값 변동성(5일표준편차),0.011943,-0.0064274264
금값 변동성(5일표준편차),0.020831,-0.0064074323
금값 변동성(5일표준편차),0.02127,-0.006602554
금값 변동성(5일표준편차),0.037535,-0.0063774623
금값 변동성(5일표준편차),0.03711,-0.006470135
금값 변동성(5일표준편차),0.036193,-0.004449741
금값 변동성(5일표준편차),0.035306,-0.006862069
금값 변동성(5일표준편차),0.029125,-0.006295007
금값 변동성(5일표준편차),0.017488,-0.006295007
금값 변동성(5일표준편차),0.017766,-0.006636977
금값 변동성(5일표준편차),0.013606,-0.0064274264
금값 변동성(5일표준편차),0.013433,-0.00638768
금값 변동성(5일표준편차),0.006364,0.0022721111
금값 변동성(5일표준편차),0.007925,0.0022421407
금값 변동성(5일표준편차),0.008717,0.0020800869
금값 변동성(5일표준편차),0.008353,0.0018801771
금값 변동성(5일표준편차),0.008393,0.0024220569
금값 변동성(5일표준편차),0.014983,-0.006862069
금값 변동성(5일표준편차),0.011879,-0.006295007
금값 변동성(5일표준편차),0.013831,-0.0053682677
금값 변동성(5일표준편차),0.014742,-0.006470135
금값 변동성(5일표준편차),0.021402,-0.004449741
금값 변동성(5일표준편차),0.016942,-0.0064289984
금값 변동성(5일표준편차),0.016938,-0.006500105
금값 변동성(5일표준편차),0.010464,-0.00032994855
금값 변동성(5일표준편차),0.010427,-0.0002624577
금값 변동성(5일표준편차),0.004796,0.0023096316
금값 변동성(5일표준편차),0.004422,0.0018801771
금값 변동성(5일표준편차),0.005972,0.002339602
금값 변동성(5일표준편차),0.006075,0.0022721111
금값 변동성(5일표준편차),0.004045,-0.0039436966
금값 변동성(5일표준편차),0.004045,0.00027100576
금값 변동성(5일표준편차),0.010098,6.1985615e-05
금값 변동성(5일표준편차),0.009325,0.002222147
금값 변동성(5일표준편차),0.009143,0.0022721111
금값 변동성(5일표준편차),0.007021,0.002339602
금값 변동성(5일표준편차),0.006705,0.002354566
금값 변동성(5일표준편차),0.004254,0.002354566
금값 변동성(5일표준편차),0.004294,0.0018801771
금값 변동성(5일표준편차),0.010652,6.1985615e-05
금값 변동성(5일표준편차),0.010503,-0.00019752947
금값 변동성(5일표준편차),0.009101,0.0024220569
금값 변동성(5일표준편차),0.00953,0.0018801771
금값 변동성(5일표준편차),0.008812,0.0019476679
금값 변동성(5일표준편차),0.00463,0.0022421407
금값 변동성(5일표준편차),0.004765,0.001990132
금값 변동성(5일표준편차),0.00853,0.0019185892
금값 변동성(5일표준편차),0.007622,0.0024220569
금값 변동성(5일표준편차),0.008399,0.0022721111
금값 변동성(5일표준편차),0.007245,0.0022721111
금값 변동성(5일표준편차),0.025368,-0.004532196
금값 변동성(5일표준편차),0.023869,-0.0064074323
금값 변동성(5일표준편차),0.023023,-0.0067535355
금값 변동성(5일표준편차),0.022896,-0.006470135
금값 변동성(5일표준편차),0.027301,-0.0064274264
금값 변동성(5일표준편차),0.014718,-0.0064074323
금값 변동성(5일표준편차),0.015861,-0.0063774623
금값 변동성(5일표준편차),0.014191,-0.004532196
금값 변동성(5일표준편차),0.013415,-0.0047572874
금값 변동성(5일표준편차),0.012299,-0.006470135
금값 변동성(5일표준편차),0.013014,-0.0046248683
금값 변동성(5일표준편차),0.011106,-0.0012903668
금값 변동성(5일표준편차),0.011538,-0.0034867362
금값 변동성(5일표준편차),0.012895,-0.006520099
금값 변동성(5일표준편차),0.017885,-0.00638768
금값 변동성(5일표준편차),0.017179,-0.006538661
금값 변동성(5일표준편차),0.017265,-0.0065098815
금값 변동성(5일표준편차),0.015353,-0.0030105377
금값 변동성(5일표준편차),0.009718,0.0018700731
금값 변동성(5일표준편차),0.007787,0.0011895451
금값 변동성(5일표준편차),0.015867,-0.004885775
금값 변동성(5일표준편차),0.017402,-0.0029280828
금값 변동성(5일표준편차),0.060916,-0.0063774623
금값 변동성(5일표준편차),0.058574,-0.006470135
금값 변동성(5일표준편차),0.068522,-0.004884383
금값 변동성(5일표준편차),0.063552,-0.004562166
금값 변동성(5일표준편차),0.062939,-0.0066710804
금값 변동성(5일표준편차),0.031805,-0.00672965
금값 변동성(5일표준편차),0.027165,-0.0067693964
금값 변동성(5일표준편차),0.015028,-0.0065584136
금값 변동성(5일표준편차),0.015579,-0.0063774623
금값 변동성(5일표준편차),0.021391,-0.0063774623
금값 변동성(5일표준편차),0.021674,-0.0064074323
금값 변동성(5일표준편차),0.022767,-0.006602554
금값 변동성(5일표준편차),0.025735,-0.004683177
금값 변동성(5일표준편차),0.024533,-0.004532196
금값 변동성(5일표준편차),0.020876,-0.006500105
금값 변동성(5일표준편차),0.022674,-0.006295007
금값 변동성(5일표준편차),0.016128,-0.006295007
금값 변동성(5일표준편차),0.015103,-0.0064274264
금값 변동성(5일표준편차),0.015824,-0.0063774623
금값 변동성(5일표준편차),0.015192,-0.0046548382
금값 변동성(5일표준편차),0.010193,-0.0006834702
금값 변동성(5일표준편차),0.020125,-0.0046646153
금값 변동성(5일표준편차),0.019328,-0.006862069
금값 변동성(5일표준편차),0.019619,-0.00492413
금값 변동성(5일표준편차),0.020768,-0.0046548382
금값 변동성(5일표준편차),0.019,-0.0046646153
금값 변동성(5일표준편차),0.016638,-0.0067693964
금값 변동성(5일표준편차),0.018312,-0.004562166
금값 변동성(5일표준편차),0.018187,-0.004542413
금값 변동성(5일표준편차),0.017184,-0.0050353645
금값 변동성(5일표준편차),0.017288,-0.006862069
금값 변동성(5일표준편차),0.005823,0.0018510984
금값 변동성(5일표준편차),0.008409,0.002354566
금값 변동성(5일표준편차),0.023028,-0.006159707
금값 변동성(5일표준편차),0.023692,-0.004432751
금값 변동성(5일표준편차),0.024178,-0.0058963005
금값 변동성(5일표준편차),0.023526,-0.0034235562
금값 변동성(5일표준편차),0.035653,-0.004999532
금값 변동성(5일표준편차),0.02976,-0.0032752762
금값 변동성(5일표준편차),0.034012,-0.0033838102
금값 변동성(5일표준편차),0.028448,-0.003174259
금값 변동성(5일표준편차),0.029483,-0.005361496
원/달러 환율 변화율 1일전,0.003567,0.0015048126
원/달러 환율 변화율 1일전,-0.002333,0.002298695
원/달러 환율 변화율 1일전,-0.006077,0.002932687
원/달러 환율 변화율 1일전,-0.007872,0.0024979168
원/달러 환율 변화율 1일전,0.004971,-0.011454494
원/달러 환율 변화율 1일전,0.008547,-0.015141376
원/달러 환율 변화율 1일전,0.005271,-0.008968636
원/달러 환율 변화율 1일전,-0.003532,0.0016512659
원/달러 환율 변화율 1일전,-0.015196,0.003061171
원/달러 환율 변화율 1일전,-0.021774,0.0031012304
원/달러 환율 변화율 1일전,0.002657,0.004436355
원/달러 환율 변화율 1일전,0.003234,0.004478395
원/달러 환율 변화율 1일전,-0.008352,0.0033981502
원/달러 환율 변화율 1일전,0.000608,0.004699831
원/달러 환율 변화율 1일전,0.003121,0.004340938
원/달러 환율 변화율 1일전,0.003154,0.0038491976
원/달러 환율 변화율 1일전,0.000618,0.0045846887
원/달러 환율 변화율 1일전,0.004972,-0.012421325
원/달러 환율 변화율 1일전,0.005408,-0.0133173065
원/달러 환율 변화율 1일전,-0.003061,0.0029883434
원/달러 환율 변화율 1일전,-0.002994,0.0024313622
원/달러 환율 변화율 1일전,-0.00442,0.00258701
원/달러 환율 변화율 1일전,0.008347,-0.017670145
원/달러 환율 변화율 1일전,-0.026913,0.003161057
원/달러 환율 변화율 1일전,-0.016999,0.002556922
원/달러 환율 변화율 1일전,0.001484,0.004478719
원/달러 환율 변화율 1일전,0.010681,-0.017770158
원/달러 환율 변화율 1일전,0.008442,-0.018944578
원/달러 환율 변화율 1일전,-0.003633,0.0019393435
원/달러 환율 변화율 1일전,0.013772,-0.015693426
원/달러 환율 변화율 1일전,0.000621,0.0042156167
원/달러 환율 변화율 1일전,-0.013971,0.0024675832
원/달러 환율 변화율 1일전,-0.000844,0.0041398564
원/달러 환율 변화율 1일전,0.002533,0.0042272457
원/달러 환율 변화율 1일전,-0.009071,0.0024087422
원/달러 환율 변화율 1일전,0.003515,0.003040071
원/달러 환율 변화율 1일전,-0.015588,0.002819547
원/달러 환율 변화율 1일전,0.007225,-0.01802255
원/달러 환율 변화율 1일전,-0.011958,0.002415072
원/달러 환율 변화율 1일전,0.007927,-0.0169163
원/달러 환율 변화율 1일전,-0.000909,0.003954559
원/달러 환율 변화율 1일전,-0.002073,0.003727176
원/달러 환율 변화율 1일전,0.006838,-0.015365353
원/달러 환율 변화율 1일전,-0.00341,0.0028394607
원/달러 환율 변화율 1일전,0.001475,0.004034898
원/달러 환율 변화율 1일전,-0.010367,0.0031500806
원/달러 환율 변화율 1일전,-0.006004,0.003089078
원/달러 환율 변화율 1일전,0.003179,0.0040284777
원/달러 환율 변화율 1일전,-0.003889,0.0027755569
원/달러 환율 변화율 1일전,0.009269,-0.018700834
원/달러 환율 변화율 1일전,0.000541,0.0041376026
원/달러 환율 변화율 1일전,-0.008639,0.0031813607
원/달러 환율 변화율 1일전,0.006237,-0.014863755
원/달러 환율 변화율 1일전,-0.005407,0.002856397
원/달러 환율 변화율 1일전,0.009385,-0.017889986
원/달러 환율 변화율 1일전,0.001328,0.004355486
원/달러 환율 변화율 1일전,0.000248,0.0043690708
원/달러 환율 변화율 1일전,0.007403,-0.013506004
원/달러 환율 변화율 1일전,-0.017076,0.002696652
원/달러 환율 변화율 1일전,0.002333,0.0042320383
원/달러 환율 변화율 1일전,-0.004794,0.0021859996
원/달러 환율 변화율 1일전,0.003747,0.0030330694
원/달러 환율 변화율 1일전,-0.005306,0.0021591247
원/달러 환율 변화율 1일전,0.003369,0.0037092918
원/달러 환율 변화율 1일전,-0.000854,0.0039844615
원/달러 환율 변화율 1일전,0.005712,-0.016791128
원/달러 환율 변화율 1일전,0.0,0.0042170747
원/달러 환율 변화율 1일전,0.003627,0.0033791794
원/달러 환율 변화율 1일전,0.002293,0.0038359056
원/달러 환율 변화율 1일전,0.001675,0.0039644414
원/달러 환율 변화율 1일전,-0.001215,0.003939659
원/달러 환율 변화율 1일전,0.001456,0.0039422675
원/달러 환율 변화율 1일전,0.005191,-0.011730179
원/달러 환율 변화율 1일전,0.002083,0.003619738
원/달러 환율 변화율 1일전,0.003934,0.003161189
원/달러 환율 변화율 1일전,0.000144,0.0042251716
원/달러 환율 변화율 1일전,-0.000539,0.0041276617
원/달러 환율 변화율 1일전,-0.006524,0.0032829116
원/달러 환율 변화율 1일전,0.000261,0.0037115037
원/달러 환율 변화율 1일전,-0.004488,0.0028431383
원/달러 환율 변화율 1일전,-0.003185,0.0026241643
원/달러 환율 변화율 1일전,0.008694,-0.015600265
원/달러 환율 변화율 1일전,0.003825,0.0031801625
원/달러 환율 변화율 1일전,0.001743,0.004673361
원/달러 환율 변화율 1일전,0.000683,0.0042251716
원/달러 환율 변화율 1일전,0.003313,0.0047135106
원/달러 환율 변화율 1일전,-0.005622,0.0014943291
원/달러 환율 변화율 1일전,-0.001894,0.0040844628
원/달러 환율 변화율 1일전,0.000671,0.0032392433
원/달러 환율 변화율 1일전,-0.001442,0.0041213986
원/달러 환율 변화율 1일전,0.001018,0.004122578
원/달러 환율 변화율 1일전,0.002633,0.0041919905
원/달러 환율 변화율 1일전,0.002188,0.003931874
원/달러 환율 변화율 1일전,-0.00527,0.0023249744
원/달러 환율 변화율 1일전,-0.004692,0.0025057867
원/달러 환율 변화율 1일전,0.008478,-0.019112628
원/달러 환율 변화율 1일전,-0.001956,0.0039528394
원/달러 환율 변화율 1일전,-0.000382,0.0042251716
원/달러 환율 변화율 1일전,0.003388,0.0038277984
원/달러 환율 변화율 1일전,0.004066,0.0038451965
원/달러 환율 변화율 1일전,0.002991,0.0034943533
원/달러 환율 변화율 1일전,-0.014388,0.0031616362
원/달러 환율 변화율 1일전,0.005319,-0.011637014
원/달러 환율 변화율 1일전,0.003211,0.0037302885
원/달러 환율 변화율 1일전,0.000732,0.0041376026
원/달러 환율 변화율 1일전,-0.006949,0.0032829116
원/달러 환율 변화율 1일전,0.003546,0.004566084
원/달러 환율 변화율 1일전,0.003598,0.001902927
원/달러 환율 변화율 1일전,-0.003979,0.002835525
원/달러 환율 변화율 1일전,0.004024,0.0022459605
원/달러 환율 변화율 1일전,-0.006825,0.0034519327
원/달러 환율 변화율 1일전,0.000729,0.0040837857
원/달러 환율 변화율 1일전,0.001349,0.0040837857
원/달러 환율 변화율 1일전,-0.000857,0.0039186208
원/달러 환율 변화율 1일전,0.001442,0.003804069
원/달러 환율 변화율 1일전,0.003665,0.0014066717
원/달러 환율 변화율 1일전,-0.006434,0.0026576123
원/달러 환율 변화율 1일전,-0.002599,0.0027891078
원/달러 환율 변화율 1일전,-0.004336,0.0021618076
원/달러 환율 변화율 1일전,0.009458,-0.014658392
원/달러 환율 변화율 1일전,0.006424,-0.010902452
원/달러 환율 변화율 1일전,-0.003599,0.0034146023
원/달러 환율 변화율 1일전,0.00135,0.0047516823
원/달러 환율 변화율 1일전,0.007473,-0.019663977
원/달러 환율 변화율 1일전,0.002826,0.003973195
원/달러 환율 변화율 1일전,0.00098,0.003575637
원/달러 환율 변화율 1일전,-0.007298,0.0030191862
원/달러 환율 변화율 1일전,0.003479,0.0038250373
원/달러 환율 변화율 1일전,-0.001552,0.004294748
원/달러 환율 변화율 1일전,0.003045,0.0043054298
원/달러 환율 변화율 1일전,-0.000398,0.0046580224
원/달러 환율 변화율 1일전,0.003065,0.0045326757
원/달러 환율 변화율 1일전,0.001879,0.004311693
원/달러 환율 변화율 1일전,0.00782,-0.019673917
원/달러 환율 변화율 1일전,-0.000344,0.0041147727
원/달러 환율 변화율 1일전,0.003308,0.0031630653
원/달러 환율 변화율 1일전,0.0,0.0043085804
원/달러 환율 변화율 1일전,0.001064,0.0038715664
원/달러 환율 변화율 1일전,-0.004749,0.0029966068
원/달러 환율 변화율 1일전,-0.004954,0.0027612601
원/달러 환율 변화율 1일전,0.00411,0.0009255316
원/달러 환율 변화율 1일전,-0.001055,0.0045680245
원/달러 환율 변화율 1일전,0.007174,-0.016482202
원/달러 환율 변화율 1일전,-0.000447,0.0040044333
원/달러 환율 변화율 1일전,0.005112,-0.008154746
원/달러 환율 변화율 1일전,0.000765,0.0041698273
원/달러 환율 변화율 1일전,-0.003914,0.0028410093
원/달러 환율 변화율 1일전,0.0,0.0034405938
원/달러 환율 변화율 1일전,-0.008299,0.0023596762
원/달러 환율 변화율 1일전,0.006771,-0.015456231
원/달러 환율 변화율 1일전,-0.001454,0.004266928
원/달러 환율 변화율 1일전,0.001596,0.004206599
원/달러 환율 변화율 1일전,0.006689,-0.012679976
원/달러 환율 변화율 1일전,0.000507,0.0044857827
원/달러 환율 변화율 1일전,0.005781,-0.013563267
원/달러 환율 변화율 1일전,0.008135,-0.016816374
원/달러 환율 변화율 1일전,-0.003237,0.0026640072
원/달러 환율 변화율 1일전,0.0,0.004447633
원/달러 환율 변화율 1일전,0.008418,-0.019222582
원/달러 환율 변화율 1일전,-0.002233,0.00321753
원/달러 환율 변화율 1일전,-0.008271,0.0030739442
원/달러 환율 변화율 1일전,0.00448,-0.003651843
원/달러 환율 변화율 1일전,0.001089,0.003672882
원/달러 환율 변화율 1일전,0.004373,-7.766532e-05
원/달러 환율 변화율 1일전,0.003379,0.0033476525
원/달러 환율 변화율 1일전,-0.001229,0.0033570027
원/달러 환율 변화율 1일전,0.003467,0.003970761
원/달러 환율 변화율 1일전,-0.005366,0.0018539778
원/달러 환율 변화율 1일전,0.000252,0.0041292105
원/달러 환율 변화율 1일전,-0.000504,0.0049243304
원/달러 환율 변화율 1일전,9.5e-05,0.004015392
원/달러 환율 변화율 1일전,0.000981,0.0041276617
원/달러 환율 변화율 1일전,-0.002239,0.0025499521
원/달러 환율 변화율 1일전,0.004966,-0.009563271
원/달러 환율 변화율 1일전,-0.000265,0.004355486
원/달러 환율 변화율 1일전,-0.002471,0.002770903
원/달러 환율 변화율 1일전,0.000197,0.0041259243
원/달러 환율 변화율 1일전,0.00049,0.0041007195
원/달러 환율 변화율 1일전,0.000803,0.0040542153
원/달러 환율 변화율 1일전,0.004309,-0.0009899652
원/달러 환율 변화율 1일전,-0.006158,0.003591984
원/달러 환율 변화율 1일전,0.002628,0.003932908
원/달러 환율 변화율 1일전,0.001745,0.0044449377
원/달러 환율 변화율 1일전,-0.001247,0.0036479074
원/달러 환율 변화율 1일전,0.002749,0.003890351
원/달러 환율 변화율 1일전,0.001943,0.0043236106
원/달러 환율 변화율 1일전,0.000892,0.004242531
원/달러 환율 변화율 1일전,-0.025536,0.0029754152
원/달러 환율 변화율 1일전,-0.001704,0.0037211012
원/달러 환율 변화율 1일전,-0.005051,0.002567535
원/달러 환율 변화율 1일전,0.003864,0.0009951084
원/달러 환율 변화율 1일전,0.003564,0.0009876969
원/달러 환율 변화율 1일전,-6.9e-05,0.003932701
원/달러 환율 변화율 1일전,0.000298,0.004151283
원/달러 환율 변화율 1일전,0.001419,0.003799794
원/달러 환율 변화율 1일전,0.000359,0.0041364413
원/달러 환율 변화율 1일전,0.003247,0.0038930736
원/달러 환율 변화율 1일전,0.004449,-0.0052010464
원/달러 환율 변화율 1일전,0.005807,-0.016444802
원/달러 환율 변화율 1일전,0.00593,-0.017187443
원/달러 환율 변화율 1일전,-0.007786,0.002913959
원/달러 환율 변화율 1일전,0.003483,0.0037977686
원/달러 환율 변화율 1일전,0.003171,0.0044900733
원/달러 환율 변화율 1일전,0.002904,0.003712451
원/달러 환율 변화율 1일전,-0.008374,0.003322014
원/달러 환율 변화율 1일전,-0.001098,0.004434093
원/달러 환율 변화율 1일전,-0.00099,0.00452821
원/달러 환율 변화율 1일전,-0.014629,0.0023478956
원/달러 환율 변화율 1일전,-0.002803,0.0024249046
원/달러 환율 변화율 1일전,-0.000967,0.004181718
원/달러 환율 변화율 1일전,-0.001546,0.004200161
원/달러 환율 변화율 1일전,0.007442,-0.014432803
원/달러 환율 변화율 1일전,0.005206,-0.010221857
원/달러 환율 변화율 1일전,-0.002982,0.0018793999
원/달러 환율 변화율 1일전,0.007971,-0.01547166
원/달러 환율 변화율 1일전,0.002666,0.0030954725
원/달러 환율 변화율 1일전,-0.00026,0.0038083044
원/달러 환율 변화율 1일전,-0.003165,0.0029631085
원/달러 환율 변화율 1일전,-0.000892,0.0040973313
원/달러 환율 변화율 1일전,-0.006768,0.0031925058
원/달러 환율 변화율 1일전,-0.004948,0.0028228285
원/달러 환율 변화율 1일전,0.002153,0.0041577667
원/달러 환율 변화율 1일전,0.00106,0.0036913992
원/달러 환율 변화율 1일전,0.000498,0.0041603157
원/달러 환율 변화율 1일전,0.003425,0.0033931548
원/달러 환율 변화율 1일전,-0.002848,0.003386089
원/달러 환율 변화율 1일전,-0.002317,0.0027185595
원/달러 환율 변화율 1일전,-0.001504,0.003433148
원/달러 환율 변화율 1일전,-0.009254,0.0030251243
원/달러 환율 변화율 1일전,0.004344,0.000467822
원/달러 환율 변화율 1일전,0.004535,-0.00631175
원/달러 환율 변화율 1일전,-1.4e-05,0.0047264774
원/달러 환율 변화율 1일전,0.03181,-0.015506631
원/달러 환율 변화율 1일전,-0.015415,0.0029020598
원/달러 환율 변화율 1일전,0.014125,-0.01704919
원/달러 환율 변화율 1일전,-0.000256,0.0034543183
원/달러 환율 변화율 1일전,-0.003257,0.0030367665
원/달러 환율 변화율 1일전,-0.0087,0.0022164967
원/달러 환율 변화율 1일전,0.006586,-0.016721869
원/달러 환율 변화율 1일전,0.011438,-0.01734454
원/달러 환율 변화율 1일전,0.004739,-0.0062243547
원/달러 환율 변화율 1일전,-0.003916,0.002441286
원/달러 환율 변화율 1일전,-0.0029,0.0010301832
원/달러 환율 변화율 1일전,0.007732,-0.017031457
원/달러 환율 변화율 1일전,-0.002873,0.0021778038
원/달러 환율 변화율 1일전,0.005529,-0.011528762
원/달러 환율 변화율 1일전,-0.008031,0.0011539023
원/달러 환율 변화율 1일전,0.003271,0.0031602967
원/달러 환율 변화율 1일전,0.002251,0.002954772
원/달러 환율 변화율 1일전,0.002833,0.0040453714
원/달러 환율 변화율 1일전,0.003516,0.0033356894
원/달러 환율 변화율 1일전,0.005855,-0.01177955
